row,column,value
0,0,1.71429e+241
0,1,1.71429e+241
0,2,1.72121e+241
0,3,1.72895e+241
0,4,1.74029e+241
0,5,1.75364e+241
0,6,1.77013e+241
0,7,1.78915e+241
0,8,1.81124e+241
0,9,1.83621e+241
0,10,1.86435e+241
0,11,1.89569e+241
0,12,1.93042e+241
0,13,1.96866e+241
0,14,2.0106e+241
0,15,2.05639e+241
0,16,2.10624e+241
0,17,2.16034e+241
0,18,2.21892e+241
0,19,2.28222e+241
0,20,2.35047e+241
0,21,2.42394e+241
0,22,2.50292e+241
0,23,2.5877e+241
0,24,2.6786e+241
0,25,2.77594e+241
0,26,2.88007e+241
0,27,2.99137e+241
0,28,3.11021e+241
0,29,3.23701e+241
0,30,3.37219e+241
0,31,3.51618e+241
0,32,3.66947e+241
0,33,3.83252e+241
0,34,4.00585e+241
0,35,4.18998e+241
0,36,4.38546e+241
0,37,4.59285e+241
0,38,4.81276e+241
0,39,5.04577e+241
0,40,5.29254e+241
0,41,5.5537e+241
0,42,5.82993e+241
0,43,6.12193e+241
0,44,6.43039e+241
0,45,6.75605e+241
0,46,7.09966e+241
0,47,7.46197e+241
0,48,7.84377e+241
0,49,8.24584e+241
0,50,8.66898e+241
0,51,9.11401e+241
0,52,9.58175e+241
0,53,1.0073e+242
0,54,1.05887e+242
0,55,1.11295e+242
0,56,1.16964e+242
0,57,1.22901e+242
0,58,1.29115e+242
0,59,1.35613e+242
0,60,1.42404e+242
0,61,1.49496e+242
0,62,1.56895e+242
0,63,1.64609e+242
0,64,1.72645e+242
0,65,1.81008e+242
0,66,1.89706e+242
0,67,1.98744e+242
0,68,2.08126e+242
0,69,2.17857e+242
0,70,2.2794e+242
0,71,2.3838e+242
0,72,2.49176e+242
0,73,2.60332e+242
0,74,2.71848e+242
0,75,2.83722e+242
0,76,2.95954e+242
0,77,3.08541e+242
0,78,3.21479e+242
0,79,3.34763e+242
0,80,3.48386e+242
0,81,3.62342e+242
0,82,3.76622e+242
0,83,3.91214e+242
0,84,4.06108e+242
0,85,4.2129e+242
0,86,4.36746e+242
0,87,4.52459e+242
0,88,4.68412e+242
0,89,4.84586e+242
0,90,5.00959e+242
0,91,5.1751e+242
0,92,5.34213e+242
0,93,5.51045e+242
0,94,5.67979e+242
0,95,5.84985e+242
0,96,6.02035e+242
0,97,6.19097e+242
0,98,6.36139e+242
0,99,6.53129e+242
0,100,6.7003e+242
0,101,6.86809e+242
0,102,7.03428e+242
0,103,7.19851e+242
0,104,7.36039e+242
0,105,7.51955e+242
0,106,7.6756e+242
0,107,7.82814e+242
0,108,7.9768e+242
0,109,8.12118e+242
0,110,8.2609e+242
0,111,8.39557e+242
0,112,8.52482e+242
0,113,8.64828e+242
0,114,8.76558e+242
0,115,8.87639e+242
0,116,8.98036e+242
0,117,9.07716e+242
0,118,9.1665e+242
0,119,9.24809e+242
0,120,9.32164e+242
0,121,9.3869e+242
0,122,9.44364e+242
0,123,9.49166e+242
0,124,9.53072e+242
0,125,9.56075e+242
0,126,9.58135e+242
0,127,9.59317e+242
0,128,9.59317e+242
1,0,1.71429e+241
1,1,1.71429e+241
1,2,1.72121e+241
1,3,1.72895e+241
1,4,1.74029e+241
1,5,1.75364e+241
1,6,1.77013e+241
1,7,1.78915e+241
1,8,1.81124e+241
1,9,1.83621e+241
1,10,1.86435e+241
1,11,1.89569e+241
1,12,1.93042e+241
1,13,1.96866e+241
1,14,2.0106e+241
1,15,2.05639e+241
1,16,2.10624e+241
1,17,2.16034e+241
1,18,2.21892e+241
1,19,2.28222e+241
1,20,2.35047e+241
1,21,2.42394e+241
1,22,2.50292e+241
1,23,2.5877e+241
1,24,2.6786e+241
1,25,2.77594e+241
1,26,2.88007e+241
1,27,2.99137e+241
1,28,3.11021e+241
1,29,3.23701e+241
1,30,3.37219e+241
1,31,3.51618e+241
1,32,3.66947e+241
1,33,3.83252e+241
1,34,4.00585e+241
1,35,4.18998e+241
1,36,4.38546e+241
1,37,4.59285e+241
1,38,4.81276e+241
1,39,5.04577e+241
1,40,5.29254e+241
1,41,5.5537e+241
1,42,5.82993e+241
1,43,6.12193e+241
1,44,6.43039e+241
1,45,6.75605e+241
1,46,7.09966e+241
1,47,7.46197e+241
1,48,7.84377e+241
1,49,8.24584e+241
1,50,8.66898e+241
1,51,9.11401e+241
1,52,9.58175e+241
1,53,1.0073e+242
1,54,1.05887e+242
1,55,1.11295e+242
1,56,1.16964e+242
1,57,1.22901e+242
1,58,1.29115e+242
1,59,1.35613e+242
1,60,1.42404e+242
1,61,1.49496e+242
1,62,1.56895e+242
1,63,1.64609e+242
1,64,1.72645e+242
1,65,1.81008e+242
1,66,1.89706e+242
1,67,1.98744e+242
1,68,2.08126e+242
1,69,2.17857e+242
1,70,2.2794e+242
1,71,2.3838e+242
1,72,2.49176e+242
1,73,2.60332e+242
1,74,2.71848e+242
1,75,2.83722e+242
1,76,2.95954e+242
1,77,3.08541e+242
1,78,3.21479e+242
1,79,3.34763e+242
1,80,3.48386e+242
1,81,3.62342e+242
1,82,3.76622e+242
1,83,3.91214e+242
1,84,4.06108e+242
1,85,4.2129e+242
1,86,4.36746e+242
1,87,4.52459e+242
1,88,4.68412e+242
1,89,4.84586e+242
1,90,5.00959e+242
1,91,5.1751e+242
1,92,5.34213e+242
1,93,5.51045e+242
1,94,5.67979e+242
1,95,5.84985e+242
1,96,6.02035e+242
1,97,6.19097e+242
1,98,6.36139e+242
1,99,6.53129e+242
1,100,6.7003e+242
1,101,6.86809e+242
1,102,7.03428e+242
1,103,7.19851e+242
1,104,7.36039e+242
1,105,7.51955e+242
1,106,7.6756e+242
1,107,7.82814e+242
1,108,7.9768e+242
1,109,8.12118e+242
1,110,8.2609e+242
1,111,8.39557e+242
1,112,8.52482e+242
1,113,8.64828e+242
1,114,8.76558e+242
1,115,8.87639e+242
1,116,8.98036e+242
1,117,9.07716e+242
1,118,9.1665e+242
1,119,9.24809e+242
1,120,9.32164e+242
1,121,9.3869e+242
1,122,9.44364e+242
1,123,9.49166e+242
1,124,9.53072e+242
1,125,9.56075e+242
1,126,9.58135e+242
1,127,9.59317e+242
1,128,9.59317e+242
2,0,1.71991e+241
2,1,1.71991e+241
2,2,1.72691e+241
2,3,1.73476e+241
2,4,1.74624e+241
2,5,1.75978e+241
2,6,1.77649e+241
2,7,1.79579e+241
2,8,1.81818e+241
2,9,1.84351e+241
2,10,1.87205e+241
2,11,1.90383e+241
2,12,1.93906e+241
2,13,1.97785e+241
2,14,2.02038e+241
2,15,2.06684e+241
2,16,2.11741e+241
2,17,2.1723e+241
2,18,2.23174e+241
2,19,2.29596e+241
2,20,2.36522e+241
2,21,2.43979e+241
2,22,2.51995e+241
2,23,2.606e+241
2,24,2.69827e+241
2,25,2.79709e+241
2,26,2.90282e+241
2,27,3.01583e+241
2,28,3.13651e+241
2,29,3.26528e+241
2,30,3.40258e+241
2,31,3.54885e+241
2,32,3.70457e+241
2,33,3.87023e+241
2,34,4.04635e+241
2,35,4.23346e+241
2,36,4.43213e+241
2,37,4.64294e+241
2,38,4.86648e+241
2,39,5.10338e+241
2,40,5.35429e+241
2,41,5.61987e+241
2,42,5.90081e+241
2,43,6.19782e+241
2,44,6.51161e+241
2,45,6.84295e+241
2,46,7.19258e+241
2,47,7.56129e+241
2,48,7.94988e+241
2,49,8.35916e+241
2,50,8.78994e+241
2,51,9.24306e+241
2,52,9.71937e+241
2,53,1.02197e+242
2,54,1.07449e+242
2,55,1.12959e+242
2,56,1.18734e+242
2,57,1.24784e+242
2,58,1.31117e+242
2,59,1.3774e+242
2,60,1.44663e+242
2,61,1.51892e+242
2,62,1.59437e+242
2,63,1.67303e+242
2,64,1.75498e+242
2,65,1.84029e+242
2,66,1.92902e+242
2,67,2.02123e+242
2,68,2.11696e+242
2,69,2.21627e+242
2,70,2.31918e+242
2,71,2.42574e+242
2,72,2.53597e+242
2,73,2.64987e+242
2,74,2.76746e+242
2,75,2.88873e+242
2,76,3.01366e+242
2,77,3.14223e+242
2,78,3.2744e+242
2,79,3.41013e+242
2,80,3.54934e+242
2,81,3.69196e+242
2,82,3.83791e+242
2,83,3.98707e+242
2,84,4.13932e+242
2,85,4.29454e+242
2,86,4.45258e+242
2,87,4.61326e+242
2,88,4.77641e+242
2,89,4.94183e+242
2,90,5.10931e+242
2,91,5.27863e+242
2,92,5.44952e+242
2,93,5.62174e+242
2,94,5.79502e+242
2,95,5.96906e+242
2,96,6.14355e+242
2,97,6.31819e+242
2,98,6.49264e+242
2,99,6.66656e+242
2,100,6.83959e+242
2,101,7.01138e+242
2,102,7.18155e+242
2,103,7.34972e+242
2,104,7.5155e+242
2,105,7.6785e+242
2,106,7.83832e+242
2,107,7.99457e+242
2,108,8.14685e+242
2,109,8.29475e+242
2,110,8.43788e+242
2,111,8.57585e+242
2,112,8.70827e+242
2,113,8.83476e+242
2,114,8.95495e+242
2,115,9.06849e+242
2,116,9.17503e+242
2,117,9.27423e+242
2,118,9.36578e+242
2,119,9.44939e+242
2,120,9.52476e+242
2,121,9.59165e+242
2,122,9.64979e+242
2,123,9.699e+242
2,124,9.73903e+242
2,125,9.7698e+242
2,126,9.7909e+242
2,127,9.80301e+242
2,128,9.80301e+242
3,0,1.72575e+241
3,1,1.72575e+241
3,2,1.73285e+241
3,3,1.74083e+241
3,4,1.75251e+241
3,5,1.76627e+241
3,6,1.78327e+241
3,7,1.8029e+241
3,8,1.82568e+241
3,9,1.85145e+241
3,10,1.88048e+241
3,11,1.91283e+241
3,12,1.94868e+241
3,13,1.98816e+241
3,14,2.03145e+241
3,15,2.07874e+241
3,16,2.13022e+241
3,17,2.18611e+241
3,18,2.24663e+241
3,19,2.31204e+241
3,20,2.38258e+241
3,21,2.45853e+241
3,22,2.54019e+241
3,23,2.62787e+241
3,24,2.72189e+241
3,25,2.8226e+241
3,26,2.93037e+241
3,27,3.04557e+241
3,28,3.16862e+241
3,29,3.29994e+241
3,30,3.43996e+241
3,31,3.58917e+241
3,32,3.74804e+241
3,33,3.91708e+241
3,34,4.09683e+241
3,35,4.28783e+241
3,36,4.49066e+241
3,37,4.70593e+241
3,38,4.93424e+241
3,39,5.17624e+241
3,40,5.4326e+241
3,41,5.70401e+241
3,42,5.99116e+241
3,43,6.29479e+241
3,44,6.61566e+241
3,45,6.95452e+241
3,46,7.31218e+241
3,47,7.68943e+241
3,48,8.0871e+241
3,49,8.50602e+241
3,50,8.94705e+241
3,51,9.41105e+241
3,52,9.89889e+241
3,53,1.04114e+242
3,54,1.09496e+242
3,55,1.15143e+242
3,56,1.21063e+242
3,57,1.27266e+242
3,58,1.3376e+242
3,59,1.40554e+242
3,60,1.47656e+242
3,61,1.55075e+242
3,62,1.62818e+242
3,63,1.70894e+242
3,64,1.79309e+242
3,65,1.88071e+242
3,66,1.97185e+242
3,67,2.06659e+242
3,68,2.16497e+242
3,69,2.26705e+242
3,70,2.37285e+242
3,71,2.48243e+242
3,72,2.59579e+242
3,73,2.71297e+242
3,74,2.83395e+242
3,75,2.95875e+242
3,76,3.08735e+242
3,77,3.21972e+242
3,78,3.35582e+242
3,79,3.4956e+242
3,80,3.639e+242
3,81,3.78594e+242
3,82,3.93633e+242
3,83,4.09007e+242
3,84,4.24702e+242
3,85,4.40706e+242
3,86,4.57003e+242
3,87,4.73575e+242
3,88,4.90405e+242
3,89,5.07472e+242
3,90,5.24754e+242
3,91,5.42228e+242
3,92,5.59869e+242
3,93,5.77649e+242
3,94,5.9554e+242
3,95,6.13512e+242
3,96,6.31535e+242
3,97,6.49575e+242
3,98,6.67597e+242
3,99,6.85568e+242
3,100,7.03449e+242
3,101,7.21204e+242
3,102,7.38793e+242
3,103,7.56178e+242
3,104,7.73318e+242
3,105,7.90172e+242
3,106,8.067e+242
3,107,8.22859e+242
3,108,8.38609e+242
3,109,8.53908e+242
3,110,8.68715e+242
3,111,8.82989e+242
3,112,8.96691e+242
3,113,9.09779e+242
3,114,9.22217e+242
3,115,9.33967e+242
3,116,9.44993e+242
3,117,9.55261e+242
3,118,9.64737e+242
3,119,9.73391e+242
3,120,9.81194e+242
3,121,9.88118e+242
3,122,9.94137e+242
3,123,9.99232e+242
3,124,1.00338e+243
3,125,1.00656e+243
3,126,1.00875e+243
3,127,1.01e+243
3,128,1.01e+243
4,0,1.73412e+241
4,1,1.73412e+241
4,2,1.74137e+241
4,3,1.74953e+241
4,4,1.76146e+241
4,5,1.77554e+241
4,6,1.79292e+241
4,7,1.81299e+241
4,8,1.83629e+241
4,9,1.86266e+241
4,10,1.89237e+241
4,11,1.92547e+241
4,12,1.96215e+241
4,13,2.00256e+241
4,14,2.04688e+241
4,15,2.0953e+241
4,16,2.14801e+241
4,17,2.20525e+241
4,18,2.26725e+241
4,19,2.33425e+241
4,20,2.40652e+241
4,21,2.48436e+241
4,22,2.56806e+241
4,23,2.65795e+241
4,24,2.75435e+241
4,25,2.85764e+241
4,26,2.96818e+241
4,27,3.08639e+241
4,28,3.21266e+241
4,29,3.34745e+241
4,30,3.49122e+241
4,31,3.64444e+241
4,32,3.80762e+241
4,33,3.9813e+241
4,34,4.16602e+241
4,35,4.36236e+241
4,36,4.57091e+241
4,37,4.7923e+241
4,38,5.02717e+241
4,39,5.27619e+241
4,40,5.54006e+241
4,41,5.81948e+241
4,42,6.11521e+241
4,43,6.42799e+241
4,44,6.75861e+241
4,45,7.10788e+241
4,46,7.47663e+241
4,47,7.86568e+241
4,48,8.27591e+241
4,49,8.7082e+241
4,50,9.16342e+241
4,51,9.6425e+241
4,52,1.01463e+242
4,53,1.06759e+242
4,54,1.1232e+242
4,55,1.18157e+242
4,56,1.24279e+242
4,57,1.30694e+242
4,58,1.37413e+242
4,59,1.44445e+242
4,60,1.51797e+242
4,61,1.59479e+242
4,62,1.675e+242
4,63,1.75868e+242
4,64,1.8459e+242
4,65,1.93673e+242
4,66,2.03126e+242
4,67,2.12953e+242
4,68,2.23162e+242
4,69,2.33757e+242
4,70,2.44742e+242
4,71,2.56122e+242
4,72,2.67898e+242
4,73,2.80074e+242
4,74,2.9265e+242
4,75,3.05625e+242
4,76,3.18998e+242
4,77,3.32768e+242
4,78,3.46929e+242
4,79,3.61478e+242
4,80,3.76407e+242
4,81,3.91708e+242
4,82,4.07373e+242
4,83,4.2339e+242
4,84,4.39747e+242
4,85,4.56429e+242
4,86,4.7342e+242
4,87,4.90703e+242
4,88,5.08259e+242
4,89,5.26066e+242
4,90,5.44102e+242
4,91,5.62341e+242
4,92,5.80759e+242
4,93,5.99326e+242
4,94,6.18013e+242
4,95,6.36789e+242
4,96,6.55621e+242
4,97,6.74475e+242
4,98,6.93315e+242
4,99,7.12103e+242
4,100,7.30801e+242
4,101,7.49371e+242
4,102,7.6777e+242
4,103,7.85959e+242
4,104,8.03894e+242
4,105,8.21533e+242
4,106,8.38833e+242
4,107,8.5575e+242
4,108,8.7224e+242
4,109,8.8826e+242
4,110,9.03767e+242
4,111,9.18718e+242
4,112,9.3307e+242
4,113,9.46782e+242
4,114,9.59814e+242
4,115,9.72126e+242
4,116,9.8368e+242
4,117,9.9444e+242
4,118,1.00437e+243
4,119,1.01344e+243
4,120,1.02162e+243
4,121,1.02888e+243
4,122,1.03519e+243
4,123,1.04053e+243
4,124,1.04487e+243
4,125,1.04821e+243
4,126,1.0505e+243
4,127,1.05182e+243
4,128,1.05182e+243
5,0,1.74371e+241
5,1,1.74371e+241
5,2,1.75113e+241
5,3,1.75952e+241
5,4,1.77176e+241
5,5,1.78623e+241
5,6,1.80408e+241
5,7,1.82471e+241
5,8,1.84865e+241
5,9,1.87575e+241
5,10,1.90629e+241
5,11,1.94032e+241
5,12,1.97805e+241
5,13,2.01961e+241
5,14,2.0652e+241
5,15,2.11501e+241
5,16,2.16926e+241
5,17,2.22817e+241
5,18,2.29199e+241
5,19,2.36097e+241
5,20,2.43541e+241
5,21,2.51559e+241
5,22,2.60183e+241
5,23,2.69446e+241
5,24,2.79384e+241
5,25,2.90033e+241
5,26,3.01434e+241
5,27,3.13628e+241
5,28,3.26659e+241
5,29,3.40572e+241
5,30,3.55416e+241
5,31,3.7124e+241
5,32,3.88099e+241
5,33,4.06047e+241
5,34,4.25143e+241
5,35,4.45445e+241
5,36,4.67018e+241
5,37,4.89926e+241
5,38,5.14237e+241
5,39,5.40022e+241
5,40,5.67352e+241
5,41,5.96304e+241
5,42,6.26956e+241
5,43,6.59387e+241
5,44,6.9368e+241
5,45,7.29919e+241
5,46,7.68193e+241
5,47,8.0859e+241
5,48,8.512e+241
5,49,8.96118e+241
5,50,9.43437e+241
5,51,9.93253e+241
5,52,1.04566e+242
5,53,1.10077e+242
5,54,1.15866e+242
5,55,1.21944e+242
5,56,1.28321e+242
5,57,1.35007e+242
5,58,1.42012e+242
5,59,1.49345e+242
5,60,1.57016e+242
5,61,1.65034e+242
5,62,1.73408e+242
5,63,1.82147e+242
5,64,1.9126e+242
5,65,2.00754e+242
5,66,2.10637e+242
5,67,2.20916e+242
5,68,2.31597e+242
5,69,2.42687e+242
5,70,2.54189e+242
5,71,2.66108e+242
5,72,2.78448e+242
5,73,2.91209e+242
5,74,3.04395e+242
5,75,3.18004e+242
5,76,3.32036e+242
5,77,3.46488e+242
5,78,3.61356e+242
5,79,3.76636e+242
5,80,3.9232e+242
5,81,4.08401e+242
5,82,4.24869e+242
5,83,4.41713e+242
5,84,4.58918e+242
5,85,4.76472e+242
5,86,4.94356e+242
5,87,5.12553e+242
5,88,5.31042e+242
5,89,5.49801e+242
5,90,5.68806e+242
5,91,5.88032e+242
5,92,6.0745e+242
5,93,6.27032e+242
5,94,6.46745e+242
5,95,6.66556e+242
5,96,6.86432e+242
5,97,7.06335e+242
5,98,7.26229e+242
5,99,7.46072e+242
5,100,7.65825e+242
5,101,7.85446e+242
5,102,8.04892e+242
5,103,8.24118e+242
5,104,8.43081e+242
5,105,8.61734e+242
5,106,8.80031e+242
5,107,8.97927e+242
5,108,9.15374e+242
5,109,9.32327e+242
5,110,9.48739e+242
5,111,9.64564e+242
5,112,9.79758e+242
5,113,9.94277e+242
5,114,1.00808e+243
5,115,1.02112e+243
5,116,1.03335e+243
5,117,1.04475e+243
5,118,1.05527e+243
5,119,1.06488e+243
5,120,1.07355e+243
5,121,1.08124e+243
5,122,1.08792e+243
5,123,1.09358e+243
5,124,1.09819e+243
5,125,1.10172e+243
5,126,1.10415e+243
5,127,1.10554e+243
5,128,1.10554e+243
6,0,1.75544e+241
6,1,1.75544e+241
6,2,1.76307e+241
6,3,1.77173e+241
6,4,1.78434e+241
6,5,1.79928e+241
6,6,1.8177e+241
6,7,1.83899e+241
6,8,1.86371e+241
6,9,1.8917e+241
6,10,1.92324e+241
6,11,1.95839e+241
6,12,1.99737e+241
6,13,2.04032e+241
6,14,2.08744e+241
6,15,2.13894e+241
6,16,2.19504e+241
6,17,2.25597e+241
6,18,2.32199e+241
6,19,2.39338e+241
6,20,2.47042e+241
6,21,2.55343e+241
6,22,2.64274e+241
6,23,2.7387e+241
6,24,2.84167e+241
6,25,2.95206e+241
6,26,3.07027e+241
6,27,3.19674e+241
6,28,3.33193e+241
6,29,3.47632e+241
6,30,3.63042e+241
6,31,3.79477e+241
6,32,3.96992e+241
6,33,4.15646e+241
6,34,4.35499e+241
6,35,4.56615e+241
6,36,4.7906e+241
6,37,5.02904e+241
6,38,5.28218e+241
6,39,5.55077e+241
6,40,5.83557e+241
6,41,6.1374e+241
6,42,6.45707e+241
6,43,6.79544e+241
6,44,7.15339e+241
6,45,7.53181e+241
6,46,7.93164e+241
6,47,8.35382e+241
6,48,8.79933e+241
6,49,9.26916e+241
6,50,9.76432e+241
6,51,1.02858e+242
6,52,1.08347e+242
6,53,1.14121e+242
6,54,1.20189e+242
6,55,1.26564e+242
6,56,1.33254e+242
6,57,1.40272e+242
6,58,1.47627e+242
6,59,1.5533e+242
6,60,1.63391e+242
6,61,1.71821e+242
6,62,1.8063e+242
6,63,1.89826e+242
6,64,1.99419e+242
6,65,2.09418e+242
6,66,2.19831e+242
6,67,2.30666e+242
6,68,2.41929e+242
6,69,2.53628e+242
6,70,2.65767e+242
6,71,2.78351e+242
6,72,2.91385e+242
6,73,3.0487e+242
6,74,3.18808e+242
6,75,3.33199e+242
6,76,3.48044e+242
6,77,3.63338e+242
6,78,3.7908e+242
6,79,3.95263e+242
6,80,4.11881e+242
6,81,4.28926e+242
6,82,4.46387e+242
6,83,4.64253e+242
6,84,4.82509e+242
6,85,5.01141e+242
6,86,5.20131e+242
6,87,5.3946e+242
6,88,5.59105e+242
6,89,5.79044e+242
6,90,5.99251e+242
6,91,6.19699e+242
6,92,6.40358e+242
6,93,6.61197e+242
6,94,6.82183e+242
6,95,7.0328e+242
6,96,7.24451e+242
6,97,7.45657e+242
6,98,7.66859e+242
6,99,7.88013e+242
6,100,8.09076e+242
6,101,8.30003e+242
6,102,8.50749e+242
6,103,8.71266e+242
6,104,8.91505e+242
6,105,9.11418e+242
6,106,9.30956e+242
6,107,9.50069e+242
6,108,9.68707e+242
6,109,9.86819e+242
6,110,1.00436e+243
6,111,1.02127e+243
6,112,1.03751e+243
6,113,1.05304e+243
6,114,1.06779e+243
6,115,1.08174e+243
6,116,1.09482e+243
6,117,1.10702e+243
6,118,1.11827e+243
6,119,1.12855e+243
6,120,1.13782e+243
6,121,1.14605e+243
6,122,1.15321e+243
6,123,1.15927e+243
6,124,1.16419e+243
6,125,1.16798e+243
6,126,1.17058e+243
6,127,1.17206e+243
6,128,1.17206e+243
7,0,1.76878e+241
7,1,1.76878e+241
7,2,1.77666e+241
7,3,1.78564e+241
7,4,1.79869e+241
7,5,1.81417e+241
7,6,1.83325e+241
7,7,1.85533e+241
7,8,1.88095e+241
7,9,1.90997e+241
7,10,1.94269e+241
7,11,1.97916e+241
7,12,2.0196e+241
7,13,2.06418e+241
7,14,2.1131e+241
7,15,2.16657e+241
7,16,2.22483e+241
7,17,2.28813e+241
7,18,2.35674e+241
7,19,2.43095e+241
7,20,2.51105e+241
7,21,2.59739e+241
7,22,2.69031e+241
7,23,2.79018e+241
7,24,2.89739e+241
7,25,3.01235e+241
7,26,3.1355e+241
7,27,3.26731e+241
7,28,3.40826e+241
7,29,3.55886e+241
7,30,3.71965e+241
7,31,3.8912e+241
7,32,4.07409e+241
7,33,4.26896e+241
7,34,4.47644e+241
7,35,4.69721e+241
7,36,4.93199e+241
7,37,5.1815e+241
7,38,5.44652e+241
7,39,5.72783e+241
7,40,6.02626e+241
7,41,6.34268e+241
7,42,6.67795e+241
7,43,7.033e+241
7,44,7.40876e+241
7,45,7.80621e+241
7,46,8.22634e+241
7,47,8.67017e+241
7,48,9.13875e+241
7,49,9.63315e+241
7,50,1.01544e+242
7,51,1.07037e+242
7,52,1.12822e+242
7,53,1.18909e+242
7,54,1.2531e+242
7,55,1.32037e+242
7,56,1.39101e+242
7,57,1.46514e+242
7,58,1.54288e+242
7,59,1.62433e+242
7,60,1.70961e+242
7,61,1.79883e+242
7,62,1.8921e+242
7,63,1.98952e+242
7,64,2.0912e+242
7,65,2.19723e+242
7,66,2.30771e+242
7,67,2.42271e+242
7,68,2.54231e+242
7,69,2.6666e+242
7,70,2.79562e+242
7,71,2.92944e+242
7,72,3.06809e+242
7,73,3.21161e+242
7,74,3.36002e+242
7,75,3.51333e+242
7,76,3.67153e+242
7,77,3.8346e+242
7,78,4.0025e+242
7,79,4.17519e+242
7,80,4.3526e+242
7,81,4.53463e+242
7,82,4.72119e+242
7,83,4.91215e+242
7,84,5.10736e+242
7,85,5.30666e+242
7,86,5.50987e+242
7,87,5.71678e+242
7,88,5.92717e+242
7,89,6.14077e+242
7,90,6.35733e+242
7,91,6.57655e+242
7,92,6.7981e+242
7,93,7.02167e+242
7,94,7.24688e+242
7,95,7.47335e+242
7,96,7.7007e+242
7,97,7.9285e+242
7,98,8.15631e+242
7,99,8.38368e+242
7,100,8.61013e+242
7,101,8.8352e+242
7,102,9.05836e+242
7,103,9.27912e+242
7,104,9.49695e+242
7,105,9.71132e+242
7,106,9.92171e+242
7,107,1.01276e+243
7,108,1.03283e+243
7,109,1.05235e+243
7,110,1.07125e+243
7,111,1.08948e+243
7,112,1.10699e+243
7,113,1.12373e+243
7,114,1.13964e+243
7,115,1.15468e+243
7,116,1.1688e+243
7,117,1.18196e+243
7,118,1.1941e+243
7,119,1.2052e+243
7,120,1.2152e+243
7,121,1.22408e+243
7,122,1.23181e+243
7,123,1.23834e+243
7,124,1.24366e+243
7,125,1.24775e+243
7,126,1.25055e+243
7,127,1.25216e+243
7,128,1.25216e+243
8,0,1.78416e+241
8,1,1.78416e+241
8,2,1.79231e+241
8,3,1.80167e+241
8,4,1.81521e+241
8,5,1.83133e+241
8,6,1.85117e+241
8,7,1.87415e+241
8,8,1.90082e+241
8,9,1.93103e+241
8,10,1.9651e+241
8,11,2.00309e+241
8,12,2.04522e+241
8,13,2.09168e+241
8,14,2.14267e+241
8,15,2.19842e+241
8,16,2.25918e+241
8,17,2.32522e+241
8,18,2.39681e+241
8,19,2.47428e+241
8,20,2.55793e+241
8,21,2.64811e+241
8,22,2.74521e+241
8,23,2.8496e+241
8,24,2.96171e+241
8,25,3.08197e+241
8,26,3.21085e+241
8,27,3.34884e+241
8,28,3.49646e+241
8,29,3.65426e+241
8,30,3.82281e+241
8,31,4.00271e+241
8,32,4.1946e+241
8,33,4.39914e+241
8,34,4.61702e+241
8,35,4.84897e+241
8,36,5.09575e+241
8,37,5.35814e+241
8,38,5.63697e+241
8,39,5.9331e+241
8,40,6.2474e+241
8,41,6.5808e+241
8,42,6.93426e+241
8,43,7.30875e+241
8,44,7.70529e+241
8,45,8.12494e+241
8,46,8.56876e+241
8,47,9.03786e+241
8,48,9.53338e+241
8,49,1.00565e+242
8,50,1.06083e+242
8,51,1.11901e+242
8,52,1.18031e+242
8,53,1.24485e+242
8,54,1.31275e+242
8,55,1.38415e+242
8,56,1.45917e+242
8,57,1.53793e+242
8,58,1.62057e+242
8,59,1.7072e+242
8,60,1.79795e+242
8,61,1.89295e+242
8,62,1.99231e+242
8,63,2.09614e+242
8,64,2.20457e+242
8,65,2.3177e+242
8,66,2.43562e+242
8,67,2.55844e+242
8,68,2.68625e+242
8,69,2.81911e+242
8,70,2.95712e+242
8,71,3.10032e+242
8,72,3.24877e+242
8,73,3.4025e+242
8,74,3.56155e+242
8,75,3.72593e+242
8,76,3.89563e+242
8,77,4.07063e+242
8,78,4.25091e+242
8,79,4.43641e+242
8,80,4.62706e+242
8,81,4.82277e+242
8,82,5.02344e+242
8,83,5.22892e+242
8,84,5.43908e+242
8,85,5.65373e+242
8,86,5.87268e+242
8,87,6.09571e+242
8,88,6.32257e+242
8,89,6.55299e+242
8,90,6.78669e+242
8,91,7.02335e+242
8,92,7.26263e+242
8,93,7.50416e+242
8,94,7.74756e+242
8,95,7.99241e+242
8,96,8.23829e+242
8,97,8.48473e+242
8,98,8.73127e+242
8,99,8.97741e+242
8,100,9.22264e+242
8,101,9.46643e+242
8,102,9.70824e+242
8,103,9.9475e+242
8,104,1.01837e+243
8,105,1.04161e+243
8,106,1.06443e+243
8,107,1.08677e+243
8,108,1.10855e+243
8,109,1.12974e+243
8,110,1.15026e+243
8,111,1.17005e+243
8,112,1.18907e+243
8,113,1.20725e+243
8,114,1.22454e+243
8,115,1.24088e+243
8,116,1.25623e+243
8,117,1.27053e+243
8,118,1.28373e+243
8,119,1.29579e+243
8,120,1.30667e+243
8,121,1.31633e+243
8,122,1.32473e+243
8,123,1.33184e+243
8,124,1.33762e+243
8,125,1.34206e+243
8,126,1.34512e+243
8,127,1.34686e+243
8,128,1.34686e+243
9,0,1.8014e+241
9,1,1.8014e+241
9,2,1.80987e+241
9,3,1.81965e+241
9,4,1.83376e+241
9,5,1.85058e+241
9,6,1.87129e+241
9,7,1.89529e+241
9,8,1.92315e+241
9,9,1.95472e+241
9,10,1.99032e+241
9,11,2.03003e+241
9,12,2.07409e+241
9,13,2.12268e+241
9,14,2.17603e+241
9,15,2.23437e+241
9,16,2.29798e+241
9,17,2.36713e+241
9,18,2.44213e+241
9,19,2.5233e+241
9,20,2.61099e+241
9,21,2.70556e+241
9,22,2.80742e+241
9,23,2.91697e+241
9,24,3.03467e+241
9,25,3.16098e+241
9,26,3.2964e+241
9,27,3.44146e+241
9,28,3.59671e+241
9,29,3.76273e+241
9,30,3.94016e+241
9,31,4.12962e+241
9,32,4.3318e+241
9,33,4.54742e+241
9,34,4.77721e+241
9,35,5.02197e+241
9,36,5.2825e+241
9,37,5.55967e+241
9,38,5.85435e+241
9,39,6.16747e+241
9,40,6.49999e+241
9,41,6.85291e+241
9,42,7.22725e+241
9,43,7.6241e+241
9,44,8.04454e+241
9,45,8.48971e+241
9,46,8.9608e+241
9,47,9.45899e+241
9,48,9.98553e+241
9,49,1.05417e+242
9,50,1.11287e+242
9,51,1.1748e+242
9,52,1.24008e+242
9,53,1.30885e+242
9,54,1.38125e+242
9,55,1.45742e+242
9,56,1.53749e+242
9,57,1.62161e+242
9,58,1.70991e+242
9,59,1.80253e+242
9,60,1.89961e+242
9,61,2.00129e+242
9,62,2.1077e+242
9,63,2.21896e+242
9,64,2.3352e+242
9,65,2.45655e+242
9,66,2.58311e+242
9,67,2.715e+242
9,68,2.85231e+242
9,69,2.99514e+242
9,70,3.14357e+242
9,71,3.29766e+242
9,72,3.45749e+242
9,73,3.62309e+242
9,74,3.79451e+242
9,75,3.97175e+242
9,76,4.15482e+242
9,77,4.34372e+242
9,78,4.53839e+242
9,79,4.73881e+242
9,80,4.94488e+242
9,81,5.15652e+242
9,82,5.37362e+242
9,83,5.59604e+242
9,84,5.82362e+242
9,85,6.05616e+242
9,86,6.29347e+242
9,87,6.5353e+242
9,88,6.78139e+242
9,89,7.03145e+242
9,90,7.28517e+242
9,91,7.54221e+242
9,92,7.80219e+242
9,93,8.06471e+242
9,94,8.32937e+242
9,95,8.59571e+242
9,96,8.86325e+242
9,97,9.13151e+242
9,98,9.39997e+242
9,99,9.66808e+242
9,100,9.93528e+242
9,101,1.0201e+243
9,102,1.04646e+243
9,103,1.07256e+243
9,104,1.09832e+243
9,105,1.12369e+243
9,106,1.14859e+243
9,107,1.17298e+243
9,108,1.19677e+243
9,109,1.21991e+243
9,110,1.24233e+243
9,111,1.26396e+243
9,112,1.28475e+243
9,113,1.30462e+243
9,114,1.32352e+243
9,115,1.34139e+243
9,116,1.35818e+243
9,117,1.37382e+243
9,118,1.38826e+243
9,119,1.40146e+243
9,120,1.41336e+243
9,121,1.42393e+243
9,122,1.43312e+243
9,123,1.4409e+243
9,124,1.44723e+243
9,125,1.4521e+243
9,126,1.45544e+243
9,127,1.45735e+243
9,128,1.45735e+243
10,0,1.82071e+241
10,1,1.82071e+241
10,2,1.82954e+241
10,3,1.83978e+241
10,4,1.85453e+241
10,5,1.87216e+241
10,6,1.89384e+241
10,7,1.91899e+241
10,8,1.94818e+241
10,9,1.98127e+241
10,10,2.01861e+241
10,11,2.06026e+241
10,12,2.10648e+241
10,13,2.15747e+241
10,14,2.21347e+241
10,15,2.27474e+241
10,16,2.34155e+241
10,17,2.41421e+241
10,18,2.49305e+241
10,19,2.5784e+241
10,20,2.67064e+241
10,21,2.77017e+241
10,22,2.87739e+241
10,23,2.99278e+241
10,24,3.11679e+241
10,25,3.24993e+241
10,26,3.39275e+241
10,27,3.5458e+241
10,28,3.70968e+241
10,29,3.88502e+241
10,30,4.07249e+241
10,31,4.27278e+241
10,32,4.48662e+241
10,33,4.71479e+241
10,34,4.9581e+241
10,35,5.21738e+241
10,36,5.49353e+241
10,37,5.78747e+241
10,38,6.10015e+241
10,39,6.43258e+241
10,40,6.78581e+241
10,41,7.16092e+241
10,42,7.55903e+241
10,43,7.9813e+241
10,44,8.42894e+241
10,45,8.90319e+241
10,46,9.40534e+241
10,47,9.93669e+241
10,48,1.04986e+242
10,49,1.10924e+242
10,50,1.17197e+242
10,51,1.23817e+242
10,52,1.308e+242
10,53,1.3816e+242
10,54,1.45914e+242
10,55,1.54076e+242
10,56,1.62661e+242
10,57,1.71685e+242
10,58,1.81163e+242
10,59,1.91111e+242
10,60,2.01544e+242
10,61,2.12478e+242
10,62,2.23926e+242
10,63,2.35903e+242
10,64,2.48424e+242
10,65,2.61502e+242
10,66,2.7515e+242
10,67,2.89379e+242
10,68,3.04202e+242
10,69,3.19629e+242
10,70,3.3567e+242
10,71,3.52332e+242
10,72,3.69623e+242
10,73,3.87548e+242
10,74,4.06112e+242
10,75,4.25318e+242
10,76,4.45165e+242
10,77,4.65654e+242
10,78,4.86781e+242
10,79,5.08541e+242
10,80,5.30927e+242
10,81,5.53929e+242
10,82,5.77535e+242
10,83,6.01731e+242
10,84,6.26499e+242
10,85,6.5182e+242
10,86,6.77671e+242
10,87,7.04027e+242
10,88,7.30859e+242
10,89,7.58135e+242
10,90,7.85822e+242
10,91,8.13882e+242
10,92,8.42276e+242
10,93,8.70959e+242
10,94,8.99886e+242
10,95,9.29007e+242
10,96,9.58272e+242
10,97,9.87625e+242
10,98,1.01701e+243
10,99,1.04637e+243
10,100,1.07563e+243
10,101,1.10475e+243
10,102,1.13364e+243
10,103,1.16225e+243
10,104,1.19051e+243
10,105,1.21833e+243
10,106,1.24566e+243
10,107,1.27243e+243
10,108,1.29855e+243
10,109,1.32396e+243
10,110,1.34858e+243
10,111,1.37235e+243
10,112,1.39519e+243
10,113,1.41703e+243
10,114,1.43781e+243
10,115,1.45746e+243
10,116,1.47591e+243
10,117,1.49311e+243
10,118,1.509e+243
10,119,1.52351e+243
10,120,1.53661e+243
10,121,1.54824e+243
10,122,1.55835e+243
10,123,1.56692e+243
10,124,1.57388e+243
10,125,1.57924e+243
10,126,1.58291e+243
10,127,1.58502e+243
10,128,1.58502e+243
11,0,1.84208e+241
11,1,1.84208e+241
11,2,1.8513e+241
11,3,1.86207e+241
11,4,1.87753e+241
11,5,1.89605e+241
11,6,1.91882e+241
11,7,1.94525e+241
11,8,1.97592e+241
11,9,2.01072e+241
11,10,2.04997e+241
11,11,2.09379e+241
11,12,2.14243e+241
11,13,2.19609e+241
11,14,2.25506e+241
11,15,2.31959e+241
11,16,2.38999e+241
11,17,2.46657e+241
11,18,2.54969e+241
11,19,2.63972e+241
11,20,2.73706e+241
11,21,2.84212e+241
11,22,2.95537e+241
11,23,3.07728e+241
11,24,3.20836e+241
11,25,3.34917e+241
11,26,3.50027e+241
11,27,3.66228e+241
11,28,3.83585e+241
11,29,4.02164e+241
11,30,4.22039e+241
11,31,4.43284e+241
11,32,4.65979e+241
11,33,4.90208e+241
11,34,5.16058e+241
11,35,5.43621e+241
11,36,5.72993e+241
11,37,6.04275e+241
11,38,6.37571e+241
11,39,6.72991e+241
11,40,7.10648e+241
11,41,7.50661e+241
11,42,7.93153e+241
11,43,8.38251e+241
11,44,8.86086e+241
11,45,9.36796e+241
11,46,9.9052e+241
11,47,1.0474e+242
11,48,1.10759e+242
11,49,1.17125e+242
11,50,1.23851e+242
11,51,1.30956e+242
11,52,1.38454e+242
11,53,1.46362e+242
11,54,1.54698e+242
11,55,1.63477e+242
11,56,1.72718e+242
11,57,1.82437e+242
11,58,1.92651e+242
11,59,2.03379e+242
11,60,2.14635e+242
11,61,2.26438e+242
11,62,2.38805e+242
11,63,2.51751e+242
11,64,2.65291e+242
11,65,2.79443e+242
11,66,2.94219e+242
11,67,3.09635e+242
11,68,3.25702e+242
11,69,3.42434e+242
11,70,3.5984e+242
11,71,3.77931e+242
11,72,3.96715e+242
11,73,4.16199e+242
11,74,4.36388e+242
11,75,4.57285e+242
11,76,4.78893e+242
11,77,5.0121e+242
11,78,5.24234e+242
11,79,5.4796e+242
11,80,5.72381e+242
11,81,5.97486e+242
11,82,6.23264e+242
11,83,6.49698e+242
11,84,6.76771e+242
11,85,7.04461e+242
11,86,7.32743e+242
11,87,7.61591e+242
11,88,7.90972e+242
11,89,8.20854e+242
11,90,8.51199e+242
11,91,8.81965e+242
11,92,9.1311e+242
11,93,9.44586e+242
11,94,9.76341e+242
11,95,1.00832e+243
11,96,1.04047e+243
11,97,1.07273e+243
11,98,1.10504e+243
11,99,1.13733e+243
11,100,1.16953e+243
11,101,1.20157e+243
11,102,1.23338e+243
11,103,1.26488e+243
11,104,1.29601e+243
11,105,1.32667e+243
11,106,1.35679e+243
11,107,1.3863e+243
11,108,1.41511e+243
11,109,1.44313e+243
11,110,1.4703e+243
11,111,1.49653e+243
11,112,1.52174e+243
11,113,1.54585e+243
11,114,1.56879e+243
11,115,1.59049e+243
11,116,1.61088e+243
11,117,1.62988e+243
11,118,1.64743e+243
11,119,1.66347e+243
11,120,1.67795e+243
11,121,1.6908e+243
11,122,1.70198e+243
11,123,1.71144e+243
11,124,1.71915e+243
11,125,1.72507e+243
11,126,1.72913e+243
11,127,1.73145e+243
11,128,1.73145e+243
12,0,1.86563e+241
12,1,1.86563e+241
12,2,1.87529e+241
12,3,1.88663e+241
12,4,1.90288e+241
12,5,1.92239e+241
12,6,1.94635e+241
12,7,1.9742e+241
12,8,2.00652e+241
12,9,2.0432e+241
12,10,2.08459e+241
12,11,2.1308e+241
12,12,2.18212e+241
12,13,2.23876e+241
12,14,2.30101e+241
12,15,2.36916e+241
12,16,2.44353e+241
12,17,2.52448e+241
12,18,2.61236e+241
12,19,2.70758e+241
12,20,2.81058e+241
12,21,2.9218e+241
12,22,3.04174e+241
12,23,3.17091e+241
12,24,3.30987e+241
12,25,3.45921e+241
12,26,3.61954e+241
12,27,3.79154e+241
12,28,3.9759e+241
12,29,4.17335e+241
12,30,4.38468e+241
12,31,4.61071e+241
12,32,4.8523e+241
12,33,5.11035e+241
12,34,5.38583e+241
12,35,5.67974e+241
12,36,5.99311e+241
12,37,6.32705e+241
12,38,6.68271e+241
12,39,7.06128e+241
12,40,7.464e+241
12,41,7.89217e+241
12,42,8.34715e+241
12,43,8.83032e+241
12,44,9.34314e+241
12,45,9.8871e+241
12,46,1.04638e+242
12,47,1.10747e+242
12,48,1.17216e+242
12,49,1.2406e+242
12,50,1.31298e+242
12,51,1.38947e+242
12,52,1.47026e+242
12,53,1.55551e+242
12,54,1.64542e+242
12,55,1.74018e+242
12,56,1.83998e+242
12,57,1.94501e+242
12,58,2.05546e+242
12,59,2.17152e+242
12,60,2.29339e+242
12,61,2.42125e+242
12,62,2.55529e+242
12,63,2.6957e+242
12,64,2.84264e+242
12,65,2.9963e+242
12,66,3.15685e+242
12,67,3.32443e+242
12,68,3.4992e+242
12,69,3.68129e+242
12,70,3.87084e+242
12,71,4.06795e+242
12,72,4.27273e+242
12,73,4.48526e+242
12,74,4.70559e+242
12,75,4.93379e+242
12,76,5.16986e+242
12,77,5.41381e+242
12,78,5.66562e+242
12,79,5.92525e+242
12,80,6.19261e+242
12,81,6.46761e+242
12,82,6.75011e+242
12,83,7.03995e+242
12,84,7.33693e+242
12,85,7.64083e+242
12,86,7.95137e+242
12,87,8.26826e+242
12,88,8.59117e+242
12,89,8.91972e+242
12,90,9.25351e+242
12,91,9.59208e+242
12,92,9.93496e+242
12,93,1.02816e+243
12,94,1.06315e+243
12,95,1.0984e+243
12,96,1.13385e+243
12,97,1.16944e+243
12,98,1.20509e+243
12,99,1.24073e+243
12,100,1.27629e+243
12,101,1.31168e+243
12,102,1.34683e+243
12,103,1.38165e+243
12,104,1.41606e+243
12,105,1.44998e+243
12,106,1.4833e+243
12,107,1.51595e+243
12,108,1.54784e+243
12,109,1.57887e+243
12,110,1.60895e+243
12,111,1.638e+243
12,112,1.66593e+243
12,113,1.69266e+243
12,114,1.71809e+243
12,115,1.74214e+243
12,116,1.76474e+243
12,117,1.78581e+243
12,118,1.80527e+243
12,119,1.82307e+243
12,120,1.83912e+243
12,121,1.85338e+243
12,122,1.86578e+243
12,123,1.87629e+243
12,124,1.88483e+243
12,125,1.8914e+243
12,126,1.89591e+243
12,127,1.89849e+243
12,128,1.89849e+243
13,0,1.89141e+241
13,1,1.89141e+241
13,2,1.90156e+241
13,3,1.91354e+241
13,4,1.93065e+241
13,5,1.95125e+241
13,6,1.97653e+241
13,7,2.00594e+241
13,8,2.04007e+241
13,9,2.07883e+241
13,10,2.12257e+241
13,11,2.17142e+241
13,12,2.22569e+241
13,13,2.2856e+241
13,14,2.35148e+241
13,15,2.42362e+241
13,16,2.50239e+241
13,17,2.58814e+241
13,18,2.68128e+241
13,19,2.78225e+241
13,20,2.8915e+241
13,21,3.00953e+241
13,22,3.13687e+241
13,23,3.27408e+241
13,24,3.42175e+241
13,25,3.58054e+241
13,26,3.7511e+241
13,27,3.93417e+241
13,28,4.1305e+241
13,29,4.34088e+241
13,30,4.56618e+241
13,31,4.80727e+241
13,32,5.06511e+241
13,33,5.34069e+241
13,34,5.63504e+241
13,35,5.94926e+241
13,36,6.2845e+241
13,37,6.64196e+241
13,38,7.02289e+241
13,39,7.4286e+241
13,40,7.86047e+241
13,41,8.31991e+241
13,42,8.80841e+241
13,43,9.32751e+241
13,44,9.8788e+241
13,45,1.04639e+242
13,46,1.10846e+242
13,47,1.17426e+242
13,48,1.24398e+242
13,49,1.31779e+242
13,50,1.39589e+242
13,51,1.47848e+242
13,52,1.56576e+242
13,53,1.65792e+242
13,54,1.75519e+242
13,55,1.85776e+242
13,56,1.96585e+242
13,57,2.07968e+242
13,58,2.19946e+242
13,59,2.3254e+242
13,60,2.45772e+242
13,61,2.59663e+242
13,62,2.74234e+242
13,63,2.89506e+242
13,64,3.05499e+242
13,65,3.22233e+242
13,66,3.39727e+242
13,67,3.57998e+242
13,68,3.77064e+242
13,69,3.96941e+242
13,70,4.17643e+242
13,71,4.39184e+242
13,72,4.61574e+242
13,73,4.84825e+242
13,74,5.08943e+242
13,75,5.33935e+242
13,76,5.59804e+242
13,77,5.86551e+242
13,78,6.14174e+242
13,79,6.42668e+242
13,80,6.72027e+242
13,81,7.0224e+242
13,82,7.33293e+242
13,83,7.65168e+242
13,84,7.97844e+242
13,85,8.31297e+242
13,86,8.65498e+242
13,87,9.00414e+242
13,88,9.3601e+242
13,89,9.72244e+242
13,90,1.00907e+243
13,91,1.04644e+243
13,92,1.0843e+243
13,93,1.1226e+243
13,94,1.16127e+243
13,95,1.20024e+243
13,96,1.23945e+243
13,97,1.27883e+243
13,98,1.31829e+243
13,99,1.35775e+243
13,100,1.39713e+243
13,101,1.43635e+243
13,102,1.47531e+243
13,103,1.51392e+243
13,104,1.55208e+243
13,105,1.58971e+243
13,106,1.62669e+243
13,107,1.66293e+243
13,108,1.69833e+243
13,109,1.73279e+243
13,110,1.76621e+243
13,111,1.79849e+243
13,112,1.82953e+243
13,113,1.85923e+243
13,114,1.8875e+243
13,115,1.91425e+243
13,116,1.93938e+243
13,117,1.96282e+243
13,118,1.98447e+243
13,119,2.00427e+243
13,120,2.02213e+243
13,121,2.038e+243
13,122,2.05181e+243
13,123,2.06349e+243
13,124,2.07301e+243
13,125,2.08032e+243
13,126,2.08534e+243
13,127,2.08821e+243
13,128,2.08821e+243
14,0,1.91954e+241
14,1,1.91954e+241
14,2,1.93022e+241
14,3,1.94289e+241
14,4,1.96095e+241
14,5,1.98273e+241
14,6,2.00947e+241
14,7,2.04059e+241
14,8,2.0767e+241
14,9,2.11773e+241
14,10,2.16405e+241
14,11,2.2158e+241
14,12,2.27331e+241
14,13,2.33682e+241
14,14,2.40667e+241
14,15,2.48321e+241
14,16,2.56679e+241
14,17,2.65783e+241
14,18,2.75676e+241
14,19,2.86404e+241
14,20,2.98017e+241
14,21,3.1057e+241
14,22,3.24119e+241
14,23,3.38725e+241
14,24,3.54453e+241
14,25,3.71373e+241
14,26,3.89558e+241
14,27,4.09086e+241
14,28,4.3004e+241
14,29,4.52507e+241
14,30,4.76579e+241
14,31,5.02355e+241
14,32,5.29936e+241
14,33,5.59432e+241
14,34,5.90956e+241
14,35,6.24629e+241
14,36,6.60575e+241
14,37,6.98926e+241
14,38,7.39821e+241
14,39,7.83404e+241
14,40,8.29824e+241
14,41,8.7924e+241
14,42,9.31814e+241
14,43,9.87715e+241
14,44,1.04712e+242
14,45,1.11021e+242
14,46,1.17718e+242
14,47,1.24822e+242
14,48,1.32353e+242
14,49,1.40332e+242
14,50,1.4878e+242
14,51,1.5772e+242
14,52,1.67172e+242
14,53,1.7716e+242
14,54,1.87707e+242
14,55,1.98837e+242
14,56,2.10573e+242
14,57,2.2294e+242
14,58,2.3596e+242
14,59,2.49659e+242
14,60,2.64061e+242
14,61,2.7919e+242
14,62,2.95069e+242
14,63,3.11722e+242
14,64,3.29171e+242
14,65,3.4744e+242
14,66,3.66549e+242
14,67,3.86519e+242
14,68,4.0737e+242
14,69,4.2912e+242
14,70,4.51787e+242
14,71,4.75384e+242
14,72,4.99927e+242
14,73,5.25427e+242
14,74,5.51893e+242
14,75,5.79332e+242
14,76,6.07749e+242
14,77,6.37147e+242
14,78,6.67524e+242
14,79,6.98876e+242
14,80,7.31195e+242
14,81,7.64471e+242
14,82,7.98689e+242
14,83,8.33831e+242
14,84,8.69874e+242
14,85,9.06791e+242
14,86,9.44552e+242
14,87,9.83121e+242
14,88,1.02246e+243
14,89,1.06252e+243
14,90,1.10325e+243
14,91,1.14461e+243
14,92,1.18652e+243
14,93,1.22893e+243
14,94,1.27178e+243
14,95,1.31497e+243
14,96,1.35845e+243
14,97,1.40213e+243
14,98,1.44591e+243
14,99,1.48972e+243
14,100,1.53345e+243
14,101,1.57701e+243
14,102,1.6203e+243
14,103,1.66322e+243
14,104,1.70565e+243
14,105,1.7475e+243
14,106,1.78864e+243
14,107,1.82897e+243
14,108,1.86837e+243
14,109,1.90674e+243
14,110,1.94396e+243
14,111,1.97992e+243
14,112,2.0145e+243
14,113,2.0476e+243
14,114,2.07911e+243
14,115,2.10893e+243
14,116,2.13695e+243
14,117,2.16308e+243
14,118,2.18723e+243
14,119,2.20932e+243
14,120,2.22925e+243
14,121,2.24695e+243
14,122,2.26235e+243
14,123,2.27539e+243
14,124,2.28601e+243
14,125,2.29417e+243
14,126,2.29977e+243
14,127,2.30298e+243
14,128,2.30298e+243
15,0,1.9501e+241
15,1,1.9501e+241
15,2,1.96135e+241
15,3,1.97478e+241
15,4,1.99387e+241
15,5,2.01696e+241
15,6,2.04527e+241
15,7,2.07825e+241
15,8,2.11654e+241
15,9,2.16005e+241
15,10,2.20918e+241
15,11,2.26411e+241
15,12,2.32515e+241
15,13,2.3926e+241
15,14,2.4668e+241
15,15,2.54813e+241
15,16,2.637e+241
15,17,2.73382e+241
15,18,2.83908e+241
15,19,2.95329e+241
15,20,3.07697e+241
15,21,3.21071e+241
15,22,3.35514e+241
15,23,3.51092e+241
15,24,3.67876e+241
15,25,3.8594e+241
15,26,4.05365e+241
15,27,4.26236e+241
15,28,4.48643e+241
15,29,4.72681e+241
15,30,4.98452e+241
15,31,5.26062e+241
15,32,5.55624e+241
15,33,5.87257e+241
15,34,6.21085e+241
15,35,6.5724e+241
15,36,6.95859e+241
15,37,7.37089e+241
15,38,7.8108e+241
15,39,8.27991e+241
15,40,8.77988e+241
15,41,9.31244e+241
15,42,9.87939e+241
15,43,1.04826e+242
15,44,1.11241e+242
15,45,1.18057e+242
15,46,1.25298e+242
15,47,1.32983e+242
15,48,1.41135e+242
15,49,1.49778e+242
15,50,1.58935e+242
15,51,1.6863e+242
15,52,1.78888e+242
15,53,1.89734e+242
15,54,2.01195e+242
15,55,2.13296e+242
15,56,2.26065e+242
15,57,2.39527e+242
15,58,2.53711e+242
15,59,2.68643e+242
15,60,2.8435e+242
15,61,3.00861e+242
15,62,3.182e+242
15,63,3.36396e+242
15,64,3.55473e+242
15,65,3.75458e+242
15,66,3.96374e+242
15,67,4.18246e+242
15,68,4.41097e+242
15,69,4.64946e+242
15,70,4.89813e+242
15,71,5.15718e+242
15,72,5.42675e+242
15,73,5.70699e+242
15,74,5.998e+242
15,75,6.29989e+242
15,76,6.6127e+242
15,77,6.93648e+242
15,78,7.27122e+242
15,79,7.61688e+242
15,80,7.97339e+242
15,81,8.34065e+242
15,82,8.71849e+242
15,83,9.10672e+242
15,84,9.50511e+242
15,85,9.91335e+242
15,86,1.03311e+243
15,87,1.0758e+243
15,88,1.11936e+243
15,89,1.16374e+243
15,90,1.20889e+243
15,91,1.25475e+243
15,92,1.30125e+243
15,93,1.34832e+243
15,94,1.39588e+243
15,95,1.44386e+243
15,96,1.49217e+243
15,97,1.54071e+243
15,98,1.5894e+243
15,99,1.63813e+243
15,100,1.68679e+243
15,101,1.73528e+243
15,102,1.78349e+243
15,103,1.83129e+243
15,104,1.87857e+243
15,105,1.9252e+243
15,106,1.97107e+243
15,107,2.01604e+243
15,108,2.06e+243
15,109,2.1028e+243
15,110,2.14434e+243
15,111,2.18447e+243
15,112,2.22308e+243
15,113,2.26005e+243
15,114,2.29524e+243
15,115,2.32855e+243
15,116,2.35986e+243
15,117,2.38906e+243
15,118,2.41606e+243
15,119,2.44074e+243
15,120,2.46302e+243
15,121,2.48281e+243
15,122,2.50003e+243
15,123,2.51462e+243
15,124,2.52649e+243
15,125,2.53561e+243
15,126,2.54188e+243
15,127,2.54546e+243
15,128,2.54546e+243
16,0,1.9832e+241
16,1,1.9832e+241
16,2,1.99507e+241
16,3,2.00931e+241
16,4,2.02953e+241
16,5,2.05402e+241
16,6,2.08405e+241
16,7,2.11907e+241
16,8,2.15971e+241
16,9,2.20593e+241
16,10,2.25813e+241
16,11,2.3165e+241
16,12,2.3814e+241
16,13,2.45314e+241
16,14,2.53209e+241
16,15,2.61866e+241
16,16,2.71328e+241
16,17,2.81642e+241
16,18,2.9286e+241
16,19,3.05036e+241
16,20,3.18229e+241
16,21,3.32502e+241
16,22,3.47923e+241
16,23,3.64564e+241
16,24,3.82502e+241
16,25,4.01819e+241
16,26,4.22602e+241
16,27,4.44945e+241
16,28,4.68946e+241
16,29,4.94708e+241
16,30,5.22343e+241
16,31,5.51968e+241
16,32,5.83706e+241
16,33,6.17687e+241
16,34,6.54048e+241
16,35,6.92934e+241
16,36,7.34496e+241
16,37,7.78895e+241
16,38,8.26296e+241
16,39,8.76876e+241
16,40,9.30816e+241
16,41,9.88309e+241
16,42,1.04955e+242
16,43,1.11476e+242
16,44,1.18414e+242
16,45,1.25791e+242
16,46,1.33632e+242
16,47,1.4196e+242
16,48,1.50801e+242
16,49,1.60178e+242
16,50,1.7012e+242
16,51,1.80653e+242
16,52,1.91805e+242
16,53,2.03603e+242
16,54,2.16078e+242
16,55,2.29258e+242
16,56,2.43173e+242
16,57,2.57854e+242
16,58,2.73331e+242
16,59,2.89635e+242
16,60,3.06795e+242
16,61,3.24844e+242
16,62,3.43811e+242
16,63,3.63726e+242
16,64,3.84618e+242
16,65,4.06518e+242
16,66,4.29452e+242
16,67,4.53447e+242
16,68,4.7853e+242
16,69,5.04725e+242
16,70,5.32055e+242
16,71,5.6054e+242
16,72,5.90199e+242
16,73,6.21048e+242
16,74,6.53102e+242
16,75,6.86371e+242
16,76,7.20863e+242
16,77,7.56583e+242
16,78,7.93532e+242
16,79,8.31707e+242
16,80,8.711e+242
16,81,9.11701e+242
16,82,9.53493e+242
16,83,9.96456e+242
16,84,1.04056e+243
16,85,1.08579e+243
16,86,1.13208e+243
16,87,1.17942e+243
16,88,1.22774e+243
16,89,1.27699e+243
16,90,1.32711e+243
16,91,1.37805e+243
16,92,1.42972e+243
16,93,1.48204e+243
16,94,1.53494e+243
16,95,1.58832e+243
16,96,1.64209e+243
16,97,1.69614e+243
16,98,1.75037e+243
16,99,1.80466e+243
16,100,1.8589e+243
16,101,1.91297e+243
16,102,1.96674e+243
16,103,2.02007e+243
16,104,2.07284e+243
16,105,2.1249e+243
16,106,2.17612e+243
16,107,2.22636e+243
16,108,2.27547e+243
16,109,2.32331e+243
16,110,2.36975e+243
16,111,2.41462e+243
16,112,2.4578e+243
16,113,2.49915e+243
16,114,2.53853e+243
16,115,2.5758e+243
16,116,2.61085e+243
16,117,2.64354e+243
16,118,2.67376e+243
16,119,2.70139e+243
16,120,2.72634e+243
16,121,2.74851e+243
16,122,2.7678e+243
16,123,2.78413e+243
16,124,2.79743e+243
16,125,2.80765e+243
16,126,2.81467e+243
16,127,2.81869e+243
16,128,2.81869e+243
17,0,2.01892e+241
17,1,2.01892e+241
17,2,2.03147e+241
17,3,2.0466e+241
17,4,2.06804e+241
17,5,2.09406e+241
17,6,2.12595e+241
17,7,2.16317e+241
17,8,2.20637e+241
17,9,2.25553e+241
17,10,2.31106e+241
17,11,2.37318e+241
17,12,2.44226e+241
17,13,2.51866e+241
17,14,2.60277e+241
17,15,2.69503e+241
17,16,2.79592e+241
17,17,2.90594e+241
17,18,3.02565e+241
17,19,3.15564e+241
17,20,3.29656e+241
17,21,3.44909e+241
17,22,3.61396e+241
17,23,3.79197e+241
17,24,3.98396e+241
17,25,4.19081e+241
17,26,4.41349e+241
17,27,4.65301e+241
17,28,4.91044e+241
17,29,5.18693e+241
17,30,5.48369e+241
17,31,5.802e+241
17,32,6.14322e+241
17,33,6.50877e+241
17,34,6.90016e+241
17,35,7.31899e+241
17,36,7.76692e+241
17,37,8.24571e+241
17,38,8.75721e+241
17,39,9.30334e+241
17,40,9.88612e+241
17,41,1.05077e+242
17,42,1.11702e+242
17,43,1.1876e+242
17,44,1.26275e+242
17,45,1.34271e+242
17,46,1.42775e+242
17,47,1.51813e+242
17,48,1.61412e+242
17,49,1.71602e+242
17,50,1.82412e+242
17,51,1.93871e+242
17,52,2.06011e+242
17,53,2.18864e+242
17,54,2.32461e+242
17,55,2.46837e+242
17,56,2.62023e+242
17,57,2.78056e+242
17,58,2.94967e+242
17,59,3.12793e+242
17,60,3.31568e+242
17,61,3.51326e+242
17,62,3.72102e+242
17,63,3.93929e+242
17,64,4.16842e+242
17,65,4.40872e+242
17,66,4.66053e+242
17,67,4.92415e+242
17,68,5.19988e+242
17,69,5.48799e+242
17,70,5.78876e+242
17,71,6.10241e+242
17,72,6.42918e+242
17,73,6.76925e+242
17,74,7.1228e+242
17,75,7.48994e+242
17,76,7.8708e+242
17,77,8.26541e+242
17,78,8.67382e+242
17,79,9.096e+242
17,80,9.53188e+242
17,81,9.98135e+242
17,82,1.04442e+243
17,83,1.09203e+243
17,84,1.14094e+243
17,85,1.1911e+243
17,86,1.24248e+243
17,87,1.29503e+243
17,88,1.3487e+243
17,89,1.40343e+243
17,90,1.45916e+243
17,91,1.51581e+243
17,92,1.57331e+243
17,93,1.63156e+243
17,94,1.69047e+243
17,95,1.74994e+243
17,96,1.80986e+243
17,97,1.87013e+243
17,98,1.93061e+243
17,99,1.9912e+243
17,100,2.05174e+243
17,101,2.11211e+243
17,102,2.17216e+243
17,103,2.23175e+243
17,104,2.29072e+243
17,105,2.34893e+243
17,106,2.40621e+243
17,107,2.46241e+243
17,108,2.51736e+243
17,109,2.5709e+243
17,110,2.62288e+243
17,111,2.67313e+243
17,112,2.72149e+243
17,113,2.76781e+243
17,114,2.81193e+243
17,115,2.8537e+243
17,116,2.89297e+243
17,117,2.92962e+243
17,118,2.9635e+243
17,119,2.99449e+243
17,120,3.02247e+243
17,121,3.04733e+243
17,122,3.06896e+243
17,123,3.08729e+243
17,124,3.10221e+243
17,125,3.11367e+243
17,126,3.12155e+243
17,127,3.12605e+243
17,128,3.12605e+243
18,0,2.0574e+241
18,1,2.0574e+241
18,2,2.07067e+241
18,3,2.08676e+241
18,4,2.10952e+241
18,5,2.1372e+241
18,6,2.1711e+241
18,7,2.2107e+241
18,8,2.25668e+241
18,9,2.30901e+241
18,10,2.36814e+241
18,11,2.43432e+241
18,12,2.50795e+241
18,13,2.5894e+241
18,14,2.67911e+241
18,15,2.77754e+241
18,16,2.88523e+241
18,17,3.00272e+241
18,18,3.13061e+241
18,19,3.26955e+241
18,20,3.42024e+241
18,21,3.58342e+241
18,22,3.7599e+241
18,23,3.95054e+241
18,24,4.15625e+241
18,25,4.37802e+241
18,26,4.61688e+241
18,27,4.87394e+241
18,28,5.15039e+241
18,29,5.44748e+241
18,30,5.76653e+241
18,31,6.10895e+241
18,32,6.47623e+241
18,33,6.86994e+241
18,34,7.29174e+241
18,35,7.74339e+241
18,36,8.22671e+241
18,37,8.74365e+241
18,38,9.29624e+241
18,39,9.88662e+241
18,40,1.0517e+242
18,41,1.11898e+242
18,42,1.19073e+242
18,43,1.26723e+242
18,44,1.34872e+242
18,45,1.43549e+242
18,46,1.52782e+242
18,47,1.62602e+242
18,48,1.73038e+242
18,49,1.84123e+242
18,50,1.9589e+242
18,51,2.08372e+242
18,52,2.21603e+242
18,53,2.3562e+242
18,54,2.50459e+242
18,55,2.66156e+242
18,56,2.8275e+242
18,57,3.00278e+242
18,58,3.18779e+242
18,59,3.38292e+242
18,60,3.58856e+242
18,61,3.8051e+242
18,62,4.03293e+242
18,63,4.27244e+242
18,64,4.524e+242
18,65,4.788e+242
18,66,5.06479e+242
18,67,5.35474e+242
18,68,5.65817e+242
18,69,5.97542e+242
18,70,6.30679e+242
18,71,6.65255e+242
18,72,7.01297e+242
18,73,7.38828e+242
18,74,7.77866e+242
18,75,8.18429e+242
18,76,8.60528e+242
18,77,9.04172e+242
18,78,9.49366e+242
18,79,9.96107e+242
18,80,1.04439e+243
18,81,1.0942e+243
18,82,1.14553e+243
18,83,1.19835e+243
18,84,1.25263e+243
18,85,1.30833e+243
18,86,1.36541e+243
18,87,1.42382e+243
18,88,1.48351e+243
18,89,1.5444e+243
18,90,1.60643e+243
18,91,1.66951e+243
18,92,1.73356e+243
18,93,1.79847e+243
18,94,1.86415e+243
18,95,1.93048e+243
18,96,1.99735e+243
18,97,2.06462e+243
18,98,2.13216e+243
18,99,2.19983e+243
18,100,2.26749e+243
18,101,2.33497e+243
18,102,2.40212e+243
18,103,2.46877e+243
18,104,2.53476e+243
18,105,2.59991e+243
18,106,2.66404e+243
18,107,2.72697e+243
18,108,2.78853e+243
18,109,2.84852e+243
18,110,2.90678e+243
18,111,2.96311e+243
18,112,3.01733e+243
18,113,3.06928e+243
18,114,3.11876e+243
18,115,3.16563e+243
18,116,3.2097e+243
18,117,3.25083e+243
18,118,3.28885e+243
18,119,3.32364e+243
18,120,3.35505e+243
18,121,3.38297e+243
18,122,3.40726e+243
18,123,3.42784e+243
18,124,3.4446e+243
18,125,3.45747e+243
18,126,3.46632e+243
18,127,3.47138e+243
18,128,3.47138e+243
19,0,2.09874e+241
19,1,2.09874e+241
19,2,2.1128e+241
19,3,2.12992e+241
19,4,2.15409e+241
19,5,2.18356e+241
19,6,2.21964e+241
19,7,2.26181e+241
19,8,2.31078e+241
19,9,2.36654e+241
19,10,2.42958e+241
19,11,2.50015e+241
19,12,2.57868e+241
19,13,2.66559e+241
19,14,2.76136e+241
19,15,2.86649e+241
19,16,2.98154e+241
19,17,3.10712e+241
19,18,3.24388e+241
19,19,3.39252e+241
19,20,3.55381e+241
19,21,3.72856e+241
19,22,3.91765e+241
19,23,4.12201e+241
19,24,4.34264e+241
19,25,4.58062e+241
19,26,4.83709e+241
19,27,5.11325e+241
19,28,5.41041e+241
19,29,5.72994e+241
19,30,6.07329e+241
19,31,6.44201e+241
19,32,6.83773e+241
19,33,7.26219e+241
19,34,7.71721e+241
19,35,8.20471e+241
19,36,8.72673e+241
19,37,9.2854e+241
19,38,9.88298e+241
19,39,1.05218e+242
19,40,1.12044e+242
19,41,1.19333e+242
19,42,1.27112e+242
19,43,1.3541e+242
19,44,1.44256e+242
19,45,1.5368e+242
19,46,1.63716e+242
19,47,1.74395e+242
19,48,1.85752e+242
19,49,1.97823e+242
19,50,2.10643e+242
19,51,2.24252e+242
19,52,2.38687e+242
19,53,2.53988e+242
19,54,2.70197e+242
19,55,2.87354e+242
19,56,3.05501e+242
19,57,3.24682e+242
19,58,3.44941e+242
19,59,3.6632e+242
19,60,3.88865e+242
19,61,4.12619e+242
19,62,4.37626e+242
19,63,4.63931e+242
19,64,4.91576e+242
19,65,5.20605e+242
19,66,5.51058e+242
19,67,5.82977e+242
19,68,6.164e+242
19,69,6.51365e+242
19,70,6.87906e+242
19,71,7.26057e+242
19,72,7.65847e+242
19,73,8.07302e+242
19,74,8.50448e+242
19,75,8.95302e+242
19,76,9.4188e+242
19,77,9.90194e+242
19,78,1.04025e+243
19,79,1.09204e+243
19,80,1.14558e+243
19,81,1.20083e+243
19,82,1.2578e+243
19,83,1.31645e+243
19,84,1.37675e+243
19,85,1.43866e+243
19,86,1.50213e+243
19,87,1.56712e+243
19,88,1.63355e+243
19,89,1.70135e+243
19,90,1.77046e+243
19,91,1.84076e+243
19,92,1.91217e+243
19,93,1.98458e+243
19,94,2.05788e+243
19,95,2.13193e+243
19,96,2.2066e+243
19,97,2.28176e+243
19,98,2.35725e+243
19,99,2.43292e+243
19,100,2.50858e+243
19,101,2.58409e+243
19,102,2.65925e+243
19,103,2.73387e+243
19,104,2.80778e+243
19,105,2.88076e+243
19,106,2.95263e+243
19,107,3.02317e+243
19,108,3.09219e+243
19,109,3.15948e+243
19,110,3.22483e+243
19,111,3.28803e+243
19,112,3.34889e+243
19,113,3.4072e+243
19,114,3.46276e+243
19,115,3.51539e+243
19,116,3.56489e+243
19,117,3.61109e+243
19,118,3.65382e+243
19,119,3.69291e+243
19,120,3.72821e+243
19,121,3.75958e+243
19,122,3.78689e+243
19,123,3.81002e+243
19,124,3.82885e+243
19,125,3.84333e+243
19,126,3.85328e+243
19,127,3.85896e+243
19,128,3.85896e+243
20,0,2.14307e+241
20,1,2.14307e+241
20,2,2.15796e+241
20,3,2.1762e+241
20,4,2.2019e+241
20,5,2.23329e+241
20,6,2.27171e+241
20,7,2.31665e+241
20,8,2.36885e+241
20,9,2.42831e+241
20,10,2.49556e+241
20,11,2.57086e+241
20,12,2.6547e+241
20,13,2.74751e+241
20,14,2.84982e+241
20,15,2.96218e+241
20,16,3.08519e+241
20,17,3.21952e+241
20,18,3.36588e+241
20,19,3.52502e+241
20,20,3.6978e+241
20,21,3.88508e+241
20,22,4.08783e+241
20,23,4.30707e+241
20,24,4.54389e+241
20,25,4.79948e+241
20,26,5.07506e+241
20,27,5.37199e+241
20,28,5.69167e+241
20,29,6.0356e+241
20,30,6.4054e+241
20,31,6.80276e+241
20,32,7.22947e+241
20,33,7.68743e+241
20,34,8.17867e+241
20,35,8.7053e+241
20,36,9.26957e+241
20,37,9.87383e+241
20,38,1.05206e+242
20,39,1.12124e+242
20,40,1.1952e+242
20,41,1.27424e+242
20,42,1.35864e+242
20,43,1.44872e+242
20,44,1.54482e+242
20,45,1.64727e+242
20,46,1.75642e+242
20,47,1.87265e+242
20,48,1.99634e+242
20,49,2.12788e+242
20,50,2.26768e+242
20,51,2.41616e+242
20,52,2.57376e+242
20,53,2.74092e+242
20,54,2.91809e+242
20,55,3.10576e+242
20,56,3.30438e+242
20,57,3.51444e+242
20,58,3.73643e+242
20,59,3.97085e+242
20,60,4.21819e+242
20,61,4.47895e+242
20,62,4.75364e+242
20,63,5.04276e+242
20,64,5.34678e+242
20,65,5.6662e+242
20,66,6.0015e+242
20,67,6.35314e+242
20,68,6.72156e+242
20,69,7.10719e+242
20,70,7.51044e+242
20,71,7.93168e+242
20,72,8.37127e+242
20,73,8.82951e+242
20,74,9.30669e+242
20,75,9.80304e+242
20,76,1.03188e+243
20,77,1.0854e+243
20,78,1.14087e+243
20,79,1.19831e+243
20,80,1.25771e+243
20,81,1.31905e+243
20,82,1.38232e+243
20,83,1.44748e+243
20,84,1.51452e+243
20,85,1.58338e+243
20,86,1.65402e+243
20,87,1.72637e+243
20,88,1.80036e+243
20,89,1.87592e+243
20,90,1.95296e+243
20,91,2.03137e+243
20,92,2.11105e+243
20,93,2.19189e+243
20,94,2.27374e+243
20,95,2.35647e+243
20,96,2.43993e+243
20,97,2.52397e+243
20,98,2.6084e+243
20,99,2.69306e+243
20,100,2.77776e+243
20,101,2.8623e+243
20,102,2.94649e+243
20,103,3.0301e+243
20,104,3.11293e+243
20,105,3.19476e+243
20,106,3.27536e+243
20,107,3.3545e+243
20,108,3.43195e+243
20,109,3.50747e+243
20,110,3.58084e+243
20,111,3.65181e+243
20,112,3.72017e+243
20,113,3.78567e+243
20,114,3.84811e+243
20,115,3.90725e+243
20,116,3.9629e+243
20,117,4.01484e+243
20,118,4.06288e+243
20,119,4.10683e+243
20,120,4.14654e+243
20,121,4.18182e+243
20,122,4.21254e+243
20,123,4.23856e+243
20,124,4.25976e+243
20,125,4.27604e+243
20,126,4.28723e+243
20,127,4.29363e+243
20,128,4.29363e+243
21,0,2.1905e+241
21,1,2.1905e+241
21,2,2.2063e+241
21,3,2.22573e+241
21,4,2.25307e+241
21,5,2.28653e+241
21,6,2.32747e+241
21,7,2.3754e+241
21,8,2.43107e+241
21,9,2.49452e+241
21,10,2.56629e+241
21,11,2.64669e+241
21,12,2.73625e+241
21,13,2.83542e+241
21,14,2.94479e+241
21,15,3.06495e+241
21,16,3.19655e+241
21,17,3.34033e+241
21,18,3.49705e+241
21,19,3.66756e+241
21,20,3.85274e+241
21,21,4.05358e+241
21,22,4.27112e+241
21,23,4.50647e+241
21,24,4.76084e+241
21,25,5.0355e+241
21,26,5.33183e+241
21,27,5.65128e+241
21,28,5.9954e+241
21,29,6.36585e+241
21,30,6.76438e+241
21,31,7.19287e+241
21,32,7.65329e+241
21,33,8.14773e+241
21,34,8.67842e+241
21,35,9.24768e+241
21,36,9.858e+241
21,37,1.0512e+242
21,38,1.12124e+242
21,39,1.1962e+242
21,40,1.2764e+242
21,41,1.36215e+242
21,42,1.45378e+242
21,43,1.55165e+242
21,44,1.6561e+242
21,45,1.76753e+242
21,46,1.88633e+242
21,47,2.01291e+242
21,48,2.14769e+242
21,49,2.29112e+242
21,50,2.44366e+242
21,51,2.60576e+242
21,52,2.77793e+242
21,53,2.96065e+242
21,54,3.15444e+242
21,55,3.35983e+242
21,56,3.57734e+242
21,57,3.80752e+242
21,58,4.05092e+242
21,59,4.30809e+242
21,60,4.57962e+242
21,61,4.86604e+242
21,62,5.16794e+242
21,63,5.48588e+242
21,64,5.82042e+242
21,65,6.1721e+242
21,66,6.54148e+242
21,67,6.92908e+242
21,68,7.33542e+242
21,69,7.76097e+242
21,70,8.20622e+242
21,71,8.67161e+242
21,72,9.15752e+242
21,73,9.66435e+242
21,74,1.01924e+243
21,75,1.0742e+243
21,76,1.13133e+243
21,77,1.19065e+243
21,78,1.25217e+243
21,79,1.31591e+243
21,80,1.38184e+243
21,81,1.44997e+243
21,82,1.52028e+243
21,83,1.59274e+243
21,84,1.66731e+243
21,85,1.74394e+243
21,86,1.82259e+243
21,87,1.90319e+243
21,88,1.98565e+243
21,89,2.0699e+243
21,90,2.15584e+243
21,91,2.24335e+243
21,92,2.33231e+243
21,93,2.4226e+243
21,94,2.51406e+243
21,95,2.60655e+243
21,96,2.69988e+243
21,97,2.7939e+243
21,98,2.8884e+243
21,99,2.98319e+243
21,100,3.07805e+243
21,101,3.17277e+243
21,102,3.26713e+243
21,103,3.36087e+243
21,104,3.45377e+243
21,105,3.54557e+243
21,106,3.63602e+243
21,107,3.72485e+243
21,108,3.81181e+243
21,109,3.89663e+243
21,110,3.97905e+243
21,111,4.05881e+243
21,112,4.13564e+243
21,113,4.20928e+243
21,114,4.27948e+243
21,115,4.34599e+243
21,116,4.40858e+243
21,117,4.46701e+243
21,118,4.52106e+243
21,119,4.57053e+243
21,120,4.61521e+243
21,121,4.65493e+243
21,122,4.68951e+243
21,123,4.7188e+243
21,124,4.74266e+243
21,125,4.761e+243
21,126,4.7736e+243
21,127,4.7808e+243
21,128,4.7808e+243
22,0,2.24118e+241
22,1,2.24118e+241
22,2,2.25795e+241
22,3,2.27866e+241
22,4,2.30776e+241
22,5,2.34343e+241
22,6,2.38708e+241
22,7,2.43821e+241
22,8,2.49761e+241
22,9,2.56535e+241
22,10,2.64199e+241
22,11,2.72789e+241
22,12,2.82358e+241
22,13,2.92961e+241
22,14,3.04658e+241
22,15,3.17514e+241
22,16,3.31601e+241
22,17,3.46998e+241
22,18,3.63788e+241
22,19,3.82064e+241
22,20,4.01923e+241
22,21,4.23471e+241
22,22,4.46823e+241
22,23,4.72101e+241
22,24,4.99436e+241
22,25,5.28967e+241
22,26,5.60846e+241
22,27,5.95231e+241
22,28,6.32293e+241
22,29,6.72214e+241
22,30,7.15186e+241
22,31,7.61416e+241
22,32,8.1112e+241
22,33,8.64529e+241
22,34,9.21887e+241
22,35,9.83453e+241
22,36,1.0495e+242
22,37,1.12031e+242
22,38,1.1962e+242
22,39,1.27748e+242
22,40,1.36448e+242
22,41,1.45756e+242
22,42,1.55709e+242
22,43,1.66345e+242
22,44,1.77705e+242
22,45,1.89831e+242
22,46,2.02766e+242
22,47,2.16558e+242
22,48,2.31252e+242
22,49,2.46899e+242
22,50,2.63549e+242
22,51,2.81255e+242
22,52,3.00072e+242
22,53,3.20054e+242
22,54,3.4126e+242
22,55,3.63748e+242
22,56,3.87578e+242
22,57,4.12812e+242
22,58,4.39511e+242
22,59,4.67739e+242
22,60,4.97558e+242
22,61,5.29033e+242
22,62,5.62229e+242
22,63,5.97208e+242
22,64,6.34035e+242
22,65,6.72772e+242
22,66,7.13482e+242
22,67,7.56225e+242
22,68,8.01059e+242
22,69,8.48041e+242
22,70,8.97225e+242
22,71,9.48661e+242
22,72,1.0024e+243
22,73,1.05848e+243
22,74,1.11694e+243
22,75,1.17781e+243
22,76,1.24113e+243
22,77,1.30691e+243
22,78,1.37517e+243
22,79,1.44592e+243
22,80,1.51915e+243
22,81,1.59486e+243
22,82,1.67302e+243
22,83,1.75362e+243
22,84,1.8366e+243
22,85,1.92193e+243
22,86,2.00954e+243
22,87,2.09937e+243
22,88,2.19132e+243
22,89,2.2853e+243
22,90,2.38121e+243
22,91,2.47891e+243
22,92,2.57829e+243
22,93,2.67918e+243
22,94,2.78143e+243
22,95,2.88487e+243
22,96,2.98931e+243
22,97,3.09454e+243
22,98,3.20035e+243
22,99,3.30653e+243
22,100,3.41284e+243
22,101,3.51902e+243
22,102,3.62482e+243
22,103,3.72998e+243
22,104,3.83422e+243
22,105,3.93726e+243
22,106,4.03881e+243
22,107,4.13859e+243
22,108,4.23628e+243
22,109,4.3316e+243
22,110,4.42424e+243
22,111,4.51391e+243
22,112,4.6003e+243
22,113,4.68313e+243
22,114,4.76211e+243
22,115,4.83695e+243
22,116,4.90739e+243
22,117,4.97316e+243
22,118,5.03401e+243
22,119,5.08971e+243
22,120,5.14002e+243
22,121,5.18475e+243
22,122,5.2237e+243
22,123,5.25669e+243
22,124,5.28357e+243
22,125,5.30423e+243
22,126,5.31842e+243
22,127,5.32654e+243
22,128,5.32654e+243
23,0,2.29524e+241
23,1,2.29524e+241
23,2,2.31304e+241
23,3,2.33512e+241
23,4,2.36611e+241
23,5,2.40416e+241
23,6,2.45071e+241
23,7,2.50528e+241
23,8,2.56869e+241
23,9,2.64102e+241
23,10,2.72289e+241
23,11,2.81468e+241
23,12,2.91699e+241
23,13,3.03038e+241
23,14,3.15551e+241
23,15,3.29312e+241
23,16,3.44396e+241
23,17,3.6089e+241
23,18,3.78885e+241
23,19,3.98482e+241
23,20,4.19786e+241
23,21,4.42915e+241
23,22,4.67992e+241
23,23,4.95152e+241
23,24,5.24537e+241
23,25,5.56302e+241
23,26,5.90609e+241
23,27,6.27635e+241
23,28,6.67567e+241
23,29,7.10603e+241
23,30,7.56957e+241
23,31,8.06852e+241
23,32,8.6053e+241
23,33,9.18244e+241
23,34,9.80262e+241
23,35,1.04687e+242
23,36,1.11837e+242
23,37,1.19508e+242
23,38,1.27733e+242
23,39,1.36548e+242
23,40,1.4599e+242
23,41,1.56097e+242
23,42,1.66912e+242
23,43,1.78476e+242
23,44,1.90834e+242
23,45,2.04034e+242
23,46,2.18125e+242
23,47,2.33156e+242
23,48,2.49182e+242
23,49,2.66257e+242
23,50,2.84438e+242
23,51,3.03784e+242
23,52,3.24356e+242
23,53,3.46216e+242
23,54,3.69429e+242
23,55,3.9406e+242
23,56,4.20177e+242
23,57,4.47849e+242
23,58,4.77145e+242
23,59,5.08137e+242
23,60,5.40896e+242
23,61,5.75495e+242
23,62,6.12006e+242
23,63,6.50503e+242
23,64,6.91056e+242
23,65,7.33738e+242
23,66,7.78619e+242
23,67,8.25769e+242
23,68,8.75254e+242
23,69,9.27139e+242
23,70,9.81487e+242
23,71,1.03836e+243
23,72,1.0978e+243
23,73,1.15987e+243
23,74,1.22461e+243
23,75,1.29207e+243
23,76,1.36227e+243
23,77,1.43523e+243
23,78,1.51099e+243
23,79,1.58955e+243
23,80,1.67091e+243
23,81,1.75507e+243
23,82,1.842e+243
23,83,1.93168e+243
23,84,2.02406e+243
23,85,2.1191e+243
23,86,2.21673e+243
23,87,2.31688e+243
23,88,2.41944e+243
23,89,2.52432e+243
23,90,2.63139e+243
23,91,2.74053e+243
23,92,2.85157e+243
23,93,2.96436e+243
23,94,3.07872e+243
23,95,3.19445e+243
23,96,3.31135e+243
23,97,3.42919e+243
23,98,3.54772e+243
23,99,3.66671e+243
23,100,3.78588e+243
23,101,3.90496e+243
23,102,4.02365e+243
23,103,4.14166e+243
23,104,4.25868e+243
23,105,4.37439e+243
23,106,4.48846e+243
23,107,4.60057e+243
23,108,4.71037e+243
23,109,4.81753e+243
23,110,4.92171e+243
23,111,5.02257e+243
23,112,5.11977e+243
23,113,5.21297e+243
23,114,5.30187e+243
23,115,5.38612e+243
23,116,5.46543e+243
23,117,5.5395e+243
23,118,5.60803e+243
23,119,5.67077e+243
23,120,5.72746e+243
23,121,5.77785e+243
23,122,5.82174e+243
23,123,5.85893e+243
23,124,5.88922e+243
23,125,5.9125e+243
23,126,5.9285e+243
23,127,5.93764e+243
23,128,5.93764e+243
24,0,2.35282e+241
24,1,2.35282e+241
24,2,2.37172e+241
24,3,2.39527e+241
24,4,2.42828e+241
24,5,2.46888e+241
24,6,2.51853e+241
24,7,2.57678e+241
24,8,2.64448e+241
24,9,2.72175e+241
24,10,2.80923e+241
24,11,2.90734e+241
24,12,3.01674e+241
24,13,3.13803e+241
24,14,3.27195e+241
24,15,3.41927e+241
24,16,3.58084e+241
24,17,3.75758e+241
24,18,3.95049e+241
24,19,4.16068e+241
24,20,4.38929e+241
24,21,4.63761e+241
24,22,4.90698e+241
24,23,5.19888e+241
24,24,5.51487e+241
24,25,5.85662e+241
24,26,6.22594e+241
24,27,6.62475e+241
24,28,7.0551e+241
24,29,7.51918e+241
24,30,8.01932e+241
24,31,8.558e+241
24,32,9.13785e+241
24,33,9.76167e+241
24,34,1.04324e+242
24,35,1.11533e+242
24,36,1.19275e+242
24,37,1.27586e+242
24,38,1.36504e+242
24,39,1.46067e+242
24,40,1.56316e+242
24,41,1.67294e+242
24,42,1.79048e+242
24,43,1.91624e+242
24,44,2.05072e+242
24,45,2.19445e+242
24,46,2.34797e+242
24,47,2.51185e+242
24,48,2.68667e+242
24,49,2.87305e+242
24,50,3.07163e+242
24,51,3.28306e+242
24,52,3.50802e+242
24,53,3.74721e+242
24,54,4.00136e+242
24,55,4.27121e+242
24,56,4.5575e+242
24,57,4.86102e+242
24,58,5.18256e+242
24,59,5.5229e+242
24,60,5.88288e+242
24,61,6.26329e+242
24,62,6.66496e+242
24,63,7.08872e+242
24,64,7.53539e+242
24,65,8.00578e+242
24,66,8.50069e+242
24,67,9.02091e+242
24,68,9.56722e+242
24,69,1.01404e+243
24,70,1.0741e+243
24,71,1.13699e+243
24,72,1.20277e+243
24,73,1.27149e+243
24,74,1.3432e+243
24,75,1.41796e+243
24,76,1.49581e+243
24,77,1.57677e+243
24,78,1.66087e+243
24,79,1.74812e+243
24,80,1.83854e+243
24,81,1.93211e+243
24,82,2.02881e+243
24,83,2.12863e+243
24,84,2.2315e+243
24,85,2.33739e+243
24,86,2.44622e+243
24,87,2.5579e+243
24,88,2.67233e+243
24,89,2.7894e+243
24,90,2.90898e+243
24,91,3.03091e+243
24,92,3.15504e+243
24,93,3.28117e+243
24,94,3.40911e+243
24,95,3.53864e+243
24,96,3.66952e+243
24,97,3.80152e+243
24,98,3.93435e+243
24,99,4.06773e+243
24,100,4.20137e+243
24,101,4.33496e+243
24,102,4.46816e+243
24,103,4.60064e+243
24,104,4.73205e+243
24,105,4.86203e+243
24,106,4.99022e+243
24,107,5.11623e+243
24,108,5.23968e+243
24,109,5.3602e+243
24,110,5.4774e+243
24,111,5.59088e+243
24,112,5.70028e+243
24,113,5.80521e+243
24,114,5.9053e+243
24,115,6.00019e+243
24,116,6.08952e+243
24,117,6.17297e+243
24,118,6.25019e+243
24,119,6.32089e+243
24,120,6.38478e+243
24,121,6.44159e+243
24,122,6.49106e+243
24,123,6.53299e+243
24,124,6.56714e+243
24,125,6.59339e+243
24,126,6.61143e+243
24,127,6.62174e+243
24,128,6.62174e+243
25,0,2.41407e+241
25,1,2.41407e+241
25,2,2.43414e+241
25,3,2.45926e+241
25,4,2.49443e+241
25,5,2.53775e+241
25,6,2.59072e+241
25,7,2.65292e+241
25,8,2.72521e+241
25,9,2.80776e+241
25,10,2.90124e+241
25,11,3.00614e+241
25,12,3.12314e+241
25,13,3.25291e+241
25,14,3.39625e+241
25,15,3.55399e+241
25,16,3.72707e+241
25,17,3.91649e+241
25,18,4.12335e+241
25,19,4.34882e+241
25,20,4.59419e+241
25,21,4.86084e+241
25,22,5.15025e+241
25,23,5.46402e+241
25,24,5.80387e+241
25,25,6.17163e+241
25,26,6.56928e+241
25,27,6.99892e+241
25,28,7.46281e+241
25,29,7.96334e+241
25,30,8.50307e+241
25,31,9.08474e+241
25,32,9.71123e+241
25,33,1.03856e+242
25,34,1.11112e+242
25,35,1.18914e+242
25,36,1.273e+242
25,37,1.36307e+242
25,38,1.45977e+242
25,39,1.56352e+242
25,40,1.6748e+242
25,41,1.79406e+242
25,42,1.92183e+242
25,43,2.05862e+242
25,44,2.20498e+242
25,45,2.36151e+242
25,46,2.5288e+242
25,47,2.70748e+242
25,48,2.89822e+242
25,49,3.10169e+242
25,50,3.31861e+242
25,51,3.54971e+242
25,52,3.79575e+242
25,53,4.05752e+242
25,54,4.33582e+242
25,55,4.63149e+242
25,56,4.94537e+242
25,57,5.27834e+242
25,58,5.63128e+242
25,59,6.0051e+242
25,60,6.4007e+242
25,61,6.81902e+242
25,62,7.26098e+242
25,63,7.72751e+242
25,64,8.21955e+242
25,65,8.73803e+242
25,66,9.28385e+242
25,67,9.85793e+242
25,68,1.04611e+243
25,69,1.10943e+243
25,70,1.17583e+243
25,71,1.24539e+243
25,72,1.31818e+243
25,73,1.39427e+243
25,74,1.47373e+243
25,75,1.5566e+243
25,76,1.64294e+243
25,77,1.73278e+243
25,78,1.82616e+243
25,79,1.92309e+243
25,80,2.02359e+243
25,81,2.12764e+243
25,82,2.23524e+243
25,83,2.34635e+243
25,84,2.46094e+243
25,85,2.57893e+243
25,86,2.70026e+243
25,87,2.82483e+243
25,88,2.95254e+243
25,89,3.08325e+243
25,90,3.21682e+243
25,91,3.35309e+243
25,92,3.49186e+243
25,93,3.63295e+243
25,94,3.77611e+243
25,95,3.92112e+243
25,96,4.06771e+243
25,97,4.2156e+243
25,98,4.36449e+243
25,99,4.51405e+243
25,100,4.66397e+243
25,101,4.81387e+243
25,102,4.9634e+243
25,103,5.11217e+243
25,104,5.25979e+243
25,105,5.40585e+243
25,106,5.54993e+243
25,107,5.69161e+243
25,108,5.83046e+243
25,109,5.96605e+243
25,110,6.09793e+243
25,111,6.22567e+243
25,112,6.34884e+243
25,113,6.46701e+243
25,114,6.57974e+243
25,115,6.68665e+243
25,116,6.78731e+243
25,117,6.88135e+243
25,118,6.96839e+243
25,119,7.0481e+243
25,120,7.12013e+243
25,121,7.18419e+243
25,122,7.23998e+243
25,123,7.28726e+243
25,124,7.32578e+243
25,125,7.35539e+243
25,126,7.37574e+243
25,127,7.38737e+243
25,128,7.38737e+243
26,0,2.47913e+241
26,1,2.47913e+241
26,2,2.50045e+241
26,3,2.52724e+241
26,4,2.56471e+241
26,5,2.61094e+241
26,6,2.66747e+241
26,7,2.73388e+241
26,8,2.81108e+241
26,9,2.89928e+241
26,10,2.99919e+241
26,11,3.11135e+241
26,12,3.23648e+241
26,13,3.37534e+241
26,14,3.52878e+241
26,15,3.69771e+241
26,16,3.88314e+241
26,17,4.08617e+241
26,18,4.30799e+241
26,19,4.54989e+241
26,20,4.81327e+241
26,21,5.09963e+241
26,22,5.41059e+241
26,23,5.74791e+241
26,24,6.11346e+241
26,25,6.50926e+241
26,26,6.93745e+241
26,27,7.40035e+241
26,28,7.90044e+241
26,29,8.44034e+241
26,30,9.02286e+241
26,31,9.65101e+241
26,32,1.0328e+242
26,33,1.10571e+242
26,34,1.18421e+242
26,35,1.26867e+242
26,36,1.35949e+242
26,37,1.45711e+242
26,38,1.56198e+242
26,39,1.67457e+242
26,40,1.79539e+242
26,41,1.92496e+242
26,42,2.06386e+242
26,43,2.21265e+242
26,44,2.37197e+242
26,45,2.54244e+242
26,46,2.72475e+242
26,47,2.91959e+242
26,48,3.12771e+242
26,49,3.34986e+242
26,50,3.58683e+242
26,51,3.83945e+242
26,52,4.10856e+242
26,53,4.39505e+242
26,54,4.69982e+242
26,55,5.02381e+242
26,56,5.36796e+242
26,57,5.73325e+242
26,58,6.12069e+242
26,59,6.53129e+242
26,60,6.96608e+242
26,61,7.42611e+242
26,62,7.91243e+242
26,63,8.42609e+242
26,64,8.96816e+242
26,65,9.53968e+242
26,66,1.01417e+243
26,67,1.07752e+243
26,68,1.14413e+243
26,69,1.21409e+243
26,70,1.2875e+243
26,71,1.36444e+243
26,72,1.445e+243
26,73,1.52926e+243
26,74,1.6173e+243
26,75,1.70917e+243
26,76,1.80494e+243
26,77,1.90465e+243
26,78,2.00834e+243
26,79,2.11603e+243
26,80,2.22775e+243
26,81,2.34348e+243
26,82,2.46322e+243
26,83,2.58693e+243
26,84,2.71457e+243
26,85,2.84607e+243
26,86,2.98136e+243
26,87,3.12034e+243
26,88,3.26288e+243
26,89,3.40884e+243
26,90,3.55807e+243
26,91,3.71038e+243
26,92,3.86557e+243
26,93,4.02341e+243
26,94,4.18365e+243
26,95,4.34602e+243
26,96,4.51023e+243
26,97,4.67597e+243
26,98,4.84289e+243
26,99,5.01064e+243
26,100,5.17884e+243
26,101,5.34709e+243
26,102,5.51499e+243
26,103,5.68209e+243
26,104,5.84796e+243
26,105,6.01213e+243
26,106,6.17413e+243
26,107,6.33347e+243
26,108,6.48969e+243
26,109,6.64227e+243
26,110,6.79072e+243
26,111,6.93455e+243
26,112,7.07326e+243
26,113,7.20637e+243
26,114,7.33339e+243
26,115,7.45386e+243
26,116,7.56732e+243
26,117,7.67334e+243
26,118,7.77148e+243
26,119,7.86137e+243
26,120,7.94261e+243
26,121,8.01486e+243
26,122,8.0778e+243
26,123,8.13114e+243
26,124,8.1746e+243
26,125,8.20801e+243
26,126,8.23098e+243
26,127,8.2441e+243
26,128,8.2441e+243
27,0,2.54815e+241
27,1,2.54815e+241
27,2,2.57081e+241
27,3,2.59938e+241
27,4,2.63931e+241
27,5,2.68865e+241
27,6,2.74896e+241
27,7,2.81987e+241
27,8,2.90232e+241
27,9,2.99656e+241
27,10,3.10335e+241
27,11,3.22326e+241
27,12,3.35711e+241
27,13,3.50569e+241
27,14,3.66994e+241
27,15,3.85085e+241
27,16,4.04951e+241
27,17,4.26714e+241
27,18,4.50501e+241
27,19,4.76454e+241
27,20,5.04726e+241
27,21,5.3548e+241
27,22,5.68894e+241
27,23,6.05159e+241
27,24,6.44479e+241
27,25,6.87077e+241
27,26,7.33187e+241
27,27,7.83063e+241
27,28,8.36975e+241
27,29,8.95213e+241
27,30,9.58086e+241
27,31,1.02592e+242
27,32,1.09907e+242
27,33,1.17791e+242
27,34,1.26283e+242
27,35,1.35426e+242
27,36,1.45264e+242
27,37,1.55844e+242
27,38,1.67217e+242
27,39,1.79434e+242
27,40,1.92553e+242
27,41,2.06631e+242
27,42,2.2173e+242
27,43,2.37916e+242
27,44,2.55257e+242
27,45,2.73824e+242
27,46,2.93691e+242
27,47,3.14938e+242
27,48,3.37646e+242
27,49,3.619e+242
27,50,3.87788e+242
27,51,4.15402e+242
27,52,4.44837e+242
27,53,4.76192e+242
27,54,5.09568e+242
27,55,5.45069e+242
27,56,5.82802e+242
27,57,6.22879e+242
27,58,6.6541e+242
27,59,7.10511e+242
27,60,7.58297e+242
27,61,8.08888e+242
27,62,8.62401e+242
27,63,9.18957e+242
27,64,9.78675e+242
27,65,1.04168e+243
27,66,1.10808e+243
27,67,1.178e+243
27,68,1.25155e+243
27,69,1.32885e+243
27,70,1.41e+243
27,71,1.49511e+243
27,72,1.58427e+243
27,73,1.67759e+243
27,74,1.77513e+243
27,75,1.87699e+243
27,76,1.98322e+243
27,77,2.09389e+243
27,78,2.20904e+243
27,79,2.3287e+243
27,80,2.4529e+243
27,81,2.58163e+243
27,82,2.71488e+243
27,83,2.85263e+243
27,84,2.99483e+243
27,85,3.14141e+243
27,86,3.29228e+243
27,87,3.44734e+243
27,88,3.60645e+243
27,89,3.76947e+243
27,90,3.93621e+243
27,91,4.10648e+243
27,92,4.28005e+243
27,93,4.45666e+243
27,94,4.63603e+243
27,95,4.81788e+243
27,96,5.00186e+243
27,97,5.18763e+243
27,98,5.3748e+243
27,99,5.56298e+243
27,100,5.75174e+243
27,101,5.94063e+243
27,102,6.12919e+243
27,103,6.31692e+243
27,104,6.50333e+243
27,105,6.68789e+243
27,106,6.87008e+243
27,107,7.04934e+243
27,108,7.22512e+243
27,109,7.39687e+243
27,110,7.56402e+243
27,111,7.726e+243
27,112,7.88226e+243
27,113,8.03224e+243
27,114,8.17539e+243
27,115,8.31119e+243
27,116,8.43912e+243
27,117,8.55866e+243
27,118,8.66936e+243
27,119,8.77075e+243
27,120,8.8624e+243
27,121,8.94392e+243
27,122,9.01495e+243
27,123,9.07514e+243
27,124,9.12419e+243
27,125,9.1619e+243
27,126,9.18782e+243
27,127,9.20263e+243
27,128,9.20263e+243
28,0,2.62131e+241
28,1,2.62131e+241
28,2,2.64538e+241
28,3,2.67585e+241
28,4,2.7184e+241
28,5,2.77104e+241
28,6,2.83539e+241
28,7,2.9111e+241
28,8,2.99916e+241
28,9,3.09984e+241
28,10,3.21397e+241
28,11,3.34218e+241
28,12,3.48533e+241
28,13,3.64432e+241
28,14,3.82013e+241
28,15,4.01386e+241
28,16,4.2267e+241
28,17,4.45996e+241
28,18,4.71504e+241
28,19,4.99348e+241
28,20,5.29694e+241
28,21,5.62722e+241
28,22,5.98624e+241
28,23,6.37611e+241
28,24,6.79906e+241
28,25,7.2575e+241
28,26,7.75401e+241
28,27,8.29139e+241
28,28,8.87258e+241
28,29,9.50076e+241
28,30,1.01793e+242
28,31,1.09119e+242
28,32,1.17023e+242
28,33,1.25547e+242
28,34,1.34734e+242
28,35,1.44631e+242
28,36,1.55287e+242
28,37,1.66753e+242
28,38,1.79086e+242
28,39,1.92343e+242
28,40,2.06587e+242
28,41,2.21881e+242
28,42,2.38295e+242
28,43,2.55901e+242
28,44,2.74775e+242
28,45,2.94995e+242
28,46,3.16646e+242
28,47,3.39813e+242
28,48,3.64589e+242
28,49,3.91067e+242
28,50,4.19347e+242
28,51,4.49531e+242
28,52,4.81725e+242
28,53,5.16039e+242
28,54,5.52587e+242
28,55,5.91486e+242
28,56,6.32856e+242
28,57,6.76821e+242
28,58,7.23507e+242
28,59,7.73044e+242
28,60,8.25562e+242
28,61,8.81195e+242
28,62,9.40077e+242
28,63,1.00234e+243
28,64,1.06813e+243
28,65,1.13758e+243
28,66,1.21081e+243
28,67,1.28797e+243
28,68,1.36919e+243
28,69,1.4546e+243
28,70,1.54431e+243
28,71,1.63845e+243
28,72,1.73714e+243
28,73,1.84048e+243
28,74,1.94857e+243
28,75,2.06149e+243
28,76,2.17934e+243
28,77,2.30217e+243
28,78,2.43005e+243
28,79,2.56301e+243
28,80,2.70108e+243
28,81,2.84427e+243
28,82,2.99257e+243
28,83,3.14596e+243
28,84,3.30438e+243
28,85,3.46777e+243
28,86,3.63603e+243
28,87,3.80905e+243
28,88,3.98669e+243
28,89,4.16877e+243
28,90,4.3551e+243
28,91,4.54546e+243
28,92,4.7396e+243
28,93,4.93723e+243
28,94,5.13806e+243
28,95,5.34173e+243
28,96,5.5479e+243
28,97,5.75614e+243
28,98,5.96606e+243
28,99,6.17719e+243
28,100,6.38905e+243
28,101,6.60114e+243
28,102,6.81294e+243
28,103,7.0239e+243
28,104,7.23343e+243
28,105,7.44097e+243
28,106,7.64589e+243
28,107,7.8476e+243
28,108,8.04544e+243
28,109,8.23881e+243
28,110,8.42704e+243
28,111,8.60951e+243
28,112,8.78558e+243
28,113,8.95461e+243
28,114,9.11599e+243
28,115,9.2691e+243
28,116,9.41337e+243
28,117,9.54821e+243
28,118,9.67309e+243
28,119,9.78749e+243
28,120,9.89091e+243
28,121,9.98292e+243
28,122,1.00631e+244
28,123,1.0131e+244
28,124,1.01864e+244
28,125,1.0229e+244
28,126,1.02582e+244
28,127,1.0275e+244
28,128,1.0275e+244
29,0,2.69874e+241
29,1,2.69874e+241
29,2,2.72432e+241
29,3,2.75681e+241
29,4,2.80214e+241
29,5,2.85831e+241
29,6,2.92697e+241
29,7,3.0078e+241
29,8,3.10183e+241
29,9,3.20938e+241
29,10,3.33135e+241
29,11,3.46841e+241
29,12,3.62151e+241
29,13,3.7916e+241
29,14,3.97977e+241
29,15,4.18721e+241
29,16,4.41522e+241
29,17,4.66521e+241
29,18,4.93872e+241
29,19,5.23742e+241
29,20,5.56312e+241
29,21,5.91778e+241
29,22,6.30351e+241
29,23,6.7226e+241
29,24,7.1775e+241
29,25,7.67083e+241
29,26,8.20545e+241
29,27,8.78437e+241
29,28,9.41086e+241
29,29,1.00884e+242
29,30,1.08207e+242
29,31,1.16117e+242
29,32,1.24657e+242
29,33,1.33872e+242
29,34,1.4381e+242
29,35,1.54522e+242
29,36,1.66063e+242
29,37,1.78489e+242
29,38,1.91861e+242
29,39,2.06245e+242
29,40,2.21708e+242
29,41,2.38323e+242
29,42,2.56165e+242
29,43,2.75313e+242
29,44,2.95853e+242
29,45,3.17872e+242
29,46,3.41463e+242
29,47,3.66722e+242
29,48,3.9375e+242
29,49,4.22654e+242
29,50,4.53544e+242
29,51,4.86533e+242
29,52,5.2174e+242
29,53,5.59289e+242
29,54,5.99306e+242
29,55,6.41924e+242
29,56,6.87276e+242
29,57,7.35503e+242
29,58,7.86745e+242
29,59,8.41148e+242
29,60,8.98861e+242
29,61,9.60033e+242
29,62,1.02482e+243
29,63,1.09337e+243
29,64,1.16583e+243
29,65,1.24237e+243
29,66,1.32314e+243
29,67,1.40829e+243
29,68,1.49797e+243
29,69,1.59232e+243
29,70,1.6915e+243
29,71,1.79563e+243
29,72,1.90485e+243
29,73,2.01928e+243
29,74,2.13904e+243
29,75,2.26424e+243
29,76,2.39496e+243
29,77,2.53129e+243
29,78,2.6733e+243
29,79,2.82103e+243
29,80,2.97453e+243
29,81,3.13381e+243
29,82,3.29886e+243
29,83,3.46966e+243
29,84,3.64617e+243
29,85,3.8283e+243
29,86,4.01596e+243
29,87,4.20903e+243
29,88,4.40735e+243
29,89,4.61073e+243
29,90,4.81897e+243
29,91,5.0318e+243
29,92,5.24897e+243
29,93,5.47016e+243
29,94,5.69501e+243
29,95,5.92317e+243
29,96,6.1542e+243
29,97,6.38769e+243
29,98,6.62313e+243
29,99,6.86004e+243
29,100,7.09787e+243
29,101,7.33605e+243
29,102,7.57399e+243
29,103,7.81107e+243
29,104,8.04664e+243
29,105,8.28005e+243
29,106,8.51059e+243
29,107,8.73759e+243
29,108,8.96031e+243
29,109,9.17805e+243
29,110,9.39008e+243
29,111,9.59567e+243
29,112,9.7941e+243
29,113,9.98464e+243
29,114,1.01666e+244
29,115,1.03393e+244
29,116,1.0502e+244
29,117,1.06541e+244
29,118,1.07951e+244
29,119,1.09242e+244
29,120,1.10409e+244
29,121,1.11448e+244
29,122,1.12353e+244
29,123,1.1312e+244
29,124,1.13745e+244
29,125,1.14226e+244
29,126,1.14556e+244
29,127,1.14745e+244
29,128,1.14745e+244
30,0,2.78063e+241
30,1,2.78063e+241
30,2,2.8078e+241
30,3,2.84244e+241
30,4,2.89073e+241
30,5,2.95065e+241
30,6,3.0239e+241
30,7,3.11018e+241
30,8,3.21057e+241
30,9,3.32545e+241
30,10,3.45576e+241
30,11,3.60227e+241
30,12,3.76597e+241
30,13,3.94792e+241
30,14,4.1493e+241
30,15,4.37139e+241
30,16,4.61561e+241
30,17,4.88349e+241
30,18,5.17672e+241
30,19,5.4971e+241
30,20,5.84663e+241
30,21,6.22742e+241
30,22,6.64179e+241
30,23,7.09223e+241
30,24,7.58142e+241
30,25,8.11224e+241
30,26,8.68779e+241
30,27,9.31139e+241
30,28,9.98661e+241
30,29,1.07173e+242
30,30,1.15074e+242
30,31,1.23615e+242
30,32,1.32841e+242
30,33,1.42801e+242
30,34,1.5355e+242
30,35,1.65143e+242
30,36,1.77639e+242
30,37,1.91103e+242
30,38,2.05601e+242
30,39,2.21205e+242
30,40,2.3799e+242
30,41,2.56036e+242
30,42,2.75426e+242
30,43,2.96249e+242
30,44,3.18599e+242
30,45,3.42573e+242
30,46,3.68274e+242
30,47,3.95809e+242
30,48,4.25291e+242
30,49,4.56838e+242
30,50,4.90573e+242
30,51,5.26622e+242
30,52,5.65119e+242
30,53,6.06202e+242
30,54,6.50012e+242
30,55,6.96696e+242
30,56,7.46407e+242
30,57,7.993e+242
30,58,8.55535e+242
30,59,9.15275e+242
30,60,9.78688e+242
30,61,1.04594e+243
30,62,1.11721e+243
30,63,1.19266e+243
30,64,1.27248e+243
30,65,1.35683e+243
30,66,1.4459e+243
30,67,1.53985e+243
30,68,1.63886e+243
30,69,1.74309e+243
30,70,1.85271e+243
30,71,1.96788e+243
30,72,2.08875e+243
30,73,2.21545e+243
30,74,2.34814e+243
30,75,2.48692e+243
30,76,2.63192e+243
30,77,2.78322e+243
30,78,2.94092e+243
30,79,3.10506e+243
30,80,3.27571e+243
30,81,3.45287e+243
30,82,3.63656e+243
30,83,3.82676e+243
30,84,4.02341e+243
30,85,4.22643e+243
30,86,4.43574e+243
30,87,4.65118e+243
30,88,4.87259e+243
30,89,5.09977e+243
30,90,5.33249e+243
30,91,5.57048e+243
30,92,5.81342e+243
30,93,6.06097e+243
30,94,6.31276e+243
30,95,6.56835e+243
30,96,6.82729e+243
30,97,7.08908e+243
30,98,7.35319e+243
30,99,7.61906e+243
30,100,7.88606e+243
30,101,8.15357e+243
30,102,8.42092e+243
30,103,8.6874e+243
30,104,8.95228e+243
30,105,9.21482e+243
30,106,9.47423e+243
30,107,9.72973e+243
30,108,9.9805e+243
30,109,1.02257e+244
30,110,1.04646e+244
30,111,1.06963e+244
30,112,1.092e+244
30,113,1.11348e+244
30,114,1.134e+244
30,115,1.15348e+244
30,116,1.17184e+244
30,117,1.18901e+244
30,118,1.20491e+244
30,119,1.21948e+244
30,120,1.23266e+244
30,121,1.24439e+244
30,122,1.25461e+244
30,123,1.26328e+244
30,124,1.27034e+244
30,125,1.27577e+244
30,126,1.2795e+244
30,127,1.28163e+244
30,128,1.28163e+244
31,0,2.86712e+241
31,1,2.86712e+241
31,2,2.89599e+241
31,3,2.9329e+241
31,4,2.98435e+241
31,5,3.04826e+241
31,6,3.12638e+241
31,7,3.21846e+241
31,8,3.32562e+241
31,9,3.44831e+241
31,10,3.58752e+241
31,11,3.74408e+241
31,12,3.9191e+241
31,13,4.1137e+241
31,14,4.32917e+241
31,15,4.5669e+241
31,16,4.82843e+241
31,17,5.11543e+241
31,18,5.42974e+241
31,19,5.77332e+241
31,20,6.14834e+241
31,21,6.55712e+241
31,22,7.00217e+241
31,23,7.48622e+241
31,24,8.01219e+241
31,25,8.58323e+241
31,26,9.20274e+241
31,27,9.87434e+241
31,28,1.06019e+242
31,29,1.13897e+242
31,30,1.22422e+242
31,31,1.31641e+242
31,32,1.41606e+242
31,33,1.52371e+242
31,34,1.63994e+242
31,35,1.76537e+242
31,36,1.90067e+242
31,37,2.04652e+242
31,38,2.20367e+242
31,39,2.37292e+242
31,40,2.55508e+242
31,41,2.75104e+242
31,42,2.96173e+242
31,43,3.18814e+242
31,44,3.43128e+242
31,45,3.69225e+242
31,46,3.9722e+242
31,47,4.2723e+242
31,48,4.59383e+242
31,49,4.93808e+242
31,50,5.30642e+242
31,51,5.70029e+242
31,52,6.12115e+242
31,53,6.57055e+242
31,54,7.05008e+242
31,55,7.56138e+242
31,56,8.10617e+242
31,57,8.68618e+242
31,58,9.30321e+242
31,59,9.9591e+242
31,60,1.06557e+243
31,61,1.1395e+243
31,62,1.21789e+243
31,63,1.30093e+243
31,64,1.38883e+243
31,65,1.48178e+243
31,66,1.57998e+243
31,67,1.68363e+243
31,68,1.79292e+243
31,69,1.90805e+243
31,70,2.0292e+243
31,71,2.15656e+243
31,72,2.2903e+243
31,73,2.43059e+243
31,74,2.57758e+243
31,75,2.73141e+243
31,76,2.89223e+243
31,77,3.06013e+243
31,78,3.23523e+243
31,79,3.4176e+243
31,80,3.60729e+243
31,81,3.80434e+243
31,82,4.00877e+243
31,83,4.22055e+243
31,84,4.43963e+243
31,85,4.66594e+243
31,86,4.89938e+243
31,87,5.13978e+243
31,88,5.38698e+243
31,89,5.64076e+243
31,90,5.90085e+243
31,91,6.16695e+243
31,92,6.43874e+243
31,93,6.71582e+243
31,94,6.99776e+243
31,95,7.28411e+243
31,96,7.57434e+243
31,97,7.8679e+243
31,98,8.16419e+243
31,99,8.46258e+243
31,100,8.76237e+243
31,101,9.06286e+243
31,102,9.36327e+243
31,103,9.66283e+243
31,104,9.96071e+243
31,105,1.02561e+244
31,106,1.0548e+244
31,107,1.08356e+244
31,108,1.1118e+244
31,109,1.13943e+244
31,110,1.16634e+244
31,111,1.19246e+244
31,112,1.21767e+244
31,113,1.2419e+244
31,114,1.26505e+244
31,115,1.28702e+244
31,116,1.30774e+244
31,117,1.32712e+244
31,118,1.34507e+244
31,119,1.36153e+244
31,120,1.37641e+244
31,121,1.38965e+244
31,122,1.4012e+244
31,123,1.41099e+244
31,124,1.41896e+244
31,125,1.4251e+244
31,126,1.42932e+244
31,127,1.43173e+244
31,128,1.43173e+244
32,0,2.9584e+241
32,1,2.9584e+241
32,2,2.98906e+241
32,3,3.02839e+241
32,4,3.08318e+241
32,5,3.15132e+241
32,6,3.23463e+241
32,7,3.33287e+241
32,8,3.44724e+241
32,9,3.57823e+241
32,10,3.72691e+241
32,11,3.89419e+241
32,12,4.08126e+241
32,13,4.28934e+241
32,14,4.51982e+241
32,15,4.77424e+241
32,16,5.05425e+241
32,17,5.36167e+241
32,18,5.69849e+241
32,19,6.06687e+241
32,20,6.46915e+241
32,21,6.90787e+241
32,22,7.38577e+241
32,23,7.90582e+241
32,24,8.47121e+241
32,25,9.08539e+241
32,26,9.75206e+241
32,27,1.04752e+242
32,28,1.12591e+242
32,29,1.21083e+242
32,30,1.30277e+242
32,31,1.40227e+242
32,32,1.50987e+242
32,33,1.62618e+242
32,34,1.75184e+242
32,35,1.88753e+242
32,36,2.03398e+242
32,37,2.19194e+242
32,38,2.36225e+242
32,39,2.54577e+242
32,40,2.74342e+242
32,41,2.95618e+242
32,42,3.18506e+242
32,43,3.43116e+242
32,44,3.69561e+242
32,45,3.97964e+242
32,46,4.28449e+242
32,47,4.6115e+242
32,48,4.96206e+242
32,49,5.33763e+242
32,50,5.73974e+242
32,51,6.16996e+242
32,52,6.62996e+242
32,53,7.12145e+242
32,54,7.64621e+242
32,55,8.20609e+242
32,56,8.80299e+242
32,57,9.43888e+242
32,58,1.01158e+243
32,59,1.08357e+243
32,60,1.16009e+243
32,61,1.24134e+243
32,62,1.32754e+243
32,63,1.41892e+243
32,64,1.51569e+243
32,65,1.61809e+243
32,66,1.72635e+243
32,67,1.84068e+243
32,68,1.9613e+243
32,69,2.08845e+243
32,70,2.22232e+243
32,71,2.36314e+243
32,72,2.51111e+243
32,73,2.66641e+243
32,74,2.82922e+243
32,75,2.99972e+243
32,76,3.17806e+243
32,77,3.36437e+243
32,78,3.55877e+243
32,79,3.76136e+243
32,80,3.97221e+243
32,81,4.19137e+243
32,82,4.41885e+243
32,83,4.65465e+243
32,84,4.89872e+243
32,85,5.15098e+243
32,86,5.41131e+243
32,87,5.67957e+243
32,88,5.95555e+243
32,89,6.23903e+243
32,90,6.52971e+243
32,91,6.82726e+243
32,92,7.13132e+243
32,93,7.44145e+243
32,94,7.75718e+243
32,95,8.078e+243
32,96,8.40332e+243
32,97,8.73252e+243
32,98,9.06494e+243
32,99,9.39985e+243
32,100,9.73649e+243
32,101,1.0074e+244
32,102,1.04117e+244
32,103,1.07484e+244
32,104,1.10835e+244
32,105,1.14158e+244
32,106,1.17443e+244
32,107,1.20682e+244
32,108,1.23862e+244
32,109,1.26975e+244
32,110,1.30008e+244
32,111,1.32952e+244
32,112,1.35795e+244
32,113,1.38528e+244
32,114,1.41139e+244
32,115,1.43619e+244
32,116,1.45958e+244
32,117,1.48145e+244
32,118,1.50172e+244
32,119,1.5203e+244
32,120,1.53711e+244
32,121,1.55208e+244
32,122,1.56512e+244
32,123,1.57618e+244
32,124,1.58519e+244
32,125,1.59212e+244
32,126,1.59689e+244
32,127,1.59961e+244
32,128,1.59961e+244
33,0,3.05462e+241
33,1,3.05462e+241
33,2,3.08718e+241
33,3,3.12907e+241
33,4,3.18742e+241
33,5,3.26005e+241
33,6,3.34886e+241
33,7,3.45365e+241
33,8,3.57568e+241
33,9,3.71549e+241
33,10,3.87424e+241
33,11,4.05293e+241
33,12,4.25282e+241
33,13,4.47525e+241
33,14,4.72175e+241
33,15,4.99394e+241
33,16,5.29365e+241
33,17,5.62286e+241
33,18,5.98372e+241
33,19,6.37858e+241
33,20,6.80999e+241
33,21,7.28072e+241
33,22,7.79376e+241
33,23,8.35234e+241
33,24,8.95995e+241
33,25,9.62035e+241
33,26,1.03376e+242
33,27,1.1116e+242
33,28,1.19603e+242
33,29,1.28755e+242
33,30,1.38669e+242
33,31,1.49404e+242
33,32,1.6102e+242
33,33,1.73584e+242
33,34,1.87166e+242
33,35,2.01841e+242
33,36,2.17688e+242
33,37,2.34792e+242
33,38,2.53244e+242
33,39,2.73139e+242
33,40,2.94578e+242
33,41,3.1767e+242
33,42,3.42528e+242
33,43,3.69271e+242
33,44,3.98028e+242
33,45,4.2893e+242
33,46,4.62119e+242
33,47,4.97743e+242
33,48,5.35955e+242
33,49,5.76919e+242
33,50,6.20803e+242
33,51,6.67785e+242
33,52,7.18049e+242
33,53,7.71788e+242
33,54,8.29199e+242
33,55,8.90491e+242
33,56,9.55875e+242
33,57,1.02557e+243
33,58,1.09981e+243
33,59,1.17882e+243
33,60,1.26284e+243
33,61,1.35211e+243
33,62,1.44689e+243
33,63,1.54742e+243
33,64,1.65395e+243
33,65,1.76674e+243
33,66,1.88605e+243
33,67,2.01214e+243
33,68,2.14525e+243
33,69,2.28563e+243
33,70,2.43355e+243
33,71,2.58922e+243
33,72,2.7529e+243
33,73,2.92479e+243
33,74,3.1051e+243
33,75,3.29404e+243
33,76,3.49179e+243
33,77,3.6985e+243
33,78,3.91431e+243
33,79,4.13934e+243
33,80,4.37368e+243
33,81,4.6174e+243
33,82,4.87052e+243
33,83,5.13304e+243
33,84,5.40492e+243
33,85,5.68608e+243
33,86,5.9764e+243
33,87,6.27573e+243
33,88,6.58384e+243
33,89,6.90048e+243
33,90,7.22534e+243
33,91,7.55805e+243
33,92,7.89821e+243
33,93,8.24535e+243
33,94,8.59893e+243
33,95,8.95837e+243
33,96,9.32303e+243
33,97,9.69223e+243
33,98,1.00652e+244
33,99,1.04411e+244
33,100,1.08192e+244
33,101,1.11984e+244
33,102,1.15778e+244
33,103,1.19565e+244
33,104,1.23333e+244
33,105,1.27073e+244
33,106,1.30771e+244
33,107,1.34418e+244
33,108,1.38001e+244
33,109,1.41508e+244
33,110,1.44927e+244
33,111,1.48246e+244
33,112,1.51453e+244
33,113,1.54535e+244
33,114,1.57482e+244
33,115,1.60281e+244
33,116,1.62921e+244
33,117,1.65391e+244
33,118,1.6768e+244
33,119,1.69779e+244
33,120,1.71678e+244
33,121,1.73368e+244
33,122,1.74842e+244
33,123,1.76092e+244
33,124,1.77111e+244
33,125,1.77894e+244
33,126,1.78433e+244
33,127,1.78741e+244
33,128,1.78741e+244
34,0,3.15596e+241
34,1,3.15596e+241
34,2,3.19053e+241
34,3,3.23514e+241
34,4,3.29724e+241
34,5,3.37465e+241
34,6,3.4693e+241
34,7,3.58104e+241
34,8,3.7112e+241
34,9,3.86038e+241
34,10,4.02984e+241
34,11,4.22064e+241
34,12,4.43417e+241
34,13,4.67188e+241
34,14,4.93541e+241
34,15,5.22654e+241
34,16,5.54725e+241
34,17,5.89968e+241
34,18,6.28618e+241
34,19,6.7093e+241
34,20,7.17182e+241
34,21,7.67675e+241
34,22,8.22735e+241
34,23,8.82714e+241
34,24,9.47993e+241
34,25,1.01898e+242
34,26,1.09612e+242
34,27,1.17989e+242
34,28,1.2708e+242
34,29,1.3694e+242
34,30,1.47628e+242
34,31,1.59206e+242
34,32,1.71743e+242
34,33,1.85311e+242
34,34,1.99986e+242
34,35,2.15851e+242
34,36,2.32995e+242
34,37,2.51509e+242
34,38,2.71494e+242
34,39,2.93055e+242
34,40,3.16305e+242
34,41,3.41361e+242
34,42,3.68349e+242
34,43,3.97403e+242
34,44,4.28663e+242
34,45,4.62276e+242
34,46,4.98398e+242
34,47,5.37193e+242
34,48,5.78834e+242
34,49,6.235e+242
34,50,6.7138e+242
34,51,7.22671e+242
34,52,7.7758e+242
34,53,8.3632e+242
34,54,8.99114e+242
34,55,9.66192e+242
34,56,1.0378e+243
34,57,1.11417e+243
34,58,1.19557e+243
34,59,1.28225e+243
34,60,1.37449e+243
34,61,1.47256e+243
34,62,1.57673e+243
34,63,1.6873e+243
34,64,1.80454e+243
34,65,1.92875e+243
34,66,2.06022e+243
34,67,2.19923e+243
34,68,2.34609e+243
34,69,2.50107e+243
34,70,2.66446e+243
34,71,2.83652e+243
34,72,3.01754e+243
34,73,3.20776e+243
34,74,3.40743e+243
34,75,3.61677e+243
34,76,3.836e+243
34,77,4.0653e+243
34,78,4.30484e+243
34,79,4.55477e+243
34,80,4.81519e+243
34,81,5.08619e+243
34,82,5.3678e+243
34,83,5.66005e+243
34,84,5.96288e+243
34,85,6.27624e+243
34,86,6.59998e+243
34,87,6.93395e+243
34,88,7.27791e+243
34,89,7.63158e+243
34,90,7.99463e+243
34,91,8.36666e+243
34,92,8.74721e+243
34,93,9.13576e+243
34,94,9.53172e+243
34,95,9.93445e+243
34,96,1.03432e+244
34,97,1.07573e+244
34,98,1.11758e+244
34,99,1.15978e+244
34,100,1.20223e+244
34,101,1.24484e+244
34,102,1.28749e+244
34,103,1.33007e+244
34,104,1.37246e+244
34,105,1.41454e+244
34,106,1.45618e+244
34,107,1.49725e+244
34,108,1.53761e+244
34,109,1.57713e+244
34,110,1.61568e+244
34,111,1.6531e+244
34,112,1.68928e+244
34,113,1.72406e+244
34,114,1.75731e+244
34,115,1.78891e+244
34,116,1.81872e+244
34,117,1.84661e+244
34,118,1.87247e+244
34,119,1.89618e+244
34,120,1.91764e+244
34,121,1.93674e+244
34,122,1.9534e+244
34,123,1.96752e+244
34,124,1.97904e+244
34,125,1.9879e+244
34,126,1.99399e+244
34,127,1.99747e+244
34,128,1.99747e+244
35,0,3.26259e+241
35,1,3.26259e+241
35,2,3.29928e+241
35,3,3.34676e+241
35,4,3.41285e+241
35,5,3.49531e+241
35,6,3.59615e+241
35,7,3.71526e+241
35,8,3.85405e+241
35,9,4.01319e+241
35,10,4.19401e+241
35,11,4.39768e+241
35,12,4.62571e+241
35,13,4.87966e+241
35,14,5.16131e+241
35,15,5.4726e+241
35,16,5.81566e+241
35,17,6.19283e+241
35,18,6.60666e+241
35,19,7.05991e+241
35,20,7.55563e+241
35,21,8.09706e+241
35,22,8.68778e+241
35,23,9.33161e+241
35,24,1.00327e+242
35,25,1.07956e+242
35,26,1.1625e+242
35,27,1.25262e+242
35,28,1.35047e+242
35,29,1.45666e+242
35,30,1.57183e+242
35,31,1.69668e+242
35,32,1.83194e+242
35,33,1.9784e+242
35,34,2.13692e+242
35,35,2.3084e+242
35,36,2.49379e+242
35,37,2.69413e+242
35,38,2.91052e+242
35,39,3.14411e+242
35,40,3.39615e+242
35,41,3.66793e+242
35,42,3.96086e+242
35,43,4.27639e+242
35,44,4.61609e+242
35,45,4.98158e+242
35,46,5.3746e+242
35,47,5.79697e+242
35,48,6.25058e+242
35,49,6.73746e+242
35,50,7.25969e+242
35,51,7.81948e+242
35,52,8.41911e+242
35,53,9.06099e+242
35,54,9.74759e+242
35,55,1.04815e+243
35,56,1.12654e+243
35,57,1.2102e+243
35,58,1.29943e+243
35,59,1.3945e+243
35,60,1.49574e+243
35,61,1.60343e+243
35,62,1.71791e+243
35,63,1.83948e+243
35,64,1.96848e+243
35,65,2.10523e+243
35,66,2.25006e+243
35,67,2.4033e+243
35,68,2.56528e+243
35,69,2.73633e+243
35,70,2.91677e+243
35,71,3.10691e+243
35,72,3.30707e+243
35,73,3.51753e+243
35,74,3.73858e+243
35,75,3.97049e+243
35,76,4.21349e+243
35,77,4.46782e+243
35,78,4.73367e+243
35,79,5.0112e+243
35,80,5.30056e+243
35,81,5.60186e+243
35,82,5.91514e+243
35,83,6.24044e+243
35,84,6.57772e+243
35,85,6.92692e+243
35,86,7.2879e+243
35,87,7.6605e+243
35,88,8.04445e+243
35,89,8.43947e+243
35,90,8.84518e+243
35,91,9.26115e+243
35,92,9.68687e+243
35,93,1.01218e+244
35,94,1.05652e+244
35,95,1.10164e+244
35,96,1.14747e+244
35,97,1.1939e+244
35,98,1.24086e+244
35,99,1.28824e+244
35,100,1.33592e+244
35,101,1.38379e+244
35,102,1.43174e+244
35,103,1.47962e+244
35,104,1.52731e+244
35,105,1.57467e+244
35,106,1.62155e+244
35,107,1.66781e+244
35,108,1.71329e+244
35,109,1.75783e+244
35,110,1.80129e+244
35,111,1.8435e+244
35,112,1.88431e+244
35,113,1.92356e+244
35,114,1.9611e+244
35,115,1.99677e+244
35,116,2.03043e+244
35,117,2.06194e+244
35,118,2.09115e+244
35,119,2.11795e+244
35,120,2.1422e+244
35,121,2.16379e+244
35,122,2.18262e+244
35,123,2.19859e+244
35,124,2.21161e+244
35,125,2.22163e+244
35,126,2.22852e+244
35,127,2.23245e+244
35,128,2.23245e+244
36,0,3.37467e+241
36,1,3.37467e+241
36,2,3.4136e+241
36,3,3.46411e+241
36,4,3.53442e+241
36,5,3.62224e+241
36,6,3.72963e+241
36,7,3.85657e+241
36,8,4.0045e+241
36,9,4.17419e+241
36,10,4.36707e+241
36,11,4.58441e+241
36,12,4.82784e+241
36,13,5.09904e+241
36,14,5.39995e+241
36,15,5.73267e+241
36,16,6.09951e+241
36,17,6.50301e+241
36,18,6.94594e+241
36,19,7.43131e+241
36,20,7.96241e+241
36,21,8.54279e+241
36,22,9.17632e+241
36,23,9.86719e+241
36,24,1.06199e+242
36,25,1.14394e+242
36,26,1.23308e+242
36,27,1.33e+242
36,28,1.43529e+242
36,29,1.54962e+242
36,30,1.67369e+242
36,31,1.80826e+242
36,32,1.95414e+242
36,33,2.11219e+242
36,34,2.28336e+242
36,35,2.46862e+242
36,36,2.66904e+242
36,37,2.88576e+242
36,38,3.11996e+242
36,39,3.37295e+242
36,40,3.64607e+242
36,41,3.94077e+242
36,42,4.2586e+242
36,43,4.60115e+242
36,44,4.97017e+242
36,45,5.36745e+242
36,46,5.79492e+242
36,47,6.25459e+242
36,48,6.74857e+242
36,49,7.2791e+242
36,50,7.84852e+242
36,51,8.45926e+242
36,52,9.11388e+242
36,53,9.81504e+242
36,54,1.05655e+243
36,55,1.13682e+243
36,56,1.22262e+243
36,57,1.31424e+243
36,58,1.41201e+243
36,59,1.51626e+243
36,60,1.62733e+243
36,61,1.74557e+243
36,62,1.87133e+243
36,63,2.00497e+243
36,64,2.14686e+243
36,65,2.29737e+243
36,66,2.45687e+243
36,67,2.62575e+243
36,68,2.80437e+243
36,69,2.99311e+243
36,70,3.19233e+243
36,71,3.40241e+243
36,72,3.62368e+243
36,73,3.85649e+243
36,74,4.10117e+243
36,75,4.35801e+243
36,76,4.62732e+243
36,77,4.90935e+243
36,78,5.20434e+243
36,79,5.51249e+243
36,80,5.83396e+243
36,81,6.16888e+243
36,82,6.51735e+243
36,83,6.87939e+243
36,84,7.255e+243
36,85,7.64411e+243
36,86,8.04658e+243
36,87,8.46223e+243
36,88,8.8908e+243
36,89,9.33197e+243
36,90,9.78533e+243
36,91,1.02504e+244
36,92,1.07267e+244
36,93,1.12134e+244
36,94,1.171e+244
36,95,1.22156e+244
36,96,1.27293e+244
36,97,1.32501e+244
36,98,1.3777e+244
36,99,1.43088e+244
36,100,1.48444e+244
36,101,1.53823e+244
36,102,1.59213e+244
36,103,1.64599e+244
36,104,1.69965e+244
36,105,1.75295e+244
36,106,1.80574e+244
36,107,1.85785e+244
36,108,1.90909e+244
36,109,1.95931e+244
36,110,2.00831e+244
36,111,2.05593e+244
36,112,2.10197e+244
36,113,2.14627e+244
36,114,2.18865e+244
36,115,2.22893e+244
36,116,2.26695e+244
36,117,2.30255e+244
36,118,2.33556e+244
36,119,2.36585e+244
36,120,2.39326e+244
36,121,2.41767e+244
36,122,2.43896e+244
36,123,2.45702e+244
36,124,2.47175e+244
36,125,2.48307e+244
36,126,2.49086e+244
36,127,2.49532e+244
36,128,2.49532e+244
37,0,3.49237e+241
37,1,3.49237e+241
37,2,3.53366e+241
37,3,3.58739e+241
37,4,3.66216e+241
37,5,3.75563e+241
37,6,3.86997e+241
37,7,4.00518e+241
37,8,4.1628e+241
37,9,4.34368e+241
37,10,4.54935e+241
37,11,4.78119e+241
37,12,5.04095e+241
37,13,5.33047e+241
37,14,5.65183e+241
37,15,6.00732e+241
37,16,6.39945e+241
37,17,6.83096e+241
37,18,7.30485e+241
37,19,7.82441e+241
37,20,8.3932e+241
37,21,9.01509e+241
37,22,9.69429e+241
37,23,1.04353e+242
37,24,1.12432e+242
37,25,1.21231e+242
37,26,1.30809e+242
37,27,1.41227e+242
37,28,1.52553e+242
37,29,1.64857e+242
37,30,1.78218e+242
37,31,1.92717e+242
37,32,2.08444e+242
37,33,2.25494e+242
37,34,2.43969e+242
37,35,2.63977e+242
37,36,2.85636e+242
37,37,3.09069e+242
37,38,3.34409e+242
37,39,3.61798e+242
37,40,3.91384e+242
37,41,4.23327e+242
37,42,4.57797e+242
37,43,4.94973e+242
37,44,5.35045e+242
37,45,5.78213e+242
37,46,6.24689e+242
37,47,6.74697e+242
37,48,7.28472e+242
37,49,7.86261e+242
37,50,8.48324e+242
37,51,9.14933e+242
37,52,9.86372e+242
37,53,1.06294e+243
37,54,1.14494e+243
37,55,1.23271e+243
37,56,1.32657e+243
37,57,1.42687e+243
37,58,1.53398e+243
37,59,1.64825e+243
37,60,1.77008e+243
37,61,1.89984e+243
37,62,2.03796e+243
37,63,2.18482e+243
37,64,2.34084e+243
37,65,2.50645e+243
37,66,2.68207e+243
37,67,2.86813e+243
37,68,3.06504e+243
37,69,3.27324e+243
37,70,3.49316e+243
37,71,3.72519e+243
37,72,3.96974e+243
37,73,4.22722e+243
37,74,4.49798e+243
37,75,4.7824e+243
37,76,5.0808e+243
37,77,5.39349e+243
37,78,5.72075e+243
37,79,6.06282e+243
37,80,6.41991e+243
37,81,6.79217e+243
37,82,7.17971e+243
37,83,7.5826e+243
37,84,8.00083e+243
37,85,8.43435e+243
37,86,8.88303e+243
37,87,9.34667e+243
37,88,9.82501e+243
37,89,1.03177e+244
37,90,1.08243e+244
37,91,1.13442e+244
37,92,1.1877e+244
37,93,1.24218e+244
37,94,1.29779e+244
37,95,1.35443e+244
37,96,1.41202e+244
37,97,1.47043e+244
37,98,1.52956e+244
37,99,1.58927e+244
37,100,1.64942e+244
37,101,1.70987e+244
37,102,1.77047e+244
37,103,1.83104e+244
37,104,1.89142e+244
37,105,1.95143e+244
37,106,2.01088e+244
37,107,2.06958e+244
37,108,2.12733e+244
37,109,2.18394e+244
37,110,2.23921e+244
37,111,2.29293e+244
37,112,2.34489e+244
37,113,2.3949e+244
37,114,2.44275e+244
37,115,2.48824e+244
37,116,2.5312e+244
37,117,2.57142e+244
37,118,2.60873e+244
37,119,2.64296e+244
37,120,2.67395e+244
37,121,2.70156e+244
37,122,2.72563e+244
37,123,2.74606e+244
37,124,2.76272e+244
37,125,2.77553e+244
37,126,2.78435e+244
37,127,2.78939e+244
37,128,2.78939e+244
38,0,3.61585e+241
38,1,3.61585e+241
38,2,3.65963e+241
38,3,3.71675e+241
38,4,3.79624e+241
38,5,3.8957e+241
38,6,4.01739e+241
38,7,4.16135e+241
38,8,4.32923e+241
38,9,4.52196e+241
38,10,4.74116e+241
38,11,4.98836e+241
38,12,5.26544e+241
38,13,5.57439e+241
38,14,5.91746e+241
38,15,6.29713e+241
38,16,6.71611e+241
38,17,7.17739e+241
38,18,7.68421e+241
38,19,8.24015e+241
38,20,8.84906e+241
38,21,9.51517e+241
38,22,1.0243e+242
38,23,1.10376e+242
38,24,1.19042e+242
38,25,1.28487e+242
38,26,1.38774e+242
38,27,1.49969e+242
38,28,1.62146e+242
38,29,1.75383e+242
38,30,1.89764e+242
38,31,2.0538e+242
38,32,2.22329e+242
38,33,2.40713e+242
38,34,2.60646e+242
38,35,2.82247e+242
38,36,3.05643e+242
38,37,3.30971e+242
38,38,3.58377e+242
38,39,3.88015e+242
38,40,4.20052e+242
38,41,4.54662e+242
38,42,4.92033e+242
38,43,5.32362e+242
38,44,5.75858e+242
38,45,6.22745e+242
38,46,6.73256e+242
38,47,7.2764e+242
38,48,7.86156e+242
38,49,8.49079e+242
38,50,9.16699e+242
38,51,9.89317e+242
38,52,1.06725e+243
38,53,1.15083e+243
38,54,1.2404e+243
38,55,1.33633e+243
38,56,1.43898e+243
38,57,1.54875e+243
38,58,1.66603e+243
38,59,1.79125e+243
38,60,1.92482e+243
38,61,2.0672e+243
38,62,2.21883e+243
38,63,2.38016e+243
38,64,2.55168e+243
38,65,2.73385e+243
38,66,2.92715e+243
38,67,3.13207e+243
38,68,3.3491e+243
38,69,3.57871e+243
38,70,3.82139e+243
38,71,4.07761e+243
38,72,4.34783e+243
38,73,4.63251e+243
38,74,4.93208e+243
38,75,5.24695e+243
38,76,5.57751e+243
38,77,5.92413e+243
38,78,6.28712e+243
38,79,6.66678e+243
38,80,7.06335e+243
38,81,7.47703e+243
38,82,7.90797e+243
38,83,8.35624e+243
38,84,8.82188e+243
38,85,9.30482e+243
38,86,9.80496e+243
38,87,1.03221e+244
38,88,1.08559e+244
38,89,1.14061e+244
38,90,1.19721e+244
38,91,1.25534e+244
38,92,1.31493e+244
38,93,1.3759e+244
38,94,1.43817e+244
38,95,1.50164e+244
38,96,1.56619e+244
38,97,1.63171e+244
38,98,1.69806e+244
38,99,1.7651e+244
38,100,1.83266e+244
38,101,1.9006e+244
38,102,1.96873e+244
38,103,2.03686e+244
38,104,2.10481e+244
38,105,2.17236e+244
38,106,2.23932e+244
38,107,2.30546e+244
38,108,2.37056e+244
38,109,2.43439e+244
38,110,2.49672e+244
38,111,2.55733e+244
38,112,2.61598e+244
38,113,2.67244e+244
38,114,2.72648e+244
38,115,2.77788e+244
38,116,2.82641e+244
38,117,2.87187e+244
38,118,2.91404e+244
38,119,2.95275e+244
38,120,2.98779e+244
38,121,3.01901e+244
38,122,3.04625e+244
38,123,3.06935e+244
38,124,3.0882e+244
38,125,3.1027e+244
38,126,3.11267e+244
38,127,3.11838e+244
38,128,3.11838e+244
39,0,3.74528e+241
39,1,3.74528e+241
39,2,3.79169e+241
39,3,3.85239e+241
39,4,3.93685e+241
39,5,4.04264e+241
39,6,4.17209e+241
39,7,4.32531e+241
39,8,4.50403e+241
39,9,4.70929e+241
39,10,4.94284e+241
39,11,5.20631e+241
39,12,5.50173e+241
39,13,5.83127e+241
39,14,6.19736e+241
39,15,6.60268e+241
39,16,7.05016e+241
39,17,7.54305e+241
39,18,8.08486e+241
39,19,8.67947e+241
39,20,9.33106e+241
39,21,1.00442e+242
39,22,1.08239e+242
39,23,1.16755e+242
39,24,1.26048e+242
39,25,1.36182e+242
39,26,1.47224e+242
39,27,1.59249e+242
39,28,1.72336e+242
39,29,1.8657e+242
39,30,2.02043e+242
39,31,2.18855e+242
39,32,2.37112e+242
39,33,2.56928e+242
39,34,2.78425e+242
39,35,3.01734e+242
39,36,3.26996e+242
39,37,3.54361e+242
39,38,3.83988e+242
39,39,4.16048e+242
39,40,4.50723e+242
39,41,4.88207e+242
39,42,5.28705e+242
39,43,5.72436e+242
39,44,6.19631e+242
39,45,6.70535e+242
39,46,7.25409e+242
39,47,7.84526e+242
39,48,8.48176e+242
39,49,9.16662e+242
39,50,9.90306e+242
39,51,1.06944e+243
39,52,1.15443e+243
39,53,1.24563e+243
39,54,1.34343e+243
39,55,1.44823e+243
39,56,1.56045e+243
39,57,1.68053e+243
39,58,1.80892e+243
39,59,1.94608e+243
39,60,2.09249e+243
39,61,2.24864e+243
39,62,2.41505e+243
39,63,2.59223e+243
39,64,2.78071e+243
39,65,2.98103e+243
39,66,3.19373e+243
39,67,3.41936e+243
39,68,3.65847e+243
39,69,3.91162e+243
39,70,4.17935e+243
39,71,4.4622e+243
39,72,4.7607e+243
39,73,5.07538e+243
39,74,5.40673e+243
39,75,5.75524e+243
39,76,6.12135e+243
39,77,6.50548e+243
39,78,6.90802e+243
39,79,7.32932e+243
39,80,7.76966e+243
39,81,8.2293e+243
39,82,8.7084e+243
39,83,9.2071e+243
39,84,9.72543e+243
39,85,1.02634e+244
39,86,1.08208e+244
39,87,1.13975e+244
39,88,1.19932e+244
39,89,1.26075e+244
39,90,1.32398e+244
39,91,1.38896e+244
39,92,1.45562e+244
39,93,1.52386e+244
39,94,1.59359e+244
39,95,1.66469e+244
39,96,1.73706e+244
39,97,1.81054e+244
39,98,1.885e+244
39,99,1.96026e+244
39,100,2.03616e+244
39,101,2.11251e+244
39,102,2.18911e+244
39,103,2.26576e+244
39,104,2.34222e+244
39,105,2.41829e+244
39,106,2.4937e+244
39,107,2.56823e+244
39,108,2.64161e+244
39,109,2.71359e+244
39,110,2.78391e+244
39,111,2.85231e+244
39,112,2.91852e+244
39,113,2.98227e+244
39,114,3.04331e+244
39,115,3.10138e+244
39,116,3.15623e+244
39,117,3.20761e+244
39,118,3.2553e+244
39,119,3.29906e+244
39,120,3.3387e+244
39,121,3.37402e+244
39,122,3.40483e+244
39,123,3.43098e+244
39,124,3.45231e+244
39,125,3.46872e+244
39,126,3.48e+244
39,127,3.48646e+244
39,128,3.48646e+244
40,0,3.88082e+241
40,1,3.88082e+241
40,2,3.92999e+241
40,3,3.99446e+241
40,4,4.08417e+241
40,5,4.19664e+241
40,6,4.33428e+241
40,7,4.49729e+241
40,8,4.68747e+241
40,9,4.90599e+241
40,10,5.15469e+241
40,11,5.43537e+241
40,12,5.75022e+241
40,13,6.10156e+241
40,14,6.49204e+241
40,15,6.92455e+241
40,16,7.40226e+241
40,17,7.92869e+241
40,18,8.50765e+241
40,19,9.14332e+241
40,20,9.84027e+241
40,21,1.06035e+242
40,22,1.14383e+242
40,23,1.23505e+242
40,24,1.33466e+242
40,25,1.44334e+242
40,26,1.56183e+242
40,27,1.69093e+242
40,28,1.83152e+242
40,29,1.98451e+242
40,30,2.15092e+242
40,31,2.33183e+242
40,32,2.52841e+242
40,33,2.74189e+242
40,34,2.97363e+242
40,35,3.22505e+242
40,36,3.49769e+242
40,37,3.79321e+242
40,38,4.11335e+242
40,39,4.45999e+242
40,40,4.83514e+242
40,41,5.24091e+242
40,42,5.67959e+242
40,43,6.15358e+242
40,44,6.66543e+242
40,45,7.21786e+242
40,46,7.81373e+242
40,47,8.45609e+242
40,48,9.14812e+242
40,49,9.89322e+242
40,50,1.06949e+243
40,51,1.1557e+243
40,52,1.24833e+243
40,53,1.3478e+243
40,54,1.45454e+243
40,55,1.569e+243
40,56,1.69164e+243
40,57,1.82295e+243
40,58,1.96344e+243
40,59,2.11362e+243
40,60,2.27403e+243
40,61,2.44524e+243
40,62,2.6278e+243
40,63,2.82231e+243
40,64,3.02936e+243
40,65,3.24957e+243
40,66,3.48353e+243
40,67,3.73189e+243
40,68,3.99525e+243
40,69,4.27426e+243
40,70,4.56954e+243
40,71,4.8817e+243
40,72,5.21135e+243
40,73,5.55909e+243
40,74,5.9255e+243
40,75,6.31114e+243
40,76,6.71651e+243
40,77,7.14213e+243
40,78,7.58843e+243
40,79,8.05583e+243
40,80,8.54468e+243
40,81,9.05527e+243
40,82,9.58784e+243
40,83,1.01425e+244
40,84,1.07194e+244
40,85,1.13185e+244
40,86,1.19397e+244
40,87,1.25828e+244
40,88,1.32475e+244
40,89,1.39333e+244
40,90,1.46397e+244
40,91,1.5366e+244
40,92,1.61115e+244
40,93,1.68752e+244
40,94,1.7656e+244
40,95,1.84526e+244
40,96,1.92638e+244
40,97,2.0088e+244
40,98,2.09235e+244
40,99,2.17686e+244
40,100,2.26212e+244
40,101,2.34793e+244
40,102,2.43406e+244
40,103,2.52029e+244
40,104,2.60635e+244
40,105,2.69199e+244
40,106,2.77695e+244
40,107,2.86094e+244
40,108,2.94367e+244
40,109,3.02485e+244
40,110,3.10419e+244
40,111,3.18139e+244
40,112,3.25614e+244
40,113,3.32814e+244
40,114,3.3971e+244
40,115,3.46271e+244
40,116,3.52471e+244
40,117,3.5828e+244
40,118,3.63673e+244
40,119,3.68624e+244
40,120,3.73108e+244
40,121,3.77104e+244
40,122,3.80591e+244
40,123,3.8355e+244
40,124,3.85964e+244
40,125,3.87822e+244
40,126,3.89099e+244
40,127,3.8983e+244
40,128,3.8983e+244
41,0,4.02261e+241
41,1,4.02261e+241
41,2,4.07468e+241
41,3,4.14313e+241
41,4,4.23838e+241
41,5,4.35789e+241
41,6,4.50418e+241
41,7,4.67751e+241
41,8,4.8798e+241
41,9,5.11231e+241
41,10,5.37704e+241
41,11,5.67592e+241
41,12,6.01131e+241
41,13,6.38573e+241
41,14,6.80202e+241
41,15,7.26332e+241
41,16,7.77307e+241
41,17,8.33506e+241
41,18,8.95342e+241
41,19,9.63268e+241
41,20,1.03778e+242
41,21,1.11941e+242
41,22,1.20876e+242
41,23,1.30644e+242
41,24,1.41316e+242
41,25,1.52965e+242
41,26,1.65674e+242
41,27,1.79528e+242
41,28,1.94623e+242
41,29,2.11059e+242
41,30,2.28948e+242
41,31,2.48406e+242
41,32,2.69562e+242
41,33,2.92551e+242
41,34,3.1752e+242
41,35,3.44626e+242
41,36,3.74038e+242
41,37,4.05936e+242
41,38,4.40513e+242
41,39,4.77976e+242
41,40,5.18543e+242
41,41,5.6245e+242
41,42,6.09946e+242
41,43,6.61297e+242
41,44,7.16784e+242
41,45,7.76708e+242
41,46,8.41384e+242
41,47,9.11149e+242
41,48,9.86358e+242
41,49,1.06738e+243
41,50,1.15462e+243
41,51,1.24849e+243
41,52,1.34942e+243
41,53,1.45786e+243
41,54,1.57431e+243
41,55,1.69926e+243
41,56,1.83323e+243
41,57,1.97676e+243
41,58,2.13042e+243
41,59,2.2948e+243
41,60,2.47049e+243
41,61,2.65812e+243
41,62,2.85834e+243
41,63,3.07179e+243
41,64,3.29917e+243
41,65,3.54114e+243
41,66,3.79841e+243
41,67,4.07168e+243
41,68,4.36167e+243
41,69,4.66908e+243
41,70,4.99463e+243
41,71,5.33904e+243
41,72,5.70298e+243
41,73,6.08715e+243
41,74,6.49222e+243
41,75,6.91882e+243
41,76,7.36757e+243
41,77,7.83903e+243
41,78,8.33374e+243
41,79,8.85217e+243
41,80,9.39475e+243
41,81,9.96184e+243
41,82,1.05537e+244
41,83,1.11706e+244
41,84,1.18126e+244
41,85,1.24797e+244
41,86,1.31718e+244
41,87,1.38888e+244
41,88,1.46304e+244
41,89,1.53959e+244
41,90,1.6185e+244
41,91,1.69969e+244
41,92,1.78306e+244
41,93,1.86851e+244
41,94,1.95594e+244
41,95,2.04519e+244
41,96,2.13612e+244
41,97,2.22856e+244
41,98,2.32232e+244
41,99,2.4172e+244
41,100,2.51298e+244
41,101,2.60943e+244
41,102,2.70629e+244
41,103,2.80329e+244
41,104,2.90016e+244
41,105,2.99661e+244
41,106,3.09232e+244
41,107,3.18698e+244
41,108,3.28026e+244
41,109,3.37183e+244
41,110,3.46136e+244
41,111,3.5485e+244
41,112,3.63291e+244
41,113,3.71424e+244
41,114,3.79215e+244
41,115,3.86632e+244
41,116,3.9364e+244
41,117,4.0021e+244
41,118,4.06309e+244
41,119,4.1191e+244
41,120,4.16984e+244
41,121,4.21506e+244
41,122,4.25453e+244
41,123,4.28803e+244
41,124,4.31536e+244
41,125,4.33639e+244
41,126,4.35086e+244
41,127,4.35913e+244
41,128,4.35913e+244
42,0,4.1708e+241
42,1,4.1708e+241
42,2,4.22593e+241
42,3,4.29857e+241
42,4,4.39964e+241
42,5,4.52658e+241
42,6,4.68198e+241
42,7,4.8662e+241
42,8,5.08126e+241
42,9,5.32855e+241
42,10,5.61019e+241
42,11,5.9283e+241
42,12,6.28539e+241
42,13,6.68421e+241
42,14,7.12781e+241
42,15,7.61958e+241
42,16,8.16325e+241
42,17,8.7629e+241
42,18,9.42302e+241
42,19,1.01485e+242
42,20,1.09447e+242
42,21,1.18175e+242
42,22,1.27732e+242
42,23,1.38187e+242
42,24,1.49614e+242
42,25,1.62096e+242
42,26,1.75719e+242
42,27,1.90579e+242
42,28,2.06779e+242
42,29,2.24429e+242
42,30,2.43649e+242
42,31,2.64568e+242
42,32,2.87324e+242
42,33,3.12067e+242
42,34,3.38958e+242
42,35,3.68167e+242
42,36,3.9988e+242
42,37,4.34295e+242
42,38,4.71622e+242
42,39,5.12089e+242
42,40,5.55936e+242
42,41,6.03423e+242
42,42,6.54822e+242
42,43,7.10428e+242
42,44,7.7055e+242
42,45,8.3552e+242
42,46,9.05687e+242
42,47,9.81423e+242
42,48,1.06312e+243
42,49,1.15119e+243
42,50,1.24608e+243
42,51,1.34824e+243
42,52,1.45815e+243
42,53,1.57634e+243
42,54,1.70332e+243
42,55,1.83966e+243
42,56,1.98594e+243
42,57,2.14276e+243
42,58,2.31077e+243
42,59,2.4906e+243
42,60,2.68295e+243
42,61,2.8885e+243
42,62,3.10799e+243
42,63,3.34215e+243
42,64,3.59174e+243
42,65,3.85754e+243
42,66,4.14033e+243
42,67,4.44091e+243
42,68,4.7601e+243
42,69,5.0987e+243
42,70,5.45752e+243
42,71,5.83737e+243
42,72,6.23905e+243
42,73,6.66335e+243
42,74,7.11102e+243
42,75,7.58281e+243
42,76,8.07943e+243
42,77,8.60154e+243
42,78,9.14977e+243
42,79,9.72467e+243
42,80,1.03268e+244
42,81,1.09565e+244
42,82,1.16141e+244
42,83,1.23e+244
42,84,1.30143e+244
42,85,1.3757e+244
42,86,1.45281e+244
42,87,1.53274e+244
42,88,1.61546e+244
42,89,1.70092e+244
42,90,1.78905e+244
42,91,1.87978e+244
42,92,1.97301e+244
42,93,2.06864e+244
42,94,2.16652e+244
42,95,2.2665e+244
42,96,2.36843e+244
42,97,2.47211e+244
42,98,2.57733e+244
42,99,2.68386e+244
42,100,2.79146e+244
42,101,2.89986e+244
42,102,3.00879e+244
42,103,3.11793e+244
42,104,3.22697e+244
42,105,3.33559e+244
42,106,3.44342e+244
42,107,3.55012e+244
42,108,3.65531e+244
42,109,3.75862e+244
42,110,3.85966e+244
42,111,3.95804e+244
42,112,4.05336e+244
42,113,4.14524e+244
42,114,4.2333e+244
42,115,4.31714e+244
42,116,4.39639e+244
42,117,4.47069e+244
42,118,4.5397e+244
42,119,4.60307e+244
42,120,4.6605e+244
42,121,4.71169e+244
42,122,4.75637e+244
42,123,4.7943e+244
42,124,4.82525e+244
42,125,4.84906e+244
42,126,4.86545e+244
42,127,4.87482e+244
42,128,4.87482e+244
43,0,4.32554e+241
43,1,4.32554e+241
43,2,4.38387e+241
43,3,4.46091e+241
43,4,4.56812e+241
43,5,4.70288e+241
43,6,4.86788e+241
43,7,5.06357e+241
43,8,5.2921e+241
43,9,5.55496e+241
43,10,5.85445e+241
43,11,6.19285e+241
43,12,6.57286e+241
43,13,6.99745e+241
43,14,7.46991e+241
43,15,7.9939e+241
43,16,8.57345e+241
43,17,9.21297e+241
43,18,9.91732e+241
43,19,1.06918e+242
43,20,1.15422e+242
43,21,1.24748e+242
43,22,1.34966e+242
43,23,1.46149e+242
43,24,1.5838e+242
43,25,1.71746e+242
43,26,1.86343e+242
43,27,2.02274e+242
43,28,2.1965e+242
43,29,2.38593e+242
43,30,2.59234e+242
43,31,2.81711e+242
43,32,3.06177e+242
43,33,3.32795e+242
43,34,3.6174e+242
43,35,3.932e+242
43,36,4.27377e+242
43,37,4.64487e+242
43,38,5.04763e+242
43,39,5.48453e+242
43,40,5.95822e+242
43,41,6.47154e+242
43,42,7.0275e+242
43,43,7.62933e+242
43,44,8.28046e+242
43,45,8.98452e+242
43,46,9.74539e+242
43,47,1.05672e+243
43,48,1.14542e+243
43,49,1.2411e+243
43,50,1.34426e+243
43,51,1.45539e+243
43,52,1.57504e+243
43,53,1.70377e+243
43,54,1.84218e+243
43,55,1.99088e+243
43,56,2.15053e+243
43,57,2.32181e+243
43,58,2.50541e+243
43,59,2.70208e+243
43,60,2.91257e+243
43,61,3.13766e+243
43,62,3.37818e+243
43,63,3.63494e+243
43,64,3.90882e+243
43,65,4.20067e+243
43,66,4.5114e+243
43,67,4.84191e+243
43,68,5.19311e+243
43,69,5.56592e+243
43,70,5.96127e+243
43,71,6.38009e+243
43,72,6.82328e+243
43,73,7.29174e+243
43,74,7.78635e+243
43,75,8.30797e+243
43,76,8.85742e+243
43,77,9.43547e+243
43,78,1.00428e+244
43,79,1.06802e+244
43,80,1.13482e+244
43,81,1.20473e+244
43,82,1.27779e+244
43,83,1.35403e+244
43,84,1.43349e+244
43,85,1.51617e+244
43,86,1.60206e+244
43,87,1.69115e+244
43,88,1.78341e+244
43,89,1.87879e+244
43,90,1.97721e+244
43,91,2.0786e+244
43,92,2.18286e+244
43,93,2.28985e+244
43,94,2.39943e+244
43,95,2.51144e+244
43,96,2.62569e+244
43,97,2.74197e+244
43,98,2.86004e+244
43,99,2.97966e+244
43,100,3.10054e+244
43,101,3.22239e+244
43,102,3.34489e+244
43,103,3.46769e+244
43,104,3.59045e+244
43,105,3.71278e+244
43,106,3.83429e+244
43,107,3.95457e+244
43,108,4.07321e+244
43,109,4.18977e+244
43,110,4.30381e+244
43,111,4.41489e+244
43,112,4.52257e+244
43,113,4.62639e+244
43,114,4.72591e+244
43,115,4.82071e+244
43,116,4.91034e+244
43,117,4.99439e+244
43,118,5.07247e+244
43,119,5.1442e+244
43,120,5.20921e+244
43,121,5.26717e+244
43,122,5.31776e+244
43,123,5.36072e+244
43,124,5.39578e+244
43,125,5.42275e+244
43,126,5.44132e+244
43,127,5.45193e+244
43,128,5.45193e+244
44,0,4.48696e+241
44,1,4.48696e+241
44,2,4.54865e+241
44,3,4.63031e+241
44,4,4.74398e+241
44,5,4.88695e+241
44,6,5.06206e+241
44,7,5.26983e+241
44,8,5.51253e+241
44,9,5.79181e+241
44,10,6.11012e+241
44,11,6.46991e+241
44,12,6.8741e+241
44,13,7.32588e+241
44,14,7.82882e+241
44,15,8.38685e+241
44,16,9.00433e+241
44,17,9.68601e+241
44,18,1.04371e+242
44,19,1.12635e+242
44,20,1.21713e+242
44,21,1.31673e+242
44,22,1.42592e+242
44,23,1.54549e+242
44,24,1.67632e+242
44,25,1.81938e+242
44,26,1.97569e+242
44,27,2.14639e+242
44,28,2.33268e+242
44,29,2.53588e+242
44,30,2.75742e+242
44,31,2.99881e+242
44,32,3.26172e+242
44,33,3.54791e+242
44,34,3.85931e+242
44,35,4.19797e+242
44,36,4.56609e+242
44,37,4.96606e+242
44,38,5.40041e+242
44,39,5.87186e+242
44,40,6.38333e+242
44,41,6.93792e+242
44,42,7.53897e+242
44,43,8.19001e+242
44,44,8.89481e+242
44,45,9.6574e+242
44,46,1.0482e+243
44,47,1.13732e+243
44,48,1.23358e+243
44,49,1.33749e+243
44,50,1.44957e+243
44,51,1.57041e+243
44,52,1.70059e+243
44,53,1.84075e+243
44,54,1.99154e+243
44,55,2.15365e+243
44,56,2.32781e+243
44,57,2.51478e+243
44,58,2.71535e+243
44,59,2.93032e+243
44,60,3.16057e+243
44,61,3.40695e+243
44,62,3.6704e+243
44,63,3.95184e+243
44,64,4.25224e+243
44,65,4.57258e+243
44,66,4.91387e+243
44,67,5.27714e+243
44,68,5.66342e+243
44,69,6.07376e+243
44,70,6.50921e+243
44,71,6.97082e+243
44,72,7.45964e+243
44,73,7.9767e+243
44,74,8.523e+243
44,75,9.09954e+243
44,76,9.70726e+243
44,77,1.03471e+244
44,78,1.10198e+244
44,79,1.17262e+244
44,80,1.24671e+244
44,81,1.3243e+244
44,82,1.40545e+244
44,83,1.49019e+244
44,84,1.57857e+244
44,85,1.67058e+244
44,86,1.76624e+244
44,87,1.86553e+244
44,88,1.96841e+244
44,89,2.07485e+244
44,90,2.18475e+244
44,91,2.29804e+244
44,92,2.41461e+244
44,93,2.53431e+244
44,94,2.65699e+244
44,95,2.78246e+244
44,96,2.91052e+244
44,97,3.04093e+244
44,98,3.17343e+244
44,99,3.30774e+244
44,100,3.44354e+244
44,101,3.58051e+244
44,102,3.71828e+244
44,103,3.85647e+244
44,104,3.99467e+244
44,105,4.13246e+244
44,106,4.26939e+244
44,107,4.405e+244
44,108,4.53881e+244
44,109,4.67034e+244
44,110,4.79908e+244
44,111,4.92452e+244
44,112,5.04617e+244
44,113,5.1635e+244
44,114,5.27601e+244
44,115,5.38321e+244
44,116,5.4846e+244
44,117,5.57971e+244
44,118,5.66808e+244
44,119,5.74928e+244
44,120,5.82288e+244
44,121,5.88852e+244
44,122,5.94583e+244
44,123,5.99449e+244
44,124,6.0342e+244
44,125,6.06477e+244
44,126,6.0858e+244
44,127,6.09783e+244
44,128,6.09783e+244
45,0,4.65516e+241
45,1,4.65516e+241
45,2,4.72038e+241
45,3,4.80689e+241
45,4,4.92734e+241
45,5,5.07895e+241
45,6,5.26469e+241
45,7,5.48516e+241
45,8,5.74279e+241
45,9,6.03935e+241
45,10,6.37747e+241
45,11,6.7598e+241
45,12,7.18948e+241
45,13,7.66994e+241
45,14,8.20503e+241
45,15,8.79899e+241
45,16,9.45651e+241
45,17,1.01827e+242
45,18,1.09833e+242
45,19,1.18645e+242
45,20,1.2833e+242
45,21,1.38963e+242
45,22,1.50624e+242
45,23,1.634e+242
45,24,1.77388e+242
45,25,1.92691e+242
45,26,2.09421e+242
45,27,2.27701e+242
45,28,2.47663e+242
45,29,2.69448e+242
45,30,2.93213e+242
45,31,3.19123e+242
45,32,3.47358e+242
45,33,3.78113e+242
45,34,4.11596e+242
45,35,4.48032e+242
45,36,4.87662e+242
45,37,5.30746e+242
45,38,5.77562e+242
45,39,6.28408e+242
45,40,6.83604e+242
45,41,7.43491e+242
45,42,8.08435e+242
45,43,8.78824e+242
45,44,9.55075e+242
45,45,1.03763e+243
45,46,1.12696e+243
45,47,1.22356e+243
45,48,1.32797e+243
45,49,1.44074e+243
45,50,1.56247e+243
45,51,1.69379e+243
45,52,1.83536e+243
45,53,1.98787e+243
45,54,2.15207e+243
45,55,2.32872e+243
45,56,2.51862e+243
45,57,2.72263e+243
45,58,2.94162e+243
45,59,3.1765e+243
45,60,3.42824e+243
45,61,3.69781e+243
45,62,3.98625e+243
45,63,4.2946e+243
45,64,4.62395e+243
45,65,4.97541e+243
45,66,5.35012e+243
45,67,5.74924e+243
45,68,6.17394e+243
45,69,6.62541e+243
45,70,7.10485e+243
45,71,7.61346e+243
45,72,8.15242e+243
45,73,8.72292e+243
45,74,9.32612e+243
45,75,9.96316e+243
45,76,1.06351e+244
45,77,1.13431e+244
45,78,1.2088e+244
45,79,1.28708e+244
45,80,1.36923e+244
45,81,1.45533e+244
45,82,1.54543e+244
45,83,1.6396e+244
45,84,1.73787e+244
45,85,1.84026e+244
45,86,1.94678e+244
45,87,2.05741e+244
45,88,2.17213e+244
45,89,2.29088e+244
45,90,2.4136e+244
45,91,2.54017e+244
45,92,2.67049e+244
45,93,2.8044e+244
45,94,2.94173e+244
45,95,3.08227e+244
45,96,3.2258e+244
45,97,3.37206e+244
45,98,3.52074e+244
45,99,3.67155e+244
45,100,3.82412e+244
45,101,3.97809e+244
45,102,4.13304e+244
45,103,4.28854e+244
45,104,4.44415e+244
45,105,4.59936e+244
45,106,4.75369e+244
45,107,4.90659e+244
45,108,5.05754e+244
45,109,5.20598e+244
45,110,5.35133e+244
45,111,5.49302e+244
45,112,5.63047e+244
45,113,5.76309e+244
45,114,5.89032e+244
45,115,6.01156e+244
45,116,6.12628e+244
45,117,6.23392e+244
45,118,6.33395e+244
45,119,6.42589e+244
45,120,6.50925e+244
45,121,6.5836e+244
45,122,6.64852e+244
45,123,6.70366e+244
45,124,6.74867e+244
45,125,6.7833e+244
45,126,6.80714e+244
45,127,6.82078e+244
45,128,6.82078e+244
46,0,4.83028e+241
46,1,4.83028e+241
46,2,4.89918e+241
46,3,4.99079e+241
46,4,5.11835e+241
46,5,5.27903e+241
46,6,5.47593e+241
46,7,5.70976e+241
46,8,5.98307e+241
46,9,6.29781e+241
46,10,6.65677e+241
46,11,7.06283e+241
46,12,7.51934e+241
46,13,8.03002e+241
46,14,8.599e+241
46,15,9.23084e+241
46,16,9.93062e+241
46,17,1.07039e+242
46,18,1.15567e+242
46,19,1.24959e+242
46,20,1.35286e+242
46,21,1.46629e+242
46,22,1.59076e+242
46,23,1.72721e+242
46,24,1.87667e+242
46,25,2.04028e+242
46,26,2.21924e+242
46,27,2.41489e+242
46,28,2.62866e+242
46,29,2.86209e+242
46,30,3.11688e+242
46,31,3.39482e+242
46,32,3.6979e+242
46,33,4.0282e+242
46,34,4.38802e+242
46,35,4.77981e+242
46,36,5.2062e+242
46,37,5.67004e+242
46,38,6.17436e+242
46,39,6.72243e+242
46,40,7.31775e+242
46,41,7.96408e+242
46,42,8.66541e+242
46,43,9.42603e+242
46,44,1.02505e+243
46,45,1.11437e+243
46,46,1.21108e+243
46,47,1.31574e+243
46,48,1.42892e+243
46,49,1.55125e+243
46,50,1.68339e+243
46,51,1.82603e+243
46,52,1.9799e+243
46,53,2.14578e+243
46,54,2.32449e+243
46,55,2.51688e+243
46,56,2.72385e+243
46,57,2.94633e+243
46,58,3.18532e+243
46,59,3.44183e+243
46,60,3.71694e+243
46,61,4.01175e+243
46,62,4.3274e+243
46,63,4.66509e+243
46,64,5.02602e+243
46,65,5.41146e+243
46,66,5.82269e+243
46,67,6.26102e+243
46,68,6.72777e+243
46,69,7.22431e+243
46,70,7.75198e+243
46,71,8.31215e+243
46,72,8.90619e+243
46,73,9.53544e+243
46,74,1.02012e+244
46,75,1.09049e+244
46,76,1.16477e+244
46,77,1.24308e+244
46,78,1.32554e+244
46,79,1.41225e+244
46,80,1.50332e+244
46,81,1.59883e+244
46,82,1.69887e+244
46,83,1.80348e+244
46,84,1.91273e+244
46,85,2.02664e+244
46,86,2.14523e+244
46,87,2.26848e+244
46,88,2.39637e+244
46,89,2.52886e+244
46,90,2.66585e+244
46,91,2.80725e+244
46,92,2.95293e+244
46,93,3.10273e+244
46,94,3.25644e+244
46,95,3.41386e+244
46,96,3.57472e+244
46,97,3.73874e+244
46,98,3.90559e+244
46,99,4.07492e+244
46,100,4.24633e+244
46,101,4.41941e+244
46,102,4.5937e+244
46,103,4.7687e+244
46,104,4.9439e+244
46,105,5.11876e+244
46,106,5.29271e+244
46,107,5.46514e+244
46,108,5.63544e+244
46,109,5.80298e+244
46,110,5.96711e+244
46,111,6.12717e+244
46,112,6.28251e+244
46,113,6.43244e+244
46,114,6.57632e+244
46,115,6.71349e+244
46,116,6.8433e+244
46,117,6.96515e+244
46,118,7.07841e+244
46,119,7.18253e+244
46,120,7.27696e+244
46,121,7.3612e+244
46,122,7.43477e+244
46,123,7.49726e+244
46,124,7.54828e+244
46,125,7.58754e+244
46,126,7.61457e+244
46,127,7.63003e+244
46,128,7.63003e+244
47,0,5.01239e+241
47,1,5.01239e+241
47,2,5.08515e+241
47,3,5.1821e+241
47,4,5.31711e+241
47,5,5.48732e+241
47,6,5.69593e+241
47,7,5.94378e+241
47,8,6.23357e+241
47,9,6.5674e+241
47,10,6.94828e+241
47,11,7.37928e+241
47,12,7.86404e+241
47,13,8.40651e+241
47,14,9.01118e+241
47,15,9.68294e+241
47,16,1.04273e+242
47,17,1.12501e+242
47,18,1.21581e+242
47,19,1.31584e+242
47,20,1.4259e+242
47,21,1.54684e+242
47,22,1.67962e+242
47,23,1.82526e+242
47,24,1.98487e+242
47,25,2.15968e+242
47,26,2.35101e+242
47,27,2.56029e+242
47,28,2.78908e+242
47,29,3.03906e+242
47,30,3.31206e+242
47,31,3.61005e+242
47,32,3.93517e+242
47,33,4.28971e+242
47,34,4.67617e+242
47,35,5.0972e+242
47,36,5.55571e+242
47,37,6.05477e+242
47,38,6.59773e+242
47,39,7.18816e+242
47,40,7.82988e+242
47,41,8.52702e+242
47,42,9.28397e+242
47,43,1.01054e+243
47,44,1.09964e+243
47,45,1.19623e+243
47,46,1.30088e+243
47,47,1.41419e+243
47,48,1.53682e+243
47,49,1.66945e+243
47,50,1.8128e+243
47,51,1.96765e+243
47,52,2.13481e+243
47,53,2.31514e+243
47,54,2.50953e+243
47,55,2.71896e+243
47,56,2.9444e+243
47,57,3.18692e+243
47,58,3.4476e+243
47,59,3.7276e+243
47,60,4.02811e+243
47,61,4.35035e+243
47,62,4.69563e+243
47,63,5.06527e+243
47,64,5.46065e+243
47,65,5.88316e+243
47,66,6.33427e+243
47,67,6.81546e+243
47,68,7.32822e+243
47,69,7.87409e+243
47,70,8.45461e+243
47,71,9.07134e+243
47,72,9.72583e+243
47,73,1.04196e+244
47,74,1.11543e+244
47,75,1.19312e+244
47,76,1.2752e+244
47,77,1.3618e+244
47,78,1.45305e+244
47,79,1.54908e+244
47,80,1.65001e+244
47,81,1.75594e+244
47,82,1.86696e+244
47,83,1.98316e+244
47,84,2.10459e+244
47,85,2.23129e+244
47,86,2.36328e+244
47,87,2.50057e+244
47,88,2.64313e+244
47,89,2.79091e+244
47,90,2.94382e+244
47,91,3.10177e+244
47,92,3.2646e+244
47,93,3.43215e+244
47,94,3.60419e+244
47,95,3.7805e+244
47,96,3.96078e+244
47,97,4.14472e+244
47,98,4.33195e+244
47,99,4.52207e+244
47,100,4.71465e+244
47,101,4.90922e+244
47,102,5.10526e+244
47,103,5.30221e+244
47,104,5.4995e+244
47,105,5.69651e+244
47,106,5.89259e+244
47,107,6.08705e+244
47,108,6.27921e+244
47,109,6.46834e+244
47,110,6.65371e+244
47,111,6.83455e+244
47,112,7.01012e+244
47,113,7.17966e+244
47,114,7.34241e+244
47,115,7.49761e+244
47,116,7.64455e+244
47,117,7.7825e+244
47,118,7.91078e+244
47,119,8.02873e+244
47,120,8.13572e+244
47,121,8.23118e+244
47,122,8.31458e+244
47,123,8.38542e+244
47,124,8.44326e+244
47,125,8.48778e+244
47,126,8.51843e+244
47,127,8.53596e+244
47,128,8.53596e+244
48,0,5.20159e+241
48,1,5.20159e+241
48,2,5.27838e+241
48,3,5.38092e+241
48,4,5.52375e+241
48,5,5.70393e+241
48,6,5.92483e+241
48,7,6.18739e+241
48,8,6.49446e+241
48,9,6.84834e+241
48,10,7.25223e+241
48,11,7.70944e+241
48,12,8.22387e+241
48,13,8.79979e+241
48,14,9.44199e+241
48,15,1.01558e+242
48,16,1.0947e+242
48,17,1.18221e+242
48,18,1.27882e+242
48,19,1.3853e+242
48,20,1.50252e+242
48,21,1.6314e+242
48,22,1.77296e+242
48,23,1.92831e+242
48,24,2.09866e+242
48,25,2.28533e+242
48,26,2.48975e+242
48,27,2.71348e+242
48,28,2.95819e+242
48,29,3.22573e+242
48,30,3.51808e+242
48,31,3.83737e+242
48,32,4.18593e+242
48,33,4.56626e+242
48,34,4.98107e+242
48,35,5.43327e+242
48,36,5.926e+242
48,37,6.46266e+242
48,38,7.04687e+242
48,39,7.68254e+242
48,40,8.37388e+242
48,41,9.12539e+242
48,42,9.94188e+242
48,43,1.08285e+243
48,44,1.17908e+243
48,45,1.28347e+243
48,46,1.39664e+243
48,47,1.51926e+243
48,48,1.65205e+243
48,49,1.79576e+243
48,50,1.95119e+243
48,51,2.1192e+243
48,52,2.30069e+243
48,53,2.49661e+243
48,54,2.70797e+243
48,55,2.93581e+243
48,56,3.18126e+243
48,57,3.44547e+243
48,58,3.72968e+243
48,59,4.03515e+243
48,60,4.36323e+243
48,61,4.7153e+243
48,62,5.09281e+243
48,63,5.49723e+243
48,64,5.93012e+243
48,65,6.39307e+243
48,66,6.88771e+243
48,67,7.41571e+243
48,68,7.97877e+243
48,69,8.57863e+243
48,70,9.21704e+243
48,71,9.89577e+243
48,72,1.06166e+244
48,73,1.13813e+244
48,74,1.21916e+244
48,75,1.30492e+244
48,76,1.39558e+244
48,77,1.49131e+244
48,78,1.59226e+244
48,79,1.69858e+244
48,80,1.8104e+244
48,81,1.92785e+244
48,82,2.05104e+244
48,83,2.18007e+244
48,84,2.315e+244
48,85,2.4559e+244
48,86,2.60279e+244
48,87,2.75568e+244
48,88,2.91456e+244
48,89,3.07937e+244
48,90,3.25003e+244
48,91,3.42643e+244
48,92,3.60842e+244
48,93,3.7958e+244
48,94,3.98835e+244
48,95,4.18579e+244
48,96,4.38783e+244
48,97,4.59409e+244
48,98,4.80418e+244
48,99,5.01765e+244
48,100,5.23402e+244
48,101,5.45275e+244
48,102,5.67327e+244
48,103,5.89494e+244
48,104,6.11712e+244
48,105,6.33909e+244
48,106,6.56014e+244
48,107,6.77948e+244
48,108,6.99633e+244
48,109,7.20986e+244
48,110,7.41923e+244
48,111,7.62359e+244
48,112,7.82208e+244
48,113,8.01381e+244
48,114,8.19794e+244
48,115,8.37359e+244
48,116,8.53994e+244
48,117,8.69617e+244
48,118,8.84148e+244
48,119,8.97512e+244
48,120,9.09638e+244
48,121,9.20459e+244
48,122,9.29914e+244
48,123,9.37947e+244
48,124,9.44507e+244
48,125,9.49556e+244
48,126,9.53033e+244
48,127,9.55021e+244
48,128,9.55021e+244
49,0,5.39794e+241
49,1,5.39794e+241
49,2,5.47894e+241
49,3,5.58732e+241
49,4,5.73833e+241
49,5,5.92896e+241
49,6,6.16272e+241
49,7,6.4407e+241
49,8,6.7659e+241
49,9,7.1408e+241
49,10,7.56883e+241
49,11,8.05355e+241
49,12,8.59915e+241
49,13,9.21019e+241
49,14,9.89185e+241
49,15,1.06498e+242
49,16,1.14904e+242
49,17,1.24205e+242
49,18,1.34478e+242
49,19,1.45806e+242
49,20,1.58283e+242
49,21,1.72007e+242
49,22,1.8709e+242
49,23,2.03651e+242
49,24,2.21821e+242
49,25,2.41742e+242
49,26,2.6357e+242
49,27,2.87472e+242
49,28,3.13632e+242
49,29,3.42247e+242
49,30,3.73533e+242
49,31,4.07724e+242
49,32,4.45069e+242
49,33,4.85844e+242
49,34,5.3034e+242
49,35,5.78877e+242
49,36,6.31797e+242
49,37,6.89469e+242
49,38,7.5229e+242
49,39,8.20688e+242
49,40,8.95121e+242
49,41,9.76083e+242
49,42,1.0641e+243
49,43,1.15974e+243
49,44,1.26361e+243
49,45,1.37636e+243
49,46,1.49867e+243
49,47,1.63129e+243
49,48,1.77499e+243
49,49,1.93062e+243
49,50,2.09906e+243
49,51,2.28125e+243
49,52,2.47819e+243
49,53,2.69093e+243
49,54,2.92059e+243
49,55,3.16833e+243
49,56,3.43541e+243
49,57,3.72311e+243
49,58,4.0328e+243
49,59,4.3659e+243
49,60,4.7239e+243
49,61,5.10835e+243
49,62,5.52088e+243
49,63,5.96315e+243
49,64,6.43689e+243
49,65,6.9439e+243
49,66,7.48602e+243
49,67,8.06512e+243
49,68,8.68314e+243
49,69,9.34204e+243
49,70,1.00438e+244
49,71,1.07905e+244
49,72,1.1584e+244
49,73,1.24265e+244
49,74,1.33199e+244
49,75,1.42662e+244
49,76,1.52674e+244
49,77,1.63253e+244
49,78,1.74417e+244
49,79,1.86184e+244
49,80,1.98569e+244
49,81,2.11588e+244
49,82,2.25253e+244
49,83,2.39576e+244
49,84,2.54566e+244
49,85,2.70231e+244
49,86,2.86574e+244
49,87,3.03598e+244
49,88,3.21301e+244
49,89,3.39679e+244
49,90,3.58723e+244
49,91,3.78421e+244
49,92,3.98758e+244
49,93,4.19712e+244
49,94,4.41259e+244
49,95,4.6337e+244
49,96,4.8601e+244
49,97,5.09138e+244
49,98,5.32712e+244
49,99,5.56681e+244
49,100,5.80991e+244
49,101,6.0558e+244
49,102,6.30386e+244
49,103,6.55336e+244
49,104,6.80358e+244
49,105,7.05371e+244
49,106,7.30293e+244
49,107,7.55036e+244
49,108,7.7951e+244
49,109,8.03622e+244
49,110,8.27274e+244
49,111,8.50371e+244
49,112,8.72813e+244
49,113,8.94502e+244
49,114,9.15337e+244
49,115,9.35221e+244
49,116,9.54058e+244
49,117,9.71754e+244
49,118,9.88219e+244
49,119,1.00336e+245
49,120,1.01711e+245
49,121,1.02938e+245
49,122,1.0401e+245
49,123,1.04921e+245
49,124,1.05666e+245
49,125,1.06238e+245
49,126,1.06633e+245
49,127,1.06859e+245
49,128,1.06859e+245
50,0,5.6015e+241
50,1,5.6015e+241
50,2,5.68689e+241
50,3,5.80138e+241
50,4,5.96094e+241
50,5,6.1625e+241
50,6,6.40972e+241
50,7,6.70382e+241
50,8,7.048e+241
50,9,7.44493e+241
50,10,7.89827e+241
50,11,8.41183e+241
50,12,8.99011e+241
50,13,9.63803e+241
50,14,1.03611e+242
50,15,1.11655e+242
50,16,1.20579e+242
50,17,1.30458e+242
50,18,1.41375e+242
50,19,1.5342e+242
50,20,1.66691e+242
50,21,1.81298e+242
50,22,1.97358e+242
50,23,2.15002e+242
50,24,2.3437e+242
50,25,2.55616e+242
50,26,2.78908e+242
50,27,3.04428e+242
50,28,3.32374e+242
50,29,3.62961e+242
50,30,3.96422e+242
50,31,4.3301e+242
50,32,4.72998e+242
50,33,5.16683e+242
50,34,5.64385e+242
50,35,6.16449e+242
50,36,6.73249e+242
50,37,7.35188e+242
50,38,8.02698e+242
50,39,8.76246e+242
50,40,9.56335e+242
50,41,1.0435e+243
50,42,1.13833e+243
50,43,1.24143e+243
50,44,1.35348e+243
50,45,1.47518e+243
50,46,1.60729e+243
50,47,1.75063e+243
50,48,1.90605e+243
50,49,2.07449e+243
50,50,2.25691e+243
50,51,2.45436e+243
50,52,2.66794e+243
50,53,2.89881e+243
50,54,3.14822e+243
50,55,3.41746e+243
50,56,3.70791e+243
50,57,4.021e+243
50,58,4.35827e+243
50,59,4.7213e+243
50,60,5.11174e+243
50,61,5.53135e+243
50,62,5.98191e+243
50,63,6.46532e+243
50,64,6.98351e+243
50,65,7.5385e+243
50,66,8.13236e+243
50,67,8.76722e+243
50,68,9.44525e+243
50,69,1.01687e+244
50,70,1.09398e+244
50,71,1.17608e+244
50,72,1.2634e+244
50,73,1.35619e+244
50,74,1.45465e+244
50,75,1.55903e+244
50,76,1.66954e+244
50,77,1.7864e+244
50,78,1.90983e+244
50,79,2.04002e+244
50,80,2.17715e+244
50,81,2.32142e+244
50,82,2.47296e+244
50,83,2.63192e+244
50,84,2.79841e+244
50,85,2.97252e+244
50,86,3.15432e+244
50,87,3.34383e+244
50,88,3.54105e+244
50,89,3.74594e+244
50,90,3.95841e+244
50,91,4.17835e+244
50,92,4.40558e+244
50,93,4.63988e+244
50,94,4.88098e+244
50,95,5.12856e+244
50,96,5.38224e+244
50,97,5.64158e+244
50,98,5.90609e+244
50,99,6.17521e+244
50,100,6.44833e+244
50,101,6.72478e+244
50,102,7.00382e+244
50,103,7.28467e+244
50,104,7.56648e+244
50,105,7.84836e+244
50,106,8.12937e+244
50,107,8.40852e+244
50,108,8.68477e+244
50,109,8.95707e+244
50,110,9.22431e+244
50,111,9.4854e+244
50,112,9.7392e+244
50,113,9.98457e+244
50,114,1.02204e+245
50,115,1.04455e+245
50,116,1.06589e+245
50,117,1.08594e+245
50,118,1.1046e+245
50,119,1.12177e+245
50,120,1.13735e+245
50,121,1.15127e+245
50,122,1.16343e+245
50,123,1.17377e+245
50,124,1.18221e+245
50,125,1.18871e+245
50,126,1.19319e+245
50,127,1.19575e+245
50,128,1.19575e+245
51,0,5.81229e+241
51,1,5.81229e+241
51,2,5.90225e+241
51,3,6.02312e+241
51,4,6.19161e+241
51,5,6.40459e+241
51,6,6.66588e+241
51,7,6.97686e+241
51,8,7.34089e+241
51,9,7.76087e+241
51,10,8.2407e+241
51,11,8.78448e+241
51,12,9.39701e+241
51,13,1.00836e+242
51,14,1.08501e+242
51,15,1.17032e+242
51,16,1.265e+242
51,17,1.36987e+242
51,18,1.48581e+242
51,19,1.61379e+242
51,20,1.75486e+242
51,21,1.91022e+242
51,22,2.08112e+242
51,23,2.26896e+242
51,24,2.47528e+242
51,25,2.70172e+242
51,26,2.95011e+242
51,27,3.2224e+242
51,28,3.52075e+242
51,29,3.84748e+242
51,30,4.20512e+242
51,31,4.5964e+242
51,32,5.0243e+242
51,33,5.49203e+242
51,34,6.00307e+242
51,35,6.56119e+242
51,36,7.17044e+242
51,37,7.83521e+242
51,38,8.56023e+242
51,39,9.35059e+242
51,40,1.02118e+243
51,41,1.11497e+243
51,42,1.21706e+243
51,43,1.32814e+243
51,44,1.44893e+243
51,45,1.58021e+243
51,46,1.72282e+243
51,47,1.87765e+243
51,48,2.04565e+243
51,49,2.22783e+243
51,50,2.42528e+243
51,51,2.63913e+243
51,52,2.87062e+243
51,53,3.12102e+243
51,54,3.39171e+243
51,55,3.68414e+243
51,56,3.99982e+243
51,57,4.34037e+243
51,58,4.70746e+243
51,59,5.10288e+243
51,60,5.52848e+243
51,61,5.98619e+243
51,62,6.47805e+243
51,63,7.00614e+243
51,64,7.57267e+243
51,65,8.17987e+243
51,66,8.8301e+243
51,67,9.52574e+243
51,68,1.02693e+244
51,69,1.10632e+244
51,70,1.191e+244
51,71,1.28124e+244
51,72,1.3773e+244
51,73,1.47943e+244
51,74,1.58791e+244
51,75,1.70299e+244
51,76,1.82493e+244
51,77,1.95398e+244
51,78,2.09039e+244
51,79,2.23438e+244
51,80,2.38617e+244
51,81,2.54598e+244
51,82,2.71398e+244
51,83,2.89035e+244
51,84,3.07522e+244
51,85,3.2687e+244
51,86,3.47087e+244
51,87,3.68179e+244
51,88,3.90146e+244
51,89,4.12984e+244
51,90,4.36686e+244
51,91,4.61238e+244
51,92,4.86624e+244
51,93,5.12819e+244
51,94,5.39795e+244
51,95,5.67515e+244
51,96,5.95938e+244
51,97,6.25016e+244
51,98,6.54693e+244
51,99,6.84909e+244
51,100,7.15595e+244
51,101,7.46674e+244
51,102,7.78065e+244
51,103,8.0968e+244
51,104,8.41422e+244
51,105,8.73191e+244
51,106,9.04879e+244
51,107,9.36375e+244
51,108,9.67561e+244
51,109,9.98317e+244
51,110,1.02852e+245
51,111,1.05804e+245
51,112,1.08674e+245
51,113,1.11451e+245
51,114,1.1412e+245
51,115,1.1667e+245
51,116,1.19087e+245
51,117,1.21359e+245
51,118,1.23474e+245
51,119,1.25421e+245
51,120,1.27189e+245
51,121,1.28768e+245
51,122,1.30148e+245
51,123,1.31321e+245
51,124,1.32279e+245
51,125,1.33017e+245
51,126,1.33526e+245
51,127,1.33816e+245
51,128,1.33816e+245
52,0,6.03032e+241
52,1,6.03032e+241
52,2,6.12505e+241
52,3,6.25257e+241
52,4,6.43037e+241
52,5,6.65527e+241
52,6,6.93126e+241
52,7,7.25986e+241
52,8,7.64465e+241
52,9,8.08872e+241
52,10,8.59626e+241
52,11,9.17165e+241
52,12,9.82003e+241
52,13,1.05471e+242
52,14,1.13591e+242
52,15,1.22632e+242
52,16,1.32672e+242
52,17,1.43797e+242
52,18,1.56101e+242
52,19,1.69689e+242
52,20,1.84677e+242
52,21,2.01188e+242
52,22,2.19362e+242
52,23,2.39348e+242
52,24,2.6131e+242
52,25,2.85429e+242
52,26,3.11899e+242
52,27,3.40933e+242
52,28,3.72764e+242
52,29,4.07641e+242
52,30,4.4584e+242
52,31,4.87657e+242
52,32,5.33414e+242
52,33,5.8346e+242
52,34,6.38173e+242
52,35,6.97961e+242
52,36,7.63268e+242
52,37,8.34569e+242
52,38,9.1238e+242
52,39,9.97257e+242
52,40,1.0898e+243
52,41,1.19065e+243
52,42,1.30049e+243
52,43,1.42008e+243
52,44,1.55022e+243
52,45,1.69175e+243
52,46,1.84559e+243
52,47,2.01272e+243
52,48,2.19419e+243
52,49,2.39112e+243
52,50,2.60469e+243
52,51,2.83617e+243
52,52,3.08691e+243
52,53,3.35833e+243
52,54,3.65195e+243
52,55,3.96937e+243
52,56,4.31227e+243
52,57,4.68245e+243
52,58,5.08179e+243
52,59,5.51224e+243
52,60,5.9759e+243
52,61,6.4749e+243
52,62,7.01153e+243
52,63,7.58814e+243
52,64,8.20717e+243
52,65,8.87116e+243
52,66,9.58273e+243
52,67,1.03446e+244
52,68,1.11595e+244
52,69,1.20303e+244
52,70,1.296e+244
52,71,1.39514e+244
52,72,1.50075e+244
52,73,1.61313e+244
52,74,1.73259e+244
52,75,1.85942e+244
52,76,1.99392e+244
52,77,2.13637e+244
52,78,2.28707e+244
52,79,2.44626e+244
52,80,2.61423e+244
52,81,2.7912e+244
52,82,2.9774e+244
52,83,3.17302e+244
52,84,3.37823e+244
52,85,3.59318e+244
52,86,3.81796e+244
52,87,4.05265e+244
52,88,4.29726e+244
52,89,4.55178e+244
52,90,4.81613e+244
52,91,5.09018e+244
52,92,5.37374e+244
52,93,5.66657e+244
52,94,5.96834e+244
52,95,6.27868e+244
52,96,6.59712e+244
52,97,6.92313e+244
52,98,7.2561e+244
52,99,7.59534e+244
52,100,7.94009e+244
52,101,8.2895e+244
52,102,8.64266e+244
52,103,8.99855e+244
52,104,9.3561e+244
52,105,9.71417e+244
52,106,1.00715e+245
52,107,1.0427e+245
52,108,1.07791e+245
52,109,1.11265e+245
52,110,1.14678e+245
52,111,1.18016e+245
52,112,1.21264e+245
52,113,1.24406e+245
52,114,1.27429e+245
52,115,1.30317e+245
52,116,1.33056e+245
52,117,1.35631e+245
52,118,1.3803e+245
52,119,1.40238e+245
52,120,1.42244e+245
52,121,1.44035e+245
52,122,1.45602e+245
52,123,1.46933e+245
52,124,1.48022e+245
52,125,1.4886e+245
52,126,1.49437e+245
52,127,1.49767e+245
52,128,1.49767e+245
53,0,6.25559e+241
53,1,6.25559e+241
53,2,6.35527e+241
53,3,6.48971e+241
53,4,6.67723e+241
53,5,6.91455e+241
53,6,7.20588e+241
53,7,7.55287e+241
53,8,7.95931e+241
53,9,8.42855e+241
53,10,8.96503e+241
53,11,9.57346e+241
53,12,1.02593e+242
53,13,1.10287e+242
53,14,1.18884e+242
53,15,1.2846e+242
53,16,1.39098e+242
53,17,1.50891e+242
53,18,1.6394e+242
53,19,1.78358e+242
53,20,1.94269e+242
53,21,2.11806e+242
53,22,2.31119e+242
53,23,2.52369e+242
53,24,2.75733e+242
53,25,3.01404e+242
53,26,3.29593e+242
53,27,3.6053e+242
53,28,3.94466e+242
53,29,4.31671e+242
53,30,4.72443e+242
53,31,5.17103e+242
53,32,5.65999e+242
53,33,6.1951e+242
53,34,6.78046e+242
53,35,7.42051e+242
53,36,8.12005e+242
53,37,8.88428e+242
53,38,9.71881e+242
53,39,1.06297e+243
53,40,1.16234e+243
53,41,1.27071e+243
53,42,1.38882e+243
53,43,1.51749e+243
53,44,1.65759e+243
53,45,1.81006e+243
53,46,1.97591e+243
53,47,2.15621e+243
53,48,2.35211e+243
53,49,2.56484e+243
53,50,2.7957e+243
53,51,3.0461e+243
53,52,3.31752e+243
53,53,3.61154e+243
53,54,3.92982e+243
53,55,4.27415e+243
53,56,4.64641e+243
53,57,5.04856e+243
53,58,5.4827e+243
53,59,5.95102e+243
53,60,6.45584e+243
53,61,6.99955e+243
53,62,7.58471e+243
53,63,8.21392e+243
53,64,8.88996e+243
53,65,9.61565e+243
53,66,1.03939e+244
53,67,1.12279e+244
53,68,1.21206e+244
53,69,1.30754e+244
53,70,1.40954e+244
53,71,1.5184e+244
53,72,1.63447e+244
53,73,1.75808e+244
53,74,1.88957e+244
53,75,2.02929e+244
53,76,2.17757e+244
53,77,2.33476e+244
53,78,2.50117e+244
53,79,2.67712e+244
53,80,2.86291e+244
53,81,3.05882e+244
53,82,3.26512e+244
53,83,3.48203e+244
53,84,3.70976e+244
53,85,3.94848e+244
53,86,4.19834e+244
53,87,4.45941e+244
53,88,4.73174e+244
53,89,5.01533e+244
53,90,5.31011e+244
53,91,5.61594e+244
53,92,5.93264e+244
53,93,6.25993e+244
53,94,6.59749e+244
53,95,6.94489e+244
53,96,7.30162e+244
53,97,7.6671e+244
53,98,8.04066e+244
53,99,8.42153e+244
53,100,8.80886e+244
53,101,9.20169e+244
53,102,9.599e+244
53,103,9.99965e+244
53,104,1.04024e+245
53,105,1.0806e+245
53,106,1.12091e+245
53,107,1.16102e+245
53,108,1.20078e+245
53,109,1.24003e+245
53,110,1.27862e+245
53,111,1.31637e+245
53,112,1.35312e+245
53,113,1.38869e+245
53,114,1.42293e+245
53,115,1.45565e+245
53,116,1.48669e+245
53,117,1.51589e+245
53,118,1.54309e+245
53,119,1.56815e+245
53,120,1.59091e+245
53,121,1.61124e+245
53,122,1.62903e+245
53,123,1.64415e+245
53,124,1.65651e+245
53,125,1.66603e+245
53,126,1.67258e+245
53,127,1.67633e+245
53,128,1.67633e+245
54,0,6.48806e+241
54,1,6.48806e+241
54,2,6.59288e+241
54,3,6.73453e+241
54,4,6.93215e+241
54,5,7.18242e+241
54,6,7.48972e+241
54,7,7.85588e+241
54,8,8.28491e+241
54,9,8.7804e+241
54,10,9.34708e+241
54,11,9.99e+241
54,12,1.0715e+242
54,13,1.15287e+242
54,14,1.24382e+242
54,15,1.34516e+242
54,16,1.4578e+242
54,17,1.58273e+242
54,18,1.72103e+242
54,19,1.87391e+242
54,20,2.0427e+242
54,21,2.22884e+242
54,22,2.43393e+242
54,23,2.6597e+242
54,24,2.90807e+242
54,25,3.18112e+242
54,26,3.48111e+242
54,27,3.81053e+242
54,28,4.17207e+242
54,29,4.56868e+242
54,30,5.00355e+242
54,31,5.48017e+242
54,32,6.00231e+242
54,33,6.57406e+242
54,34,7.19989e+242
54,35,7.88459e+242
54,36,8.6334e+242
54,37,9.45195e+242
54,38,1.03464e+243
54,39,1.13232e+243
54,40,1.23896e+243
54,41,1.35532e+243
54,42,1.48222e+243
54,43,1.62057e+243
54,44,1.7713e+243
54,45,1.93545e+243
54,46,2.11412e+243
54,47,2.30849e+243
54,48,2.51982e+243
54,49,2.74946e+243
54,50,2.99886e+243
54,51,3.26954e+243
54,52,3.56316e+243
54,53,3.88144e+243
54,54,4.22625e+243
54,55,4.59954e+243
54,56,5.0034e+243
54,57,5.44001e+243
54,58,5.9117e+243
54,59,6.42091e+243
54,60,6.97021e+243
54,61,7.5623e+243
54,62,8.19998e+243
54,63,8.88623e+243
54,64,9.62409e+243
54,65,1.04168e+244
54,66,1.12676e+244
54,67,1.218e+244
54,68,1.31575e+244
54,69,1.42036e+244
54,70,1.53223e+244
54,71,1.65171e+244
54,72,1.7792e+244
54,73,1.91509e+244
54,74,2.05976e+244
54,75,2.21361e+244
54,76,2.37703e+244
54,77,2.55041e+244
54,78,2.7341e+244
54,79,2.92849e+244
54,80,3.13392e+244
54,81,3.35072e+244
54,82,3.5792e+244
54,83,3.81964e+244
54,84,4.07229e+244
54,85,4.33735e+244
54,86,4.61499e+244
54,87,4.90534e+244
54,88,5.20847e+244
54,89,5.52438e+244
54,90,5.85301e+244
54,91,6.19425e+244
54,92,6.5479e+244
54,93,6.91367e+244
54,94,7.2912e+244
54,95,7.68004e+244
54,96,8.07963e+244
54,97,8.48934e+244
54,98,8.90842e+244
54,99,9.33601e+244
54,100,9.77116e+244
54,101,1.02128e+245
54,102,1.06598e+245
54,103,1.11109e+245
54,104,1.15646e+245
54,105,1.20196e+245
54,106,1.24743e+245
54,107,1.2927e+245
54,108,1.3376e+245
54,109,1.38196e+245
54,110,1.42558e+245
54,111,1.46828e+245
54,112,1.50987e+245
54,113,1.55015e+245
54,114,1.58893e+245
54,115,1.62601e+245
54,116,1.6612e+245
54,117,1.69432e+245
54,118,1.72518e+245
54,119,1.75362e+245
54,120,1.77945e+245
54,121,1.80254e+245
54,122,1.82274e+245
54,123,1.83992e+245
54,124,1.85396e+245
54,125,1.86477e+245
54,126,1.87222e+245
54,127,1.87648e+245
54,128,1.87648e+245
55,0,6.72767e+241
55,1,6.72767e+241
55,2,6.83783e+241
55,3,6.98696e+241
55,4,7.19509e+241
55,5,7.45882e+241
55,6,7.78274e+241
55,7,8.16886e+241
55,8,8.62141e+241
55,9,9.14425e+241
55,10,9.74242e+241
55,11,1.04213e+242
55,12,1.11872e+242
55,13,1.2047e+242
55,14,1.30085e+242
55,15,1.40804e+242
55,16,1.52722e+242
55,17,1.65947e+242
55,18,1.80594e+242
55,19,1.96793e+242
55,20,2.14686e+242
55,21,2.34428e+242
55,22,2.56192e+242
55,23,2.80163e+242
55,24,3.06546e+242
55,25,3.35567e+242
55,26,3.67469e+242
55,27,4.0252e+242
55,28,4.4101e+242
55,29,4.83258e+242
55,30,5.29609e+242
55,31,5.80437e+242
55,32,6.36154e+242
55,33,6.97201e+242
55,34,7.6406e+242
55,35,8.37255e+242
55,36,9.17352e+242
55,37,1.00496e+243
55,38,1.10075e+243
55,39,1.20543e+243
55,40,1.31978e+243
55,41,1.44464e+243
55,42,1.5809e+243
55,43,1.72954e+243
55,44,1.8916e+243
55,45,2.0682e+243
55,46,2.26055e+243
55,47,2.46994e+243
55,48,2.69776e+243
55,49,2.94549e+243
55,50,3.21472e+243
55,51,3.50714e+243
55,52,3.82455e+243
55,53,4.16888e+243
55,54,4.54217e+243
55,55,4.94659e+243
55,56,5.38445e+243
55,57,5.85817e+243
55,58,6.37034e+243
55,59,6.92366e+243
55,60,7.521e+243
55,61,8.16536e+243
55,62,8.85988e+243
55,63,9.60787e+243
55,64,1.04128e+244
55,65,1.12781e+244
55,66,1.22077e+244
55,67,1.32053e+244
55,68,1.4275e+244
55,69,1.54208e+244
55,70,1.66469e+244
55,71,1.79576e+244
55,72,1.93574e+244
55,73,2.08505e+244
55,74,2.24415e+244
55,75,2.41349e+244
55,76,2.59351e+244
55,77,2.78465e+244
55,78,2.98735e+244
55,79,3.20202e+244
55,80,3.42908e+244
55,81,3.66891e+244
55,82,3.92188e+244
55,83,4.18831e+244
55,84,4.4685e+244
55,85,4.76271e+244
55,86,5.07115e+244
55,87,5.39398e+244
55,88,5.73129e+244
55,89,6.08312e+244
55,90,6.44943e+244
55,91,6.8301e+244
55,92,7.22493e+244
55,93,7.63363e+244
55,94,8.05582e+244
55,95,8.49099e+244
55,96,8.93856e+244
55,97,9.39781e+244
55,98,9.86792e+244
55,99,1.03479e+245
55,100,1.08368e+245
55,101,1.13334e+245
55,102,1.18362e+245
55,103,1.23441e+245
55,104,1.28553e+245
55,105,1.33682e+245
55,106,1.38812e+245
55,107,1.43922e+245
55,108,1.48993e+245
55,109,1.54006e+245
55,110,1.58939e+245
55,111,1.6377e+245
55,112,1.68478e+245
55,113,1.7304e+245
55,114,1.77434e+245
55,115,1.81637e+245
55,116,1.85628e+245
55,117,1.89385e+245
55,118,1.92887e+245
55,119,1.96114e+245
55,120,1.99048e+245
55,121,2.01671e+245
55,122,2.03965e+245
55,123,2.05917e+245
55,124,2.07512e+245
55,125,2.08742e+245
55,126,2.09588e+245
55,127,2.10073e+245
55,128,2.10073e+245
56,0,6.97433e+241
56,1,6.97433e+241
56,2,7.09001e+241
56,3,7.24691e+241
56,4,7.46596e+241
56,5,7.74368e+241
56,6,8.08488e+241
56,7,8.49175e+241
56,8,8.96878e+241
56,9,9.52008e+241
56,10,1.0151e+242
56,11,1.08674e+242
56,12,1.16758e+242
56,13,1.25838e+242
56,14,1.35995e+242
56,15,1.47324e+242
56,16,1.59925e+242
56,17,1.73914e+242
56,18,1.89415e+242
56,19,2.06567e+242
56,20,2.25521e+242
56,21,2.46445e+242
56,22,2.69522e+242
56,23,2.94954e+242
56,24,3.2296e+242
56,25,3.53782e+242
56,26,3.87683e+242
56,27,4.2495e+242
56,28,4.65897e+242
56,29,5.10867e+242
56,30,5.60232e+242
56,31,6.14399e+242
56,32,6.73808e+242
56,33,7.38941e+242
56,34,8.10317e+242
56,35,8.88505e+242
56,36,9.74116e+242
56,37,1.06782e+243
56,38,1.17033e+243
56,39,1.28243e+243
56,40,1.40496e+243
56,41,1.53884e+243
56,42,1.68504e+243
56,43,1.84462e+243
56,44,2.01873e+243
56,45,2.20859e+243
56,46,2.41551e+243
56,47,2.64093e+243
56,48,2.88635e+243
56,49,3.15341e+243
56,50,3.44384e+243
56,51,3.75952e+243
56,52,4.10242e+243
56,53,4.47467e+243
56,54,4.87852e+243
56,55,5.31638e+243
56,56,5.79078e+243
56,57,6.30443e+243
56,58,6.86019e+243
56,59,7.46106e+243
56,60,8.11022e+243
56,61,8.81103e+243
56,62,9.56699e+243
56,63,1.03818e+244
56,64,1.12592e+244
56,65,1.22034e+244
56,66,1.32184e+244
56,67,1.43087e+244
56,68,1.54786e+244
56,69,1.67327e+244
56,70,1.8076e+244
56,71,1.95131e+244
56,72,2.10491e+244
56,73,2.26889e+244
56,74,2.44378e+244
56,75,2.63007e+244
56,76,2.82828e+244
56,77,3.03892e+244
56,78,3.26248e+244
56,79,3.49946e+244
56,80,3.75033e+244
56,81,4.01553e+244
56,82,4.2955e+244
56,83,4.59063e+244
56,84,4.90127e+244
56,85,5.22774e+244
56,86,5.57029e+244
56,87,5.92912e+244
56,88,6.30438e+244
56,89,6.69612e+244
56,90,7.10433e+244
56,91,7.5289e+244
56,92,7.96963e+244
56,93,8.42623e+244
56,94,8.89828e+244
56,95,9.38525e+244
56,96,9.88649e+244
56,97,1.04012e+245
56,98,1.09286e+245
56,99,1.14674e+245
56,100,1.20166e+245
56,101,1.25749e+245
56,102,1.31407e+245
56,103,1.37124e+245
56,104,1.42884e+245
56,105,1.48667e+245
56,106,1.54454e+245
56,107,1.60223e+245
56,108,1.65952e+245
56,109,1.71618e+245
56,110,1.77197e+245
56,111,1.82664e+245
56,112,1.87994e+245
56,113,1.93162e+245
56,114,1.98141e+245
56,115,2.02907e+245
56,116,2.07434e+245
56,117,2.11697e+245
56,118,2.15672e+245
56,119,2.19337e+245
56,120,2.2267e+245
56,121,2.25649e+245
56,122,2.28256e+245
56,123,2.30475e+245
56,124,2.32289e+245
56,125,2.33686e+245
56,126,2.34649e+245
56,127,2.352e+245
56,128,2.352e+245
57,0,7.22791e+241
57,1,7.22791e+241
57,2,7.34931e+241
57,3,7.51428e+241
57,4,7.74464e+241
57,5,8.03689e+241
57,6,8.39602e+241
57,7,8.82445e+241
57,8,9.32689e+241
57,9,9.90778e+241
57,10,1.05728e+242
57,11,1.13281e+242
57,12,1.21809e+242
57,13,1.31389e+242
57,14,1.42112e+242
57,15,1.54076e+242
57,16,1.6739e+242
57,17,1.82176e+242
57,18,1.98568e+242
57,19,2.16715e+242
57,20,2.36778e+242
57,21,2.58938e+242
57,22,2.8339e+242
57,23,3.10351e+242
57,24,3.40058e+242
57,25,3.72768e+242
57,26,4.08765e+242
57,27,4.48358e+242
57,28,4.91886e+242
57,29,5.39717e+242
57,30,5.92253e+242
57,31,6.49933e+242
57,32,7.13232e+242
57,33,7.82671e+242
57,34,8.58812e+242
57,35,9.42269e+242
57,36,1.03371e+243
57,37,1.13385e+243
57,38,1.24347e+243
57,39,1.36342e+243
57,40,1.49463e+243
57,41,1.63806e+243
57,42,1.79481e+243
57,43,1.96602e+243
57,44,2.15293e+243
57,45,2.35689e+243
57,46,2.57934e+243
57,47,2.82182e+243
57,48,3.08602e+243
57,49,3.3737e+243
57,50,3.68679e+243
57,51,4.02732e+243
57,52,4.3975e+243
57,53,4.79965e+243
57,54,5.23626e+243
57,55,5.70999e+243
57,56,6.22364e+243
57,57,6.78021e+243
57,58,7.38285e+243
57,59,8.03492e+243
57,60,8.73995e+243
57,61,9.50166e+243
57,62,1.0324e+244
57,63,1.1211e+244
57,64,1.2167e+244
57,65,1.31965e+244
57,66,1.43041e+244
57,67,1.54948e+244
57,68,1.67736e+244
57,69,1.81457e+244
57,70,1.96164e+244
57,71,2.11912e+244
57,72,2.28758e+244
57,73,2.46759e+244
57,74,2.65972e+244
57,75,2.86456e+244
57,76,3.0827e+244
57,77,3.31472e+244
57,78,3.56119e+244
57,79,3.82268e+244
57,80,4.09973e+244
57,81,4.39288e+244
57,82,4.70262e+244
57,83,5.02942e+244
57,84,5.3737e+244
57,85,5.73583e+244
57,86,6.11614e+244
57,87,6.51488e+244
57,88,6.93223e+244
57,89,7.3683e+244
57,90,7.8231e+244
57,91,8.29653e+244
57,92,8.78841e+244
57,93,9.29843e+244
57,94,9.82615e+244
57,95,1.0371e+245
57,96,1.09323e+245
57,97,1.15092e+245
57,98,1.21006e+245
57,99,1.27055e+245
57,100,1.33225e+245
57,101,1.39501e+245
57,102,1.45867e+245
57,103,1.52305e+245
57,104,1.58794e+245
57,105,1.65315e+245
57,106,1.71844e+245
57,107,1.78358e+245
57,108,1.84831e+245
57,109,1.91236e+245
57,110,1.97547e+245
57,111,2.03734e+245
57,112,2.0977e+245
57,113,2.15625e+245
57,114,2.2127e+245
57,115,2.26674e+245
57,116,2.3181e+245
57,117,2.36649e+245
57,118,2.41163e+245
57,119,2.45326e+245
57,120,2.49112e+245
57,121,2.52498e+245
57,122,2.55462e+245
57,123,2.57985e+245
57,124,2.60047e+245
57,125,2.61637e+245
57,126,2.62732e+245
57,127,2.63359e+245
57,128,2.63359e+245
58,0,7.48827e+241
58,1,7.48827e+241
58,2,7.61559e+241
58,3,7.78889e+241
58,4,8.03099e+241
58,5,8.33828e+241
58,6,8.71602e+241
58,7,9.1668e+241
58,8,9.69563e+241
58,9,1.03072e+242
58,10,1.10076e+242
58,11,1.18034e+242
58,12,1.27022e+242
58,13,1.37124e+242
58,14,1.48435e+242
58,15,1.6106e+242
58,16,1.75116e+242
58,17,1.90733e+242
58,18,2.08054e+242
58,19,2.27239e+242
58,20,2.4846e+242
58,21,2.7191e+242
58,22,2.978e+242
58,23,3.2636e+242
58,24,3.57845e+242
58,25,3.92532e+242
58,26,4.30725e+242
58,27,4.72758e+242
58,28,5.18993e+242
58,29,5.69828e+242
58,30,6.25695e+242
58,31,6.87068e+242
58,32,7.54459e+242
58,33,8.28431e+242
58,34,9.09591e+242
58,35,9.98604e+242
58,36,1.09619e+243
58,37,1.20313e+243
58,38,1.32027e+243
58,39,1.44853e+243
58,40,1.5889e+243
58,41,1.74247e+243
58,42,1.91039e+243
58,43,2.09393e+243
58,44,2.29443e+243
58,45,2.51337e+243
58,46,2.75233e+243
58,47,3.01298e+243
58,48,3.29717e+243
58,49,3.60684e+243
58,50,3.9441e+243
58,51,4.31119e+243
58,52,4.71052e+243
58,53,5.14466e+243
58,54,5.61635e+243
58,55,6.12852e+243
58,56,6.68428e+243
58,57,7.28693e+243
58,58,7.93997e+243
58,59,8.64712e+243
58,60,9.4123e+243
58,61,1.02396e+244
58,62,1.11335e+244
58,63,1.20985e+244
58,64,1.31394e+244
58,65,1.42613e+244
58,66,1.54693e+244
58,67,1.67689e+244
58,68,1.81659e+244
58,69,1.96661e+244
58,70,2.12754e+244
58,71,2.30002e+244
58,72,2.48467e+244
58,73,2.68216e+244
58,74,2.89313e+244
58,75,3.11826e+244
58,76,3.35821e+244
58,77,3.61365e+244
58,78,3.88525e+244
58,79,4.17365e+244
58,80,4.47949e+244
58,81,4.80339e+244
58,82,5.14593e+244
58,83,5.50766e+244
58,84,5.88908e+244
58,85,6.29064e+244
58,86,6.71274e+244
58,87,7.15568e+244
58,88,7.61972e+244
58,89,8.105e+244
58,90,8.61157e+244
58,91,9.13937e+244
58,92,9.68822e+244
58,93,1.02578e+245
58,94,1.08477e+245
58,95,1.14572e+245
58,96,1.20857e+245
58,97,1.27321e+245
58,98,1.33954e+245
58,99,1.40744e+245
58,100,1.47675e+245
58,101,1.5473e+245
58,102,1.61893e+245
58,103,1.69141e+245
58,104,1.76454e+245
58,105,1.83807e+245
58,106,1.91175e+245
58,107,1.9853e+245
58,108,2.05844e+245
58,109,2.13086e+245
58,110,2.20226e+245
58,111,2.2723e+245
58,112,2.34067e+245
58,113,2.40702e+245
58,114,2.47102e+245
58,115,2.53233e+245
58,116,2.59062e+245
58,117,2.64555e+245
58,118,2.69683e+245
58,119,2.74412e+245
58,120,2.78715e+245
58,121,2.82565e+245
58,122,2.85936e+245
58,123,2.88805e+245
58,124,2.91151e+245
58,125,2.9296e+245
58,126,2.94206e+245
58,127,2.94919e+245
58,128,2.94919e+245
59,0,7.75523e+241
59,1,7.75523e+241
59,2,7.88865e+241
59,3,8.07058e+241
59,4,8.32481e+241
59,5,8.64768e+241
59,6,9.04468e+241
59,7,9.51862e+241
59,8,1.00748e+242
59,9,1.07182e+242
59,10,1.14553e+242
59,11,1.22931e+242
59,12,1.32397e+242
59,13,1.4304e+242
59,14,1.54962e+242
59,15,1.68274e+242
59,16,1.83102e+242
59,17,1.99584e+242
59,18,2.17873e+242
59,19,2.38139e+242
59,20,2.60567e+242
59,21,2.85363e+242
59,22,3.12752e+242
59,23,3.42983e+242
59,24,3.76326e+242
59,25,4.13081e+242
59,26,4.53573e+242
59,27,4.98159e+242
59,28,5.47231e+242
59,29,6.01215e+242
59,30,6.60578e+242
59,31,7.25828e+242
59,32,7.97519e+242
59,33,8.76257e+242
59,34,9.62699e+242
59,35,1.05756e+243
59,36,1.16162e+243
59,37,1.27573e+243
59,38,1.4008e+243
59,39,1.53783e+243
59,40,1.6879e+243
59,41,1.85218e+243
59,42,2.03194e+243
59,43,2.22854e+243
59,44,2.44346e+243
59,45,2.67831e+243
59,46,2.93479e+243
59,47,3.21476e+243
59,48,3.52022e+243
59,49,3.85331e+243
59,50,4.21633e+243
59,51,4.61174e+243
59,52,5.0422e+243
59,53,5.51053e+243
59,54,6.01975e+243
59,55,6.57307e+243
59,56,7.17395e+243
59,57,7.82602e+243
59,58,8.53318e+243
59,59,9.29952e+243
59,60,1.01294e+244
59,61,1.10274e+244
59,62,1.19985e+244
59,63,1.30476e+244
59,64,1.41802e+244
59,65,1.54019e+244
59,66,1.67185e+244
59,67,1.81362e+244
59,68,1.96613e+244
59,69,2.13005e+244
59,70,2.30605e+244
59,71,2.49484e+244
59,72,2.69714e+244
59,73,2.91368e+244
59,74,3.14522e+244
59,75,3.3925e+244
59,76,3.65631e+244
59,77,3.9374e+244
59,78,4.23654e+244
59,79,4.55448e+244
59,80,4.89195e+244
59,81,5.24967e+244
59,82,5.62832e+244
59,83,6.02855e+244
59,84,6.45096e+244
59,85,6.89608e+244
59,86,7.3644e+244
59,87,7.85629e+244
59,88,8.37208e+244
59,89,8.91198e+244
59,90,9.47607e+244
59,91,1.00643e+245
59,92,1.06766e+245
59,93,1.13126e+245
59,94,1.19718e+245
59,95,1.26536e+245
59,96,1.33571e+245
59,97,1.40815e+245
59,98,1.48253e+245
59,99,1.55874e+245
59,100,1.63659e+245
59,101,1.71592e+245
59,102,1.7965e+245
59,103,1.87812e+245
59,104,1.96052e+245
59,105,2.04345e+245
59,106,2.12659e+245
59,107,2.20965e+245
59,108,2.2923e+245
59,109,2.3742e+245
59,110,2.45499e+245
59,111,2.5343e+245
59,112,2.61175e+245
59,113,2.68696e+245
59,114,2.75954e+245
59,115,2.82911e+245
59,116,2.89528e+245
59,117,2.95767e+245
59,118,3.01593e+245
59,119,3.06968e+245
59,120,3.11861e+245
59,121,3.16239e+245
59,122,3.20073e+245
59,123,3.23337e+245
59,124,3.26008e+245
59,125,3.28066e+245
59,126,3.29485e+245
59,127,3.30297e+245
59,128,3.30297e+245
60,0,8.02857e+241
60,1,8.02857e+241
60,2,8.16828e+241
60,3,8.35911e+241
60,4,8.62588e+241
60,5,8.96485e+241
60,6,9.38177e+241
60,7,9.87967e+241
60,8,1.04641e+242
60,9,1.11405e+242
60,10,1.19157e+242
60,11,1.2797e+242
60,12,1.37931e+242
60,13,1.49136e+242
60,14,1.61691e+242
60,15,1.75717e+242
60,16,1.91346e+242
60,17,2.08727e+242
60,18,2.28022e+242
60,19,2.49413e+242
60,20,2.73098e+242
60,21,2.99296e+242
60,22,3.28249e+242
60,23,3.60221e+242
60,24,3.95504e+242
60,25,4.34418e+242
60,26,4.77312e+242
60,27,5.24569e+242
60,28,5.76609e+242
60,29,6.33891e+242
60,30,6.96916e+242
60,31,7.66232e+242
60,32,8.42435e+242
60,33,9.26178e+242
60,34,1.01817e+243
60,35,1.11919e+243
60,36,1.23006e+243
60,37,1.35172e+243
60,38,1.48515e+243
60,39,1.63144e+243
60,40,1.79174e+243
60,41,1.96734e+243
60,42,2.15961e+243
60,43,2.37004e+243
60,44,2.60023e+243
60,45,2.85193e+243
60,46,3.12701e+243
60,47,3.42749e+243
60,48,3.75556e+243
60,49,4.11355e+243
60,50,4.504e+243
60,51,4.9296e+243
60,52,5.39325e+243
60,53,5.89807e+243
60,54,6.44738e+243
60,55,7.04473e+243
60,56,7.69391e+243
60,57,8.39894e+243
60,58,9.16413e+243
60,59,9.99402e+243
60,60,1.08934e+244
60,61,1.18675e+244
60,62,1.29216e+244
60,63,1.40614e+244
60,64,1.52929e+244
60,65,1.66224e+244
60,66,1.80565e+244
60,67,1.96019e+244
60,68,2.12659e+244
60,69,2.30559e+244
60,70,2.49795e+244
60,71,2.70447e+244
60,72,2.92596e+244
60,73,3.16326e+244
60,74,3.41722e+244
60,75,3.68871e+244
60,76,3.97859e+244
60,77,4.28774e+244
60,78,4.61705e+244
60,79,4.96738e+244
60,80,5.33957e+244
60,81,5.73447e+244
60,82,6.15286e+244
60,83,6.59551e+244
60,84,7.06312e+244
60,85,7.55634e+244
60,86,8.07574e+244
60,87,8.62182e+244
60,88,9.19495e+244
60,89,9.79542e+244
60,90,1.04234e+245
60,91,1.10789e+245
60,92,1.17617e+245
60,93,1.24717e+245
60,94,1.32082e+245
60,95,1.39707e+245
60,96,1.47583e+245
60,97,1.55698e+245
60,98,1.64039e+245
60,99,1.72591e+245
60,100,1.81336e+245
60,101,1.90254e+245
60,102,1.9932e+245
60,103,2.08511e+245
60,104,2.17797e+245
60,105,2.27149e+245
60,106,2.36533e+245
60,107,2.45914e+245
60,108,2.55256e+245
60,109,2.64518e+245
60,110,2.73661e+245
60,111,2.82643e+245
60,112,2.91419e+245
60,113,2.99947e+245
60,114,3.08181e+245
60,115,3.16077e+245
60,116,3.2359e+245
60,117,3.30679e+245
60,118,3.37299e+245
60,119,3.43411e+245
60,120,3.48975e+245
60,121,3.53956e+245
60,122,3.58319e+245
60,123,3.62035e+245
60,124,3.65075e+245
60,125,3.67419e+245
60,126,3.69034e+245
60,127,3.69959e+245
60,128,3.69959e+245
61,0,8.30802e+241
61,1,8.30802e+241
61,2,8.45421e+241
61,3,8.65423e+241
61,4,8.93393e+241
61,5,9.28952e+241
61,6,9.72701e+241
61,7,1.02497e+242
61,8,1.08633e+242
61,9,1.15738e+242
61,10,1.23883e+242
61,11,1.33147e+242
61,12,1.43621e+242
61,13,1.55406e+242
61,14,1.68619e+242
61,15,1.83384e+242
61,16,1.99845e+242
61,17,2.18159e+242
61,18,2.38499e+242
61,19,2.61059e+242
61,20,2.8605e+242
61,21,3.13706e+242
61,22,3.44286e+242
61,23,3.78073e+242
61,24,4.15378e+242
61,25,4.56544e+242
61,26,5.01944e+242
61,27,5.5199e+242
61,28,6.07132e+242
61,29,6.67863e+242
61,30,7.34721e+242
61,31,8.08294e+242
61,32,8.89226e+242
61,33,9.78218e+242
61,34,1.07604e+243
61,35,1.18351e+243
61,36,1.30156e+243
61,37,1.43116e+243
61,38,1.57339e+243
61,39,1.72942e+243
61,40,1.90052e+243
61,41,2.08807e+243
61,42,2.29355e+243
61,43,2.51859e+243
61,44,2.76493e+243
61,45,3.03447e+243
61,46,3.32926e+243
61,47,3.65149e+243
61,48,4.00356e+243
61,49,4.38801e+243
61,50,4.80762e+243
61,51,5.26534e+243
61,52,5.76436e+243
61,53,6.3081e+243
61,54,6.90019e+243
61,55,7.54457e+243
61,56,8.24538e+243
61,57,9.0071e+243
61,58,9.83446e+243
61,59,1.07325e+244
61,60,1.17066e+244
61,61,1.27623e+244
61,62,1.39058e+244
61,63,1.51433e+244
61,64,1.64814e+244
61,65,1.79272e+244
61,66,1.94881e+244
61,67,2.11717e+244
61,68,2.2986e+244
61,69,2.49393e+244
61,70,2.70404e+244
61,71,2.92981e+244
61,72,3.17217e+244
61,73,3.43207e+244
61,74,3.71046e+244
61,75,4.00834e+244
61,76,4.3267e+244
61,77,4.66654e+244
61,78,5.02887e+244
61,79,5.41469e+244
61,80,5.82498e+244
61,81,6.26071e+244
61,82,6.7228e+244
61,83,7.21215e+244
61,84,7.72959e+244
61,85,8.27589e+244
61,86,8.85173e+244
61,87,9.45773e+244
61,88,1.00944e+245
61,89,1.0762e+245
61,90,1.14609e+245
61,91,1.21911e+245
61,92,1.29525e+245
61,93,1.37449e+245
61,94,1.45677e+245
61,95,1.54202e+245
61,96,1.63016e+245
61,97,1.72107e+245
61,98,1.81459e+245
61,99,1.91056e+245
61,100,2.00879e+245
61,101,2.10903e+245
61,102,2.21104e+245
61,103,2.31453e+245
61,104,2.41918e+245
61,105,2.52465e+245
61,106,2.63057e+245
61,107,2.73654e+245
61,108,2.84214e+245
61,109,2.94692e+245
61,110,3.05041e+245
61,111,3.15214e+245
61,112,3.25162e+245
61,113,3.34832e+245
61,114,3.44175e+245
61,115,3.5314e+245
61,116,3.61674e+245
61,117,3.69729e+245
61,118,3.77256e+245
61,119,3.84207e+245
61,120,3.90538e+245
61,121,3.96206e+245
61,122,4.01174e+245
61,123,4.05405e+245
61,124,4.08867e+245
61,125,4.11537e+245
61,126,4.13377e+245
61,127,4.14431e+245
61,128,4.14431e+245
62,0,8.59329e+241
62,1,8.59329e+241
62,2,8.74614e+241
62,3,8.95562e+241
62,4,9.24865e+241
62,5,9.62138e+241
62,6,1.00801e+242
62,7,1.06282e+242
62,8,1.12721e+242
62,9,1.20178e+242
62,10,1.28728e+242
62,11,1.38457e+242
62,12,1.49462e+242
62,13,1.61849e+242
62,14,1.75741e+242
62,15,1.91272e+242
62,16,2.08594e+242
62,17,2.27875e+242
62,18,2.49299e+242
62,19,2.73071e+242
62,20,2.99418e+242
62,21,3.2859e+242
62,22,3.60861e+242
62,23,3.96536e+242
62,24,4.35945e+242
62,25,4.79455e+242
62,26,5.27468e+242
62,27,5.80423e+242
62,28,6.38802e+242
62,29,7.03134e+242
62,30,7.73997e+242
62,31,8.52023e+242
62,32,9.37904e+242
62,33,1.03239e+243
62,34,1.13632e+243
62,35,1.25057e+243
62,36,1.37614e+243
62,37,1.51408e+243
62,38,1.66556e+243
62,39,1.83185e+243
62,40,2.01432e+243
62,41,2.21445e+243
62,42,2.43387e+243
62,43,2.67434e+243
62,44,2.93774e+243
62,45,3.22615e+243
62,46,3.54179e+243
62,47,3.88706e+243
62,48,4.26457e+243
62,49,4.6771e+243
62,50,5.12768e+243
62,51,5.61955e+243
62,52,6.1562e+243
62,53,6.74137e+243
62,54,7.37908e+243
62,55,8.07363e+243
62,56,8.8296e+243
62,57,9.65192e+243
62,58,1.05458e+244
62,59,1.15169e+244
62,60,1.2571e+244
62,61,1.37144e+244
62,62,1.49539e+244
62,63,1.62964e+244
62,64,1.77493e+244
62,65,1.93206e+244
62,66,2.10183e+244
62,67,2.28511e+244
62,68,2.48279e+244
62,69,2.69581e+244
62,70,2.92515e+244
62,71,3.17181e+244
62,72,3.43684e+244
62,73,3.7213e+244
62,74,4.02629e+244
62,75,4.35294e+244
62,76,4.70237e+244
62,77,5.07573e+244
62,78,5.47418e+244
62,79,5.89886e+244
62,80,6.35092e+244
62,81,6.83146e+244
62,82,7.34158e+244
62,83,7.88231e+244
62,84,8.45464e+244
62,85,9.05948e+244
62,86,9.69765e+244
62,87,1.03699e+245
62,88,1.10768e+245
62,89,1.18189e+245
62,90,1.25965e+245
62,91,1.34096e+245
62,92,1.42584e+245
62,93,1.51425e+245
62,94,1.60615e+245
62,95,1.70146e+245
62,96,1.80009e+245
62,97,1.90191e+245
62,98,2.00676e+245
62,99,2.11445e+245
62,100,2.22476e+245
62,101,2.33745e+245
62,102,2.45222e+245
62,103,2.56875e+245
62,104,2.68669e+245
62,105,2.80566e+245
62,106,2.92522e+245
62,107,3.04493e+245
62,108,3.16431e+245
62,109,3.28286e+245
62,110,3.40003e+245
62,111,3.51528e+245
62,112,3.62805e+245
62,113,3.73775e+245
62,114,3.84379e+245
62,115,3.9456e+245
62,116,4.04257e+245
62,117,4.13414e+245
62,118,4.21973e+245
62,119,4.29882e+245
62,120,4.37087e+245
62,121,4.43541e+245
62,122,4.49198e+245
62,123,4.54017e+245
62,124,4.57962e+245
62,125,4.61004e+245
62,126,4.63102e+245
62,127,4.64303e+245
62,128,4.64303e+245
63,0,8.88406e+241
63,1,8.88406e+241
63,2,9.04374e+241
63,3,9.26295e+241
63,4,9.56968e+241
63,5,9.96004e+241
63,6,1.04406e+242
63,7,1.10151e+242
63,8,1.169e+242
63,9,1.24719e+242
63,10,1.33689e+242
63,11,1.43898e+242
63,12,1.55449e+242
63,13,1.68457e+242
63,14,1.83051e+242
63,15,1.99375e+242
63,16,2.17588e+242
63,17,2.37869e+242
63,18,2.60414e+242
63,19,2.85443e+242
63,20,3.13196e+242
63,21,3.4394e+242
63,22,3.77967e+242
63,23,4.15601e+242
63,24,4.57197e+242
63,25,5.03147e+242
63,26,5.53878e+242
63,27,6.09861e+242
63,28,6.71614e+242
63,29,7.39702e+242
63,30,8.14745e+242
63,31,8.97421e+242
63,32,9.88473e+242
63,33,1.08871e+243
63,34,1.19902e+243
63,35,1.32038e+243
63,36,1.45383e+243
63,37,1.60052e+243
63,38,1.76172e+243
63,39,1.93879e+243
63,40,2.1332e+243
63,41,2.34659e+243
63,42,2.58069e+243
63,43,2.83741e+243
63,44,3.11882e+243
63,45,3.42716e+243
63,46,3.76484e+243
63,47,4.13448e+243
63,48,4.53892e+243
63,49,4.9812e+243
63,50,5.46463e+243
63,51,5.99276e+243
63,52,6.56939e+243
63,53,7.19864e+243
63,54,7.88491e+243
63,55,8.63293e+243
63,56,9.44774e+243
63,57,1.03348e+244
63,58,1.12998e+244
63,59,1.23489e+244
63,60,1.34888e+244
63,61,1.47262e+244
63,62,1.60687e+244
63,63,1.75241e+244
63,64,1.91005e+244
63,65,2.08068e+244
63,66,2.2652e+244
63,67,2.46457e+244
63,68,2.67981e+244
63,69,2.91197e+244
63,70,3.16213e+244
63,71,3.43143e+244
63,72,3.72106e+244
63,73,4.03221e+244
63,74,4.36613e+244
63,75,4.7241e+244
63,76,5.1074e+244
63,77,5.51735e+244
63,78,5.95527e+244
63,79,6.42248e+244
63,80,6.92029e+244
63,81,7.44999e+244
63,82,8.01284e+244
63,83,8.61007e+244
63,84,9.24282e+244
63,85,9.91217e+244
63,86,1.06191e+245
63,87,1.13646e+245
63,88,1.21493e+245
63,89,1.29738e+245
63,90,1.38386e+245
63,91,1.47439e+245
63,92,1.56898e+245
63,93,1.66761e+245
63,94,1.77022e+245
63,95,1.87675e+245
63,96,1.9871e+245
63,97,2.10112e+245
63,98,2.21865e+245
63,99,2.33948e+245
63,100,2.46336e+245
63,101,2.59003e+245
63,102,2.71915e+245
63,103,2.85038e+245
63,104,2.9833e+245
63,105,3.11749e+245
63,106,3.25246e+245
63,107,3.38772e+245
63,108,3.5227e+245
63,109,3.65684e+245
63,110,3.78952e+245
63,111,3.92012e+245
63,112,4.04799e+245
63,113,4.17246e+245
63,114,4.29285e+245
63,115,4.40849e+245
63,116,4.51871e+245
63,117,4.62284e+245
63,118,4.72022e+245
63,119,4.81022e+245
63,120,4.89226e+245
63,121,4.96577e+245
63,122,5.03022e+245
63,123,5.08514e+245
63,124,5.13011e+245
63,125,5.16479e+245
63,126,5.1887e+245
63,127,5.2024e+245
63,128,5.2024e+245
64,0,9.17993e+241
64,1,9.17993e+241
64,2,9.34662e+241
64,3,9.57581e+241
64,4,9.89662e+241
64,5,1.03051e+242
64,6,1.08081e+242
64,7,1.14096e+242
64,8,1.21166e+242
64,9,1.29358e+242
64,10,1.38759e+242
64,11,1.49462e+242
64,12,1.61578e+242
64,13,1.75226e+242
64,14,1.90544e+242
64,15,2.07685e+242
64,16,2.26818e+242
64,17,2.48132e+242
64,18,2.71838e+242
64,19,2.98167e+242
64,20,3.27375e+242
64,21,3.59746e+242
64,22,3.95593e+242
64,23,4.3526e+242
64,24,4.79126e+242
64,25,5.27608e+242
64,26,5.81163e+242
64,27,6.40297e+242
64,28,7.0556e+242
64,29,7.77558e+242
64,30,8.56957e+242
64,31,9.44482e+242
64,32,1.04093e+243
64,33,1.14717e+243
64,34,1.26417e+243
64,35,1.39294e+243
64,36,1.53465e+243
64,37,1.69051e+243
64,38,1.8619e+243
64,39,2.05027e+243
64,40,2.25723e+243
64,41,2.48454e+243
64,42,2.73408e+243
64,43,3.00792e+243
64,44,3.3083e+243
64,45,3.63765e+243
64,46,3.99859e+243
64,47,4.39398e+243
64,48,4.82689e+243
64,49,5.30067e+243
64,50,5.8189e+243
64,51,6.38546e+243
64,52,7.00453e+243
64,53,7.6806e+243
64,54,8.41851e+243
64,55,9.22344e+243
64,56,1.01009e+244
64,57,1.1057e+244
64,58,1.20979e+244
64,59,1.32305e+244
64,60,1.44621e+244
64,61,1.58002e+244
64,62,1.72532e+244
64,63,1.88296e+244
64,64,2.05387e+244
64,65,2.23902e+244
64,66,2.43942e+244
64,67,2.65615e+244
64,68,2.89033e+244
64,69,3.14315e+244
64,70,3.41583e+244
64,71,3.70966e+244
64,72,4.02594e+244
64,73,4.36606e+244
64,74,4.73142e+244
64,75,5.12346e+244
64,76,5.54367e+244
64,77,5.99352e+244
64,78,6.47454e+244
64,79,6.98824e+244
64,80,7.53612e+244
64,81,8.1197e+244
64,82,8.74042e+244
64,83,9.39971e+244
64,84,1.00989e+245
64,85,1.08393e+245
64,86,1.16222e+245
64,87,1.24484e+245
64,88,1.33191e+245
64,89,1.42349e+245
64,90,1.51964e+245
64,91,1.6204e+245
64,92,1.72578e+245
64,93,1.83577e+245
64,94,1.95033e+245
64,95,2.06937e+245
64,96,2.1928e+245
64,97,2.32047e+245
64,98,2.45219e+245
64,99,2.58775e+245
64,100,2.72686e+245
64,101,2.86923e+245
64,102,3.0145e+245
64,103,3.16227e+245
64,104,3.31208e+245
64,105,3.46345e+245
64,106,3.61584e+245
64,107,3.76866e+245
64,108,3.92131e+245
64,109,4.07311e+245
64,110,4.22339e+245
64,111,4.37141e+245
64,112,4.51643e+245
64,113,4.6577e+245
64,114,4.79442e+245
64,115,4.92583e+245
64,116,5.05114e+245
64,117,5.16958e+245
64,118,5.28041e+245
64,119,5.38289e+245
64,120,5.47633e+245
64,121,5.56009e+245
64,122,5.63355e+245
64,123,5.69616e+245
64,124,5.74743e+245
64,125,5.78699e+245
64,126,5.81427e+245
64,127,5.82989e+245
64,128,5.82989e+245
65,0,9.4805e+241
65,1,9.4805e+241
65,2,9.65435e+241
65,3,9.89378e+241
65,4,1.0229e+242
65,5,1.06561e+242
65,6,1.11821e+242
65,7,1.18114e+242
65,8,1.25512e+242
65,9,1.34088e+242
65,10,1.43932e+242
65,11,1.55145e+242
65,12,1.6784e+242
65,13,1.82148e+242
65,14,1.98212e+242
65,15,2.16195e+242
65,16,2.36276e+242
65,17,2.58657e+242
65,18,2.8356e+242
65,19,3.11231e+242
65,20,3.41943e+242
65,21,3.75998e+242
65,22,4.13728e+242
65,23,4.555e+242
65,24,5.01717e+242
65,25,5.52824e+242
65,26,6.09311e+242
65,27,6.71714e+242
65,28,7.40624e+242
65,29,8.16689e+242
65,30,9.00619e+242
65,31,9.93194e+242
65,32,1.09527e+243
65,33,1.20777e+243
65,34,1.33173e+243
65,35,1.46826e+243
65,36,1.61859e+243
65,37,1.78405e+243
65,38,1.96609e+243
65,39,2.16631e+243
65,40,2.38644e+243
65,41,2.62835e+243
65,42,2.89411e+243
65,43,3.18595e+243
65,44,3.50629e+243
65,45,3.85776e+243
65,46,4.24322e+243
65,47,4.66577e+243
65,48,5.12876e+243
65,49,5.63581e+243
65,50,6.19085e+243
65,51,6.79811e+243
65,52,7.46216e+243
65,53,8.1879e+243
65,54,8.98064e+243
65,55,9.84606e+243
65,56,1.07903e+244
65,57,1.18198e+244
65,58,1.29417e+244
65,59,1.41634e+244
65,60,1.54929e+244
65,61,1.69388e+244
65,62,1.851e+244
65,63,2.02162e+244
65,64,2.20677e+244
65,65,2.40751e+244
65,66,2.62499e+244
65,67,2.8604e+244
65,68,3.11501e+244
65,69,3.39013e+244
65,70,3.68714e+244
65,71,4.00748e+244
65,72,4.35264e+244
65,73,4.72417e+244
65,74,5.12366e+244
65,75,5.55274e+244
65,76,6.01309e+244
65,77,6.50642e+244
65,78,7.03446e+244
65,79,7.59893e+244
65,80,8.20159e+244
65,81,8.84416e+244
65,82,9.52832e+244
65,83,1.02558e+245
65,84,1.1028e+245
65,85,1.18467e+245
65,86,1.27131e+245
65,87,1.36286e+245
65,88,1.45942e+245
65,89,1.5611e+245
65,90,1.66796e+245
65,91,1.78007e+245
65,92,1.89744e+245
65,93,2.02007e+245
65,94,2.14792e+245
65,95,2.28092e+245
65,96,2.41895e+245
65,97,2.56188e+245
65,98,2.70948e+245
65,99,2.86154e+245
65,100,3.01774e+245
65,101,3.17776e+245
65,102,3.34118e+245
65,103,3.50757e+245
65,104,3.67642e+245
65,105,3.84718e+245
65,106,4.01924e+245
65,107,4.19194e+245
65,108,4.36458e+245
65,109,4.53641e+245
65,110,4.70664e+245
65,111,4.87445e+245
65,112,5.03897e+245
65,113,5.19933e+245
65,114,5.35465e+245
65,115,5.50401e+245
65,116,5.64653e+245
65,117,5.78131e+245
65,118,5.90748e+245
65,119,6.02421e+245
65,120,6.13069e+245
65,121,6.22616e+245
65,122,6.30992e+245
65,123,6.38134e+245
65,124,6.43983e+245
65,125,6.48496e+245
65,126,6.51609e+245
65,127,6.53392e+245
65,128,6.53392e+245
66,0,9.78529e+241
66,1,9.78529e+241
66,2,9.96646e+241
66,3,1.02164e+242
66,4,1.05664e+242
66,5,1.10125e+242
66,6,1.15621e+242
66,7,1.22199e+242
66,8,1.29934e+242
66,9,1.38903e+242
66,10,1.49202e+242
66,11,1.60937e+242
66,12,1.74229e+242
66,13,1.89214e+242
66,14,2.06045e+242
66,15,2.24894e+242
66,16,2.45952e+242
66,17,2.69431e+242
66,18,2.95568e+242
66,19,3.24624e+242
66,20,3.56888e+242
66,21,3.92681e+242
66,22,4.32356e+242
66,23,4.76303e+242
66,24,5.24953e+242
66,25,5.78779e+242
66,26,6.38301e+242
66,27,7.04094e+242
66,28,7.76788e+242
66,29,8.57073e+242
66,30,9.45711e+242
66,31,1.04353e+243
66,32,1.15146e+243
66,33,1.27048e+243
66,34,1.4017e+243
66,35,1.54632e+243
66,36,1.70565e+243
66,37,1.88113e+243
66,38,2.07432e+243
66,39,2.28693e+243
66,40,2.52083e+243
66,41,2.77806e+243
66,42,3.06083e+243
66,43,3.37155e+243
66,44,3.71286e+243
66,45,4.08759e+243
66,46,4.49886e+243
66,47,4.95002e+243
66,48,5.44471e+243
66,49,5.98689e+243
66,50,6.58082e+243
66,51,7.23111e+243
66,52,7.94276e+243
66,53,8.72113e+243
66,54,9.57202e+243
66,55,1.05017e+244
66,56,1.15167e+244
66,57,1.26245e+244
66,58,1.38325e+244
66,59,1.51492e+244
66,60,1.65833e+244
66,61,1.81441e+244
66,62,1.98418e+244
66,63,2.1687e+244
66,64,2.36911e+244
66,65,2.58658e+244
66,66,2.82241e+244
66,67,3.07791e+244
66,68,3.35451e+244
66,69,3.65367e+244
66,70,3.97693e+244
66,71,4.32593e+244
66,72,4.70232e+244
66,73,5.10787e+244
66,74,5.54436e+244
66,75,6.01366e+244
66,76,6.51766e+244
66,77,7.05832e+244
66,78,7.63759e+244
66,79,8.25748e+244
66,80,8.91999e+244
66,81,9.62709e+244
66,82,1.03808e+245
66,83,1.11829e+245
66,84,1.20355e+245
66,85,1.29402e+245
66,86,1.38986e+245
66,87,1.49125e+245
66,88,1.5983e+245
66,89,1.71115e+245
66,90,1.82987e+245
66,91,1.95456e+245
66,92,2.08523e+245
66,93,2.22191e+245
66,94,2.36456e+245
66,95,2.51311e+245
66,96,2.66745e+245
66,97,2.82742e+245
66,98,2.9928e+245
66,99,3.16334e+245
66,100,3.33872e+245
66,101,3.51854e+245
66,102,3.70239e+245
66,103,3.88975e+245
66,104,4.08006e+245
66,105,4.2727e+245
66,106,4.46698e+245
66,107,4.66217e+245
66,108,4.85745e+245
66,109,5.05198e+245
66,110,5.24485e+245
66,111,5.43512e+245
66,112,5.6218e+245
66,113,5.8039e+245
66,114,5.98038e+245
66,115,6.15021e+245
66,116,6.31236e+245
66,117,6.46578e+245
66,118,6.60948e+245
66,119,6.74249e+245
66,120,6.86386e+245
66,121,6.97273e+245
66,122,7.06829e+245
66,123,7.14978e+245
66,124,7.21654e+245
66,125,7.26807e+245
66,126,7.30361e+245
66,127,7.32397e+245
66,128,7.32397e+245
67,0,1.00938e+242
67,1,1.00938e+242
67,2,1.02824e+242
67,3,1.0543e+242
67,4,1.09082e+242
67,5,1.13738e+242
67,6,1.19475e+242
67,7,1.26344e+242
67,8,1.34424e+242
67,9,1.43796e+242
67,10,1.54562e+242
67,11,1.66832e+242
67,12,1.80735e+242
67,13,1.96414e+242
67,14,2.14033e+242
67,15,2.33772e+242
67,16,2.55834e+242
67,17,2.80442e+242
67,18,3.07848e+242
67,19,3.38329e+242
67,20,3.72192e+242
67,21,4.09776e+242
67,22,4.51458e+242
67,23,4.97651e+242
67,24,5.48813e+242
67,25,6.05448e+242
67,26,6.6811e+242
67,27,7.37411e+242
67,28,8.14022e+242
67,29,8.98683e+242
67,30,9.92203e+242
67,31,1.09547e+243
67,32,1.20948e+243
67,33,1.33528e+243
67,34,1.47405e+243
67,35,1.62709e+243
67,36,1.7958e+243
67,37,1.98172e+243
67,38,2.18654e+243
67,39,2.41209e+243
67,40,2.6604e+243
67,41,2.93365e+243
67,42,3.23423e+243
67,43,3.56475e+243
67,44,3.92805e+243
67,45,4.32721e+243
67,46,4.7656e+243
67,47,5.24685e+243
67,48,5.77493e+243
67,49,6.35411e+243
67,50,6.98906e+243
67,51,7.68479e+243
67,52,8.44674e+243
67,53,9.28079e+243
67,54,1.01933e+244
67,55,1.1191e+244
67,56,1.22813e+244
67,57,1.3472e+244
67,58,1.47717e+244
67,59,1.61895e+244
67,60,1.7735e+244
67,61,1.94186e+244
67,62,2.12513e+244
67,63,2.32451e+244
67,64,2.54124e+244
67,65,2.77665e+244
67,66,3.03216e+244
67,67,3.30924e+244
67,68,3.60948e+244
67,69,3.93452e+244
67,70,4.28609e+244
67,71,4.66601e+244
67,72,5.07616e+244
67,73,5.5185e+244
67,74,5.99508e+244
67,75,6.508e+244
67,76,7.05941e+244
67,77,7.65152e+244
67,78,8.28659e+244
67,79,8.9669e+244
67,80,9.69473e+244
67,81,1.04724e+245
67,82,1.13022e+245
67,83,1.21863e+245
67,84,1.31269e+245
67,85,1.41261e+245
67,86,1.51859e+245
67,87,1.63081e+245
67,88,1.74944e+245
67,89,1.87463e+245
67,90,2.00648e+245
67,91,2.1451e+245
67,92,2.29054e+245
67,93,2.44283e+245
67,94,2.60194e+245
67,95,2.76782e+245
67,96,2.94034e+245
67,97,3.11935e+245
67,98,3.30462e+245
67,99,3.49587e+245
67,100,3.69274e+245
67,101,3.89482e+245
67,102,4.10162e+245
67,103,4.31258e+245
67,104,4.52709e+245
67,105,4.74442e+245
67,106,4.96382e+245
67,107,5.18443e+245
67,108,5.40535e+245
67,109,5.62561e+245
67,110,5.84417e+245
67,111,6.05996e+245
67,112,6.27185e+245
67,113,6.47869e+245
67,114,6.67928e+245
67,115,6.87245e+245
67,116,7.05698e+245
67,117,7.23169e+245
67,118,7.39542e+245
67,119,7.54703e+245
67,120,7.68546e+245
67,121,7.80967e+245
67,122,7.91872e+245
67,123,8.01176e+245
67,124,8.08799e+245
67,125,8.14684e+245
67,126,8.18744e+245
67,127,8.2107e+245
67,128,8.2107e+245
68,0,1.04054e+242
68,1,1.04054e+242
68,2,1.06017e+242
68,3,1.08732e+242
68,4,1.12537e+242
68,5,1.17392e+242
68,6,1.23376e+242
68,7,1.30543e+242
68,8,1.38975e+242
68,9,1.48759e+242
68,10,1.60001e+242
68,11,1.72819e+242
68,12,1.87348e+242
68,13,2.03739e+242
68,14,2.22165e+242
68,15,2.42816e+242
68,16,2.65907e+242
68,17,2.91675e+242
68,18,3.20385e+242
68,19,3.5233e+242
68,20,3.87837e+242
68,21,4.27264e+242
68,22,4.71012e+242
68,23,5.19518e+242
68,24,5.7327e+242
68,25,6.32803e+242
68,26,6.98707e+242
68,27,7.71632e+242
68,28,8.52295e+242
68,29,9.41481e+242
68,30,1.04006e+243
68,31,1.14897e+243
68,32,1.26928e+243
68,33,1.40211e+243
68,34,1.54873e+243
68,35,1.71052e+243
68,36,1.88899e+243
68,37,2.08578e+243
68,38,2.30272e+243
68,39,2.54177e+243
68,40,2.80511e+243
68,41,3.09509e+243
68,42,3.41429e+243
68,43,3.76553e+243
68,44,4.15186e+243
68,45,4.57664e+243
68,46,5.04348e+243
68,47,5.55633e+243
68,48,6.1195e+243
68,49,6.73763e+243
68,50,7.41577e+243
68,51,8.15941e+243
68,52,8.97445e+243
68,53,9.8673e+243
68,54,1.08449e+244
68,55,1.19146e+244
68,56,1.30846e+244
68,57,1.43635e+244
68,58,1.57605e+244
68,59,1.72857e+244
68,60,1.89497e+244
68,61,2.07641e+244
68,62,2.27409e+244
68,63,2.48933e+244
68,64,2.72351e+244
68,65,2.97812e+244
68,66,3.25471e+244
68,67,3.55495e+244
68,68,3.88057e+244
68,69,4.23344e+244
68,70,4.61548e+244
68,71,5.02873e+244
68,72,5.47531e+244
68,73,5.95743e+244
68,74,6.47739e+244
68,75,7.03756e+244
68,76,7.6404e+244
68,77,8.28841e+244
68,78,8.98417e+244
68,79,9.73027e+244
68,80,1.05294e+245
68,81,1.13841e+245
68,82,1.2297e+245
68,83,1.32708e+245
68,84,1.43081e+245
68,85,1.54111e+245
68,86,1.65823e+245
68,87,1.78239e+245
68,88,1.91379e+245
68,89,2.05259e+245
68,90,2.19896e+245
68,91,2.35301e+245
68,92,2.51483e+245
68,93,2.68445e+245
68,94,2.86187e+245
68,95,3.04704e+245
68,96,3.23985e+245
68,97,3.44013e+245
68,98,3.64763e+245
68,99,3.86206e+245
68,100,4.08303e+245
68,101,4.31009e+245
68,102,4.5427e+245
68,103,4.78024e+245
68,104,5.02201e+245
68,105,5.26721e+245
68,106,5.51498e+245
68,107,5.76436e+245
68,108,6.01432e+245
68,109,6.26375e+245
68,110,6.51148e+245
68,111,6.75627e+245
68,112,6.99682e+245
68,113,7.23182e+245
68,114,7.45989e+245
68,115,7.67967e+245
68,116,7.88976e+245
68,117,8.08879e+245
68,118,8.27541e+245
68,119,8.44831e+245
68,120,8.60624e+245
68,121,8.74802e+245
68,122,8.87254e+245
68,123,8.9788e+245
68,124,9.0659e+245
68,125,9.13315e+245
68,126,9.17954e+245
68,127,9.20613e+245
68,128,9.20613e+245
69,0,1.07197e+242
69,1,1.07197e+242
69,2,1.09236e+242
69,3,1.12062e+242
69,4,1.16025e+242
69,5,1.21082e+242
69,6,1.27317e+242
69,7,1.34787e+242
69,8,1.43579e+242
69,9,1.53783e+242
69,10,1.65512e+242
69,11,1.78889e+242
69,12,1.94057e+242
69,13,2.11176e+242
69,14,2.30428e+242
69,15,2.52013e+242
69,16,2.76157e+242
69,17,3.03112e+242
69,18,3.33159e+242
69,19,3.66607e+242
69,20,4.038e+242
69,21,4.45121e+242
69,22,4.90991e+242
69,23,5.41878e+242
69,24,5.98295e+242
69,25,6.60813e+242
69,26,7.30057e+242
69,27,8.06721e+242
69,28,8.91563e+242
69,29,9.85425e+242
69,30,1.08923e+243
69,31,1.20398e+243
69,32,1.33081e+243
69,33,1.47093e+243
69,34,1.62568e+243
69,35,1.79655e+243
69,36,1.98515e+243
69,37,2.19325e+243
69,38,2.42279e+243
69,39,2.6759e+243
69,40,2.9549e+243
69,41,3.26233e+243
69,42,3.60097e+243
69,43,3.97384e+243
69,44,4.38427e+243
69,45,4.83584e+243
69,46,5.33248e+243
69,47,5.87848e+243
69,48,6.47847e+243
69,49,7.13751e+243
69,50,7.86109e+243
69,51,8.65514e+243
69,52,9.52612e+243
69,53,1.0481e+244
69,54,1.15273e+244
69,55,1.26732e+244
69,56,1.39275e+244
69,57,1.52997e+244
69,58,1.67999e+244
69,59,1.84391e+244
69,60,2.02291e+244
69,61,2.21825e+244
69,62,2.43128e+244
69,63,2.66343e+244
69,64,2.91625e+244
69,65,3.19136e+244
69,66,3.49052e+244
69,67,3.81555e+244
69,68,4.16842e+244
69,69,4.55117e+244
69,70,4.96597e+244
69,71,5.41511e+244
69,72,5.90096e+244
69,73,6.426e+244
69,74,6.99284e+244
69,75,7.60416e+244
69,76,8.26272e+244
69,77,8.97138e+244
69,78,9.73308e+244
69,79,1.05508e+245
69,80,1.14275e+245
69,81,1.23663e+245
69,82,1.33701e+245
69,83,1.44421e+245
69,84,1.55851e+245
69,85,1.68021e+245
69,86,1.80957e+245
69,87,1.94686e+245
69,88,2.09232e+245
69,89,2.24616e+245
69,90,2.40857e+245
69,91,2.5797e+245
69,92,2.75966e+245
69,93,2.94852e+245
69,94,3.1463e+245
69,95,3.35294e+245
69,96,3.56836e+245
69,97,3.79237e+245
69,98,4.02472e+245
69,99,4.26511e+245
69,100,4.5131e+245
69,101,4.7682e+245
69,102,5.02982e+245
69,103,5.29727e+245
69,104,5.56977e+245
69,105,5.84642e+245
69,106,6.12625e+245
69,107,6.40817e+245
69,108,6.69102e+245
69,109,6.97353e+245
69,110,7.25437e+245
69,111,7.53211e+245
69,112,7.80528e+245
69,113,8.07235e+245
69,114,8.33175e+245
69,115,8.58188e+245
69,116,8.82116e+245
69,117,9.04798e+245
69,118,9.26078e+245
69,119,9.45805e+245
69,120,9.63832e+245
69,121,9.80022e+245
69,122,9.94247e+245
69,123,1.00639e+246
69,124,1.01635e+246
69,125,1.02404e+246
69,126,1.02934e+246
69,127,1.03238e+246
69,128,1.03238e+246
70,0,1.10358e+242
70,1,1.10358e+242
70,2,1.12475e+242
70,3,1.15414e+242
70,4,1.19536e+242
70,5,1.24799e+242
70,6,1.3129e+242
70,7,1.39068e+242
70,8,1.48226e+242
70,9,1.58858e+242
70,10,1.71083e+242
70,11,1.8503e+242
70,12,2.00851e+242
70,13,2.18712e+242
70,14,2.38806e+242
70,15,2.61345e+242
70,16,2.86566e+242
70,17,3.14736e+242
70,18,3.4615e+242
70,19,3.81136e+242
70,20,4.20058e+242
70,21,4.6332e+242
70,22,5.11368e+242
70,23,5.64697e+242
70,24,6.23852e+242
70,25,6.89438e+242
70,26,7.62119e+242
70,27,8.4263e+242
70,28,9.3178e+242
70,29,1.03046e+243
70,30,1.13965e+243
70,31,1.26044e+243
70,32,1.394e+243
70,33,1.54166e+243
70,34,1.70483e+243
70,35,1.88511e+243
70,36,2.08421e+243
70,37,2.30403e+243
70,38,2.54666e+243
70,39,2.81437e+243
70,40,3.10966e+243
70,41,3.43526e+243
70,42,3.79415e+243
70,43,4.1896e+243
70,44,4.62517e+243
70,45,5.10474e+243
70,46,5.63256e+243
70,47,6.21324e+243
70,48,6.85182e+243
70,49,7.55377e+243
70,50,8.32503e+243
70,51,9.17207e+243
70,52,1.01019e+244
70,53,1.11221e+244
70,54,1.22409e+244
70,55,1.34671e+244
70,56,1.48105e+244
70,57,1.62813e+244
70,58,1.78908e+244
70,59,1.96509e+244
70,60,2.15745e+244
70,61,2.36756e+244
70,62,2.5969e+244
70,63,2.84706e+244
70,64,3.11974e+244
70,65,3.41675e+244
70,66,3.74001e+244
70,67,4.09157e+244
70,68,4.47361e+244
70,69,4.88841e+244
70,70,5.33839e+244
70,71,5.82611e+244
70,72,6.35424e+244
70,73,6.92556e+244
70,74,7.543e+244
70,75,8.20959e+244
70,76,8.92847e+244
70,77,9.70287e+244
70,78,1.05361e+245
70,79,1.14316e+245
70,80,1.23928e+245
70,81,1.34232e+245
70,82,1.45263e+245
70,83,1.57055e+245
70,84,1.69644e+245
70,85,1.83062e+245
70,86,1.97342e+245
70,87,2.12515e+245
70,88,2.2861e+245
70,89,2.45652e+245
70,90,2.63664e+245
70,91,2.82665e+245
70,92,3.02671e+245
70,93,3.23691e+245
70,94,3.45729e+245
70,95,3.68782e+245
70,96,3.92843e+245
70,97,4.17892e+245
70,98,4.43905e+245
70,99,4.70847e+245
70,100,4.98674e+245
70,101,5.27332e+245
70,102,5.56754e+245
70,103,5.86865e+245
70,104,6.17577e+245
70,105,6.48791e+245
70,106,6.80396e+245
70,107,7.12271e+245
70,108,7.44281e+245
70,109,7.76285e+245
70,110,8.08128e+245
70,111,8.39648e+245
70,112,8.70677e+245
70,113,9.01038e+245
70,114,9.30549e+245
70,115,9.59029e+245
70,116,9.8629e+245
70,117,1.01215e+246
70,118,1.03643e+246
70,119,1.05894e+246
70,120,1.07953e+246
70,121,1.09803e+246
70,122,1.11429e+246
70,123,1.12817e+246
70,124,1.13956e+246
70,125,1.14835e+246
70,126,1.15442e+246
70,127,1.1579e+246
70,128,1.1579e+246
71,0,1.1353e+242
71,1,1.1353e+242
71,2,1.15727e+242
71,3,1.1878e+242
71,4,1.23064e+242
71,5,1.28536e+242
71,6,1.35286e+242
71,7,1.43378e+242
71,8,1.52907e+242
71,9,1.63975e+242
71,10,1.76704e+242
71,11,1.91231e+242
71,12,2.07715e+242
71,13,2.26332e+242
71,14,2.47284e+242
71,15,2.70795e+242
71,16,2.97115e+242
71,17,3.26524e+242
71,18,3.59335e+242
71,19,3.95892e+242
71,20,4.36582e+242
71,21,4.81829e+242
71,22,5.32107e+242
71,23,5.87939e+242
71,24,6.49902e+242
71,25,7.18635e+242
71,26,7.94844e+242
71,27,8.79309e+242
71,28,9.72887e+242
71,29,1.07653e+243
71,30,1.19127e+243
71,31,1.31827e+243
71,32,1.45879e+243
71,33,1.61422e+243
71,34,1.78609e+243
71,35,1.97609e+243
71,36,2.18605e+243
71,37,2.41802e+243
71,38,2.67422e+243
71,39,2.95708e+243
71,40,3.26929e+243
71,41,3.61376e+243
71,42,3.99372e+243
71,43,4.41266e+243
71,44,4.87442e+243
71,45,5.3832e+243
71,46,5.94356e+243
71,47,6.56049e+243
71,48,7.23944e+243
71,49,7.98631e+243
71,50,8.80756e+243
71,51,9.71018e+243
71,52,1.07018e+244
71,53,1.17906e+244
71,54,1.29857e+244
71,55,1.42966e+244
71,56,1.57339e+244
71,57,1.73089e+244
71,58,1.90338e+244
71,59,2.09218e+244
71,60,2.2987e+244
71,61,2.52448e+244
71,62,2.77114e+244
71,63,3.04044e+244
71,64,3.33426e+244
71,65,3.65459e+244
71,66,4.00357e+244
71,67,4.38347e+244
71,68,4.79671e+244
71,69,5.24584e+244
71,70,5.73355e+244
71,71,6.2627e+244
71,72,6.83627e+244
71,73,7.45742e+244
71,74,8.12941e+244
71,75,8.85567e+244
71,76,9.63975e+244
71,77,1.04853e+245
71,78,1.13961e+245
71,79,1.23761e+245
71,80,1.34291e+245
71,81,1.45593e+245
71,82,1.57705e+245
71,83,1.70669e+245
71,84,1.84524e+245
71,85,1.99309e+245
71,86,2.15063e+245
71,87,2.31822e+245
71,88,2.4962e+245
71,89,2.68488e+245
71,90,2.88455e+245
71,91,3.09544e+245
71,92,3.31774e+245
71,93,3.55159e+245
71,94,3.79706e+245
71,95,4.05416e+245
71,96,4.32281e+245
71,97,4.60284e+245
71,98,4.89399e+245
71,99,5.1959e+245
71,100,5.50809e+245
71,101,5.82997e+245
71,102,6.16083e+245
71,103,6.49981e+245
71,104,6.84595e+245
71,105,7.19813e+245
71,106,7.55511e+245
71,107,7.91552e+245
71,108,8.27783e+245
71,109,8.64043e+245
71,110,9.00155e+245
71,111,9.35936e+245
71,112,9.71189e+245
71,113,1.00571e+246
71,114,1.0393e+246
71,115,1.07174e+246
71,116,1.10281e+246
71,117,1.13231e+246
71,118,1.16001e+246
71,119,1.18572e+246
71,120,1.20925e+246
71,121,1.23039e+246
71,122,1.24898e+246
71,123,1.26487e+246
71,124,1.2779e+246
71,125,1.28796e+246
71,126,1.29491e+246
71,127,1.2989e+246
71,128,1.2989e+246
72,0,1.16708e+242
72,1,1.16708e+242
72,2,1.18984e+242
72,3,1.22153e+242
72,4,1.266e+242
72,5,1.32283e+242
72,6,1.39297e+242
72,7,1.47706e+242
72,8,1.57612e+242
72,9,1.69121e+242
72,10,1.82361e+242
72,11,1.97477e+242
72,12,2.14635e+242
72,13,2.3402e+242
72,14,2.55845e+242
72,15,2.80345e+242
72,16,3.07783e+242
72,17,3.38454e+242
72,18,3.72688e+242
72,19,4.10848e+242
72,20,4.53341e+242
72,21,5.00616e+242
72,22,5.53172e+242
72,23,6.11562e+242
72,24,6.76397e+242
72,25,7.48354e+242
72,26,8.28178e+242
72,27,9.16696e+242
72,28,1.01482e+243
72,29,1.12355e+243
72,30,1.244e+243
72,31,1.37739e+243
72,32,1.52507e+243
72,33,1.68851e+243
72,34,1.86935e+243
72,35,2.06937e+243
72,36,2.29057e+243
72,37,2.53509e+243
72,38,2.80532e+243
72,39,3.10387e+243
72,40,3.4336e+243
72,41,3.79766e+243
72,42,4.19948e+243
72,43,4.64284e+243
72,44,5.13185e+243
72,45,5.67103e+243
72,46,6.2653e+243
72,47,6.92004e+243
72,48,7.64113e+243
72,49,8.43495e+243
72,50,9.30849e+243
72,51,1.02693e+244
72,52,1.13257e+244
72,53,1.24866e+244
72,54,1.37618e+244
72,55,1.51617e+244
72,56,1.66979e+244
72,57,1.83827e+244
72,58,2.02294e+244
72,59,2.22525e+244
72,60,2.44675e+244
72,61,2.68911e+244
72,62,2.95414e+244
72,63,3.24376e+244
72,64,3.56003e+244
72,65,3.90518e+244
72,66,4.28156e+244
72,67,4.69169e+244
72,68,5.13825e+244
72,69,5.62408e+244
72,70,6.15219e+244
72,71,6.72576e+244
72,72,7.34814e+244
72,73,8.02284e+244
72,74,8.75356e+244
72,75,9.54415e+244
72,76,1.03986e+245
72,77,1.13211e+245
72,78,1.23159e+245
72,79,1.33874e+245
72,80,1.45402e+245
72,81,1.57788e+245
72,82,1.71078e+245
72,83,1.8532e+245
72,84,2.00558e+245
72,85,2.1684e+245
72,86,2.34209e+245
72,87,2.52708e+245
72,88,2.72378e+245
72,89,2.93256e+245
72,90,3.15377e+245
72,91,3.38771e+245
72,92,3.63461e+245
72,93,3.89466e+245
72,94,4.16798e+245
72,95,4.4546e+245
72,96,4.75446e+245
72,97,5.06741e+245
72,98,5.3932e+245
72,99,5.73143e+245
72,100,6.08161e+245
72,101,6.44309e+245
72,102,6.81509e+245
72,103,7.19669e+245
72,104,7.58679e+245
72,105,7.98415e+245
72,106,8.38737e+245
72,107,8.79491e+245
72,108,9.20505e+245
72,109,9.61593e+245
72,110,1.00256e+246
72,111,1.04318e+246
72,112,1.08325e+246
72,113,1.12252e+246
72,114,1.16075e+246
72,115,1.19771e+246
72,116,1.23314e+246
72,117,1.2668e+246
72,118,1.29843e+246
72,119,1.32781e+246
72,120,1.3547e+246
72,121,1.37888e+246
72,122,1.40016e+246
72,123,1.41834e+246
72,124,1.43326e+246
72,125,1.44479e+246
72,126,1.45274e+246
72,127,1.45731e+246
72,128,1.45731e+246
73,0,1.19881e+242
73,1,1.19881e+242
73,2,1.22238e+242
73,3,1.25524e+242
73,4,1.30136e+242
73,5,1.36033e+242
73,6,1.43312e+242
73,7,1.52042e+242
73,8,1.62329e+242
73,9,1.74284e+242
73,10,1.88042e+242
73,11,2.03754e+242
73,12,2.21595e+242
73,13,2.41759e+242
73,14,2.64469e+242
73,15,2.89972e+242
73,16,3.18546e+242
73,17,3.50501e+242
73,18,3.86181e+242
73,19,4.25972e+242
73,20,4.70301e+242
73,21,5.19642e+242
73,22,5.74521e+242
73,23,6.35521e+242
73,24,7.03289e+242
73,25,7.78538e+242
73,26,8.62059e+242
73,27,9.54725e+242
73,28,1.0575e+243
73,29,1.17145e+243
73,30,1.29775e+243
73,31,1.4377e+243
73,32,1.59273e+243
73,33,1.76441e+243
73,34,1.95447e+243
73,35,2.16483e+243
73,36,2.39759e+243
73,37,2.65506e+243
73,38,2.93978e+243
73,39,3.25454e+243
73,40,3.6024e+243
73,41,3.98673e+243
73,42,4.41121e+243
73,43,4.87989e+243
73,44,5.39719e+243
73,45,5.96796e+243
73,46,6.5975e+243
73,47,7.29161e+243
73,48,8.05661e+243
73,49,8.89941e+243
73,50,9.82756e+243
73,51,1.08492e+244
73,52,1.19734e+244
73,53,1.32098e+244
73,54,1.4569e+244
73,55,1.60624e+244
73,56,1.77025e+244
73,57,1.95028e+244
73,58,2.14779e+244
73,59,2.36434e+244
73,60,2.60165e+244
73,61,2.86155e+244
73,62,3.14601e+244
73,63,3.45715e+244
73,64,3.79726e+244
73,65,4.16877e+244
73,66,4.57429e+244
73,67,5.01661e+244
73,68,5.4987e+244
73,69,6.02372e+244
73,70,6.59502e+244
73,71,7.21614e+244
73,72,7.89084e+244
73,73,8.62304e+244
73,74,9.4169e+244
73,75,1.02767e+245
73,76,1.12071e+245
73,77,1.22126e+245
73,78,1.32982e+245
73,79,1.44689e+245
73,80,1.57299e+245
73,81,1.70862e+245
73,82,1.85434e+245
73,83,2.01067e+245
73,84,2.17815e+245
73,85,2.35731e+245
73,86,2.54868e+245
73,87,2.75275e+245
73,88,2.97e+245
73,89,3.2009e+245
73,90,3.44585e+245
73,91,3.70521e+245
73,92,3.9793e+245
73,93,4.26835e+245
73,94,4.57254e+245
73,95,4.89194e+245
73,96,5.22652e+245
73,97,5.57615e+245
73,98,5.94058e+245
73,99,6.31942e+245
73,100,6.71212e+245
73,101,7.11801e+245
73,102,7.53622e+245
73,103,7.96574e+245
73,104,8.40536e+245
73,105,8.85369e+245
73,106,9.30916e+245
73,107,9.77003e+245
73,108,1.02343e+246
73,109,1.07e+246
73,110,1.11647e+246
73,111,1.16261e+246
73,112,1.20816e+246
73,113,1.25284e+246
73,114,1.29639e+246
73,115,1.33851e+246
73,116,1.37893e+246
73,117,1.41735e+246
73,118,1.45349e+246
73,119,1.48707e+246
73,120,1.51782e+246
73,121,1.5455e+246
73,122,1.56985e+246
73,123,1.59067e+246
73,124,1.60777e+246
73,125,1.62098e+246
73,126,1.6301e+246
73,127,1.63533e+246
73,128,1.63533e+246
74,0,1.23042e+242
74,1,1.23042e+242
74,2,1.25481e+242
74,3,1.28883e+242
74,4,1.33662e+242
74,5,1.39774e+242
74,6,1.47321e+242
74,7,1.56375e+242
74,8,1.67047e+242
74,9,1.79452e+242
74,10,1.93733e+242
74,11,2.10047e+242
74,12,2.28578e+242
74,13,2.49531e+242
74,14,2.73136e+242
74,15,2.99656e+242
74,16,3.2938e+242
74,17,3.62635e+242
74,18,3.99783e+242
74,19,4.4123e+242
74,20,4.87424e+242
74,21,5.38865e+242
74,22,5.96107e+242
74,23,6.59765e+242
74,24,7.3052e+242
74,25,8.09127e+242
74,26,8.96419e+242
74,27,9.9332e+242
74,28,1.10085e+243
74,29,1.22014e+243
74,30,1.35243e+243
74,31,1.4991e+243
74,32,1.66166e+243
74,33,1.84179e+243
74,34,2.04132e+243
74,35,2.2623e+243
74,36,2.50696e+243
74,37,2.77776e+243
74,38,3.0774e+243
74,39,3.40888e+243
74,40,3.77545e+243
74,41,4.18072e+243
74,42,4.62864e+243
74,43,5.12352e+243
74,44,5.67013e+243
74,45,6.27366e+243
74,46,6.93982e+243
74,47,7.67482e+243
74,48,8.4855e+243
74,49,9.3793e+243
74,50,1.03644e+244
74,51,1.14495e+244
74,52,1.26445e+244
74,53,1.39598e+244
74,54,1.54069e+244
74,55,1.69983e+244
74,56,1.87474e+244
74,57,2.0669e+244
74,58,2.2779e+244
74,59,2.50945e+244
74,60,2.76342e+244
74,61,3.04182e+244
74,62,3.34681e+244
74,63,3.68073e+244
74,64,4.04607e+244
74,65,4.44553e+244
74,66,4.882e+244
74,67,5.35854e+244
74,68,5.87846e+244
74,69,6.44526e+244
74,70,7.06266e+244
74,71,7.73462e+244
74,72,8.46531e+244
74,73,9.25914e+244
74,74,1.01208e+245
74,75,1.10551e+245
74,76,1.20671e+245
74,77,1.31622e+245
74,78,1.43459e+245
74,79,1.56238e+245
74,80,1.70018e+245
74,81,1.8486e+245
74,82,2.00823e+245
74,83,2.17971e+245
74,84,2.36364e+245
74,85,2.56065e+245
74,86,2.77134e+245
74,87,2.9963e+245
74,88,3.2361e+245
74,89,3.49129e+245
74,90,3.76236e+245
74,91,4.04975e+245
74,92,4.35386e+245
74,93,4.67499e+245
74,94,5.01338e+245
74,95,5.36916e+245
74,96,5.74233e+245
74,97,6.13281e+245
74,98,6.54035e+245
74,99,6.96454e+245
74,100,7.40483e+245
74,101,7.86049e+245
74,102,8.33058e+245
74,103,8.81399e+245
74,104,9.30938e+245
74,105,9.8152e+245
74,106,1.03297e+246
74,107,1.08509e+246
74,108,1.13766e+246
74,109,1.19045e+246
74,110,1.24318e+246
74,111,1.29559e+246
74,112,1.34738e+246
74,113,1.39824e+246
74,114,1.44785e+246
74,115,1.49588e+246
74,116,1.54201e+246
74,117,1.58588e+246
74,118,1.62719e+246
74,119,1.66559e+246
74,120,1.70079e+246
74,121,1.73247e+246
74,122,1.76037e+246
74,123,1.78424e+246
74,124,1.80383e+246
74,125,1.81898e+246
74,126,1.82944e+246
74,127,1.83545e+246
74,128,1.83545e+246
75,0,1.26182e+242
75,1,1.26182e+242
75,2,1.28702e+242
75,3,1.32222e+242
75,4,1.37168e+242
75,5,1.43497e+242
75,6,1.51312e+242
75,7,1.60692e+242
75,8,1.71751e+242
75,9,1.8461e+242
75,10,1.99418e+242
75,11,2.1634e+242
75,12,2.35567e+242
75,13,2.57314e+242
75,14,2.81824e+242
75,15,3.0937e+242
75,16,3.40257e+242
75,17,3.74827e+242
75,18,4.13462e+242
75,19,4.56585e+242
75,20,5.04669e+242
75,21,5.5824e+242
75,22,6.1788e+242
75,23,6.84237e+242
75,24,7.58029e+242
75,25,8.4005e+242
75,26,9.31181e+242
75,27,1.0324e+243
75,28,1.14478e+243
75,29,1.26951e+243
75,30,1.40791e+243
75,31,1.56145e+243
75,32,1.73172e+243
75,33,1.92049e+243
75,34,2.12974e+243
75,35,2.3616e+243
75,36,2.61847e+243
75,37,2.90296e+243
75,38,3.21795e+243
75,39,3.56663e+243
75,40,3.95247e+243
75,41,4.37933e+243
75,42,4.85142e+243
75,43,5.37338e+243
75,44,5.95029e+243
75,45,6.58772e+243
75,46,7.2918e+243
75,47,8.06921e+243
75,48,8.9273e+243
75,49,9.87409e+243
75,50,1.09183e+244
75,51,1.20696e+244
75,52,1.33384e+244
75,53,1.47361e+244
75,54,1.6275e+244
75,55,1.79688e+244
75,56,1.98321e+244
75,57,2.18809e+244
75,58,2.41324e+244
75,59,2.66055e+244
75,60,2.93205e+244
75,61,3.22993e+244
75,62,3.55658e+244
75,63,3.91453e+244
75,64,4.30656e+244
75,65,4.73561e+244
75,66,5.20487e+244
75,67,5.71774e+244
75,68,6.27786e+244
75,69,6.88912e+244
75,70,7.55565e+244
75,71,8.28185e+244
75,72,9.07238e+244
75,73,9.93218e+244
75,74,1.08664e+245
75,75,1.18806e+245
75,76,1.29805e+245
75,77,1.4172e+245
75,78,1.54614e+245
75,79,1.68551e+245
75,80,1.83598e+245
75,81,1.99824e+245
75,82,2.17298e+245
75,83,2.36091e+245
75,84,2.56275e+245
75,85,2.77921e+245
75,86,3.011e+245
75,87,3.25882e+245
75,88,3.52333e+245
75,89,3.80518e+245
75,90,4.10497e+245
75,91,4.42323e+245
75,92,4.76046e+245
75,93,5.11704e+245
75,94,5.49329e+245
75,95,5.88941e+245
75,96,6.30546e+245
75,97,6.74139e+245
75,98,7.19697e+245
75,99,7.67181e+245
75,100,8.16533e+245
75,101,8.67676e+245
75,102,9.20508e+245
75,103,9.74906e+245
75,104,1.03073e+246
75,105,1.08779e+246
75,106,1.14591e+246
75,107,1.20486e+246
75,108,1.26439e+246
75,109,1.32423e+246
75,110,1.38408e+246
75,111,1.44363e+246
75,112,1.50253e+246
75,113,1.56044e+246
75,114,1.61698e+246
75,115,1.67177e+246
75,116,1.72443e+246
75,117,1.77456e+246
75,118,1.8218e+246
75,119,1.86574e+246
75,120,1.90604e+246
75,121,1.94234e+246
75,122,1.97432e+246
75,123,2.00168e+246
75,124,2.02416e+246
75,125,2.04155e+246
75,126,2.05355e+246
75,127,2.06044e+246
75,128,2.06044e+246
76,0,1.29292e+242
76,1,1.29292e+242
76,2,1.31892e+242
76,3,1.35531e+242
76,4,1.40644e+242
76,5,1.47189e+242
76,6,1.55275e+242
76,7,1.64982e+242
76,8,1.76429e+242
76,9,1.89744e+242
76,10,2.05081e+242
76,11,2.22613e+242
76,12,2.4254e+242
76,13,2.65087e+242
76,14,2.90508e+242
76,15,3.19089e+242
76,16,3.51148e+242
76,17,3.87046e+242
76,18,4.2718e+242
76,19,4.71997e+242
76,20,5.21992e+242
76,21,5.77717e+242
76,22,6.39785e+242
76,23,7.08877e+242
76,24,7.85747e+242
76,25,8.71233e+242
76,26,9.66262e+242
76,27,1.07186e+243
76,28,1.18917e+243
76,29,1.31945e+243
76,30,1.46408e+243
76,31,1.62462e+243
76,32,1.80275e+243
76,33,2.00036e+243
76,34,2.21952e+243
76,35,2.46252e+243
76,36,2.73189e+243
76,37,3.03041e+243
76,38,3.36115e+243
76,39,3.72748e+243
76,40,4.13313e+243
76,41,4.5822e+243
76,42,5.07918e+243
76,43,5.62904e+243
76,44,6.2372e+243
76,45,6.90964e+243
76,46,7.65292e+243
76,47,8.47422e+243
76,48,9.38141e+243
76,49,1.03831e+244
76,50,1.14888e+244
76,51,1.27088e+244
76,52,1.40543e+244
76,53,1.55378e+244
76,54,1.71725e+244
76,55,1.89732e+244
76,56,2.09557e+244
76,57,2.31375e+244
76,58,2.55374e+244
76,59,2.81757e+244
76,60,3.10747e+244
76,61,3.42584e+244
76,62,3.77527e+244
76,63,4.15856e+244
76,64,4.57874e+244
76,65,5.03906e+244
76,66,5.54301e+244
76,67,6.09436e+244
76,68,6.69713e+244
76,69,7.35562e+244
76,70,8.07441e+244
76,71,8.8584e+244
76,72,9.71278e+244
76,73,1.06431e+245
76,74,1.1655e+245
76,75,1.27549e+245
76,76,1.3949e+245
76,77,1.52441e+245
76,78,1.66473e+245
76,79,1.81658e+245
76,80,1.98074e+245
76,81,2.15797e+245
76,82,2.34907e+245
76,83,2.55486e+245
76,84,2.77617e+245
76,85,3.01381e+245
76,86,3.26863e+245
76,87,3.54141e+245
76,88,3.83297e+245
76,89,4.14405e+245
76,90,4.47538e+245
76,91,4.82761e+245
76,92,5.20134e+245
76,93,5.59706e+245
76,94,6.01519e+245
76,95,6.45601e+245
76,96,6.91965e+245
76,97,7.40612e+245
76,98,7.91523e+245
76,99,8.4466e+245
76,100,8.99963e+245
76,101,9.57351e+245
76,102,1.01672e+246
76,103,1.07792e+246
76,104,1.14081e+246
76,105,1.20519e+246
76,106,1.27084e+246
76,107,1.33752e+246
76,108,1.40493e+246
76,109,1.47278e+246
76,110,1.54072e+246
76,111,1.60839e+246
76,112,1.67541e+246
76,113,1.74136e+246
76,114,1.80582e+246
76,115,1.86834e+246
76,116,1.92849e+246
76,117,1.98581e+246
76,118,2.03985e+246
76,119,2.09016e+246
76,120,2.13633e+246
76,121,2.17794e+246
76,122,2.21462e+246
76,123,2.24602e+246
76,124,2.27182e+246
76,125,2.29179e+246
76,126,2.30558e+246
76,127,2.31349e+246
76,128,2.31349e+246
77,0,1.32361e+242
77,1,1.32361e+242
77,2,1.35042e+242
77,3,1.38799e+242
77,4,1.44079e+242
77,5,1.50841e+242
77,6,1.59197e+242
77,7,1.69231e+242
77,8,1.81067e+242
77,9,1.94838e+242
77,10,2.10705e+242
77,11,2.28849e+242
77,12,2.49479e+242
77,13,2.72828e+242
77,14,2.99164e+242
77,15,3.28784e+242
77,16,3.62023e+242
77,17,3.99255e+242
77,18,4.409e+242
77,19,4.87423e+242
77,20,5.39345e+242
77,21,5.97244e+242
77,22,6.61763e+242
77,23,7.33618e+242
77,24,8.13601e+242
77,25,9.02593e+242
77,26,1.00157e+243
77,27,1.11161e+243
77,28,1.23392e+243
77,29,1.36983e+243
77,30,1.52079e+243
77,31,1.68845e+243
77,32,1.87458e+243
77,33,2.08119e+243
77,34,2.31047e+243
77,35,2.56484e+243
77,36,2.84698e+243
77,37,3.15984e+243
77,38,3.50668e+243
77,39,3.89111e+243
77,40,4.31706e+243
77,41,4.78892e+243
77,42,5.31147e+243
77,43,5.89001e+243
77,44,6.53034e+243
77,45,7.23884e+243
77,46,8.02255e+243
77,47,8.88915e+243
77,48,9.8471e+243
77,49,1.09057e+244
77,50,1.2075e+244
77,51,1.33662e+244
77,52,1.47914e+244
77,53,1.63639e+244
77,54,1.80982e+244
77,55,2.00102e+244
77,56,2.21172e+244
77,57,2.44378e+244
77,58,2.69927e+244
77,59,2.98039e+244
77,60,3.28957e+244
77,61,3.62943e+244
77,62,4.00279e+244
77,63,4.41273e+244
77,64,4.86256e+244
77,65,5.35585e+244
77,66,5.89644e+244
77,67,6.48848e+244
77,68,7.13641e+244
77,69,7.84498e+244
77,70,8.61927e+244
77,71,9.46471e+244
77,72,1.03871e+245
77,73,1.13925e+245
77,74,1.24875e+245
77,75,1.36789e+245
77,76,1.4974e+245
77,77,1.63803e+245
77,78,1.79059e+245
77,79,1.95588e+245
77,80,2.13479e+245
77,81,2.32819e+245
77,82,2.537e+245
77,83,2.76215e+245
77,84,3.00458e+245
77,85,3.26527e+245
77,86,3.54515e+245
77,87,3.84519e+245
77,88,4.16631e+245
77,89,4.5094e+245
77,90,4.87534e+245
77,91,5.2649e+245
77,92,5.67882e+245
77,93,6.11772e+245
77,94,6.58213e+245
77,95,7.07243e+245
77,96,7.58887e+245
77,97,8.13151e+245
77,98,8.70021e+245
77,99,9.29462e+245
77,100,9.91415e+245
77,101,1.05579e+246
77,102,1.12248e+246
77,103,1.19134e+246
77,104,1.26219e+246
77,105,1.33481e+246
77,106,1.40897e+246
77,107,1.48438e+246
77,108,1.56073e+246
77,109,1.63767e+246
77,110,1.71481e+246
77,111,1.79173e+246
77,112,1.868e+246
77,113,1.94314e+246
77,114,2.01665e+246
77,115,2.08804e+246
77,116,2.15677e+246
77,117,2.22233e+246
77,118,2.28418e+246
77,119,2.34182e+246
77,120,2.39475e+246
77,121,2.44249e+246
77,122,2.48459e+246
77,123,2.52064e+246
77,124,2.55028e+246
77,125,2.57322e+246
77,126,2.58907e+246
77,127,2.59817e+246
77,128,2.59817e+246
78,0,1.35379e+242
78,1,1.35379e+242
78,2,1.3814e+242
78,3,1.42014e+242
78,4,1.47461e+242
78,5,1.54439e+242
78,6,1.63064e+242
78,7,1.73424e+242
78,8,1.85648e+242
78,9,1.99875e+242
78,10,2.16272e+242
78,11,2.35028e+242
78,12,2.5636e+242
78,13,2.80513e+242
78,14,3.07764e+242
78,15,3.38425e+242
78,16,3.72846e+242
78,17,4.11418e+242
78,18,4.54579e+242
78,19,5.02817e+242
78,20,5.56676e+242
78,21,6.16762e+242
78,22,6.8375e+242
78,23,7.58389e+242
78,24,8.41512e+242
78,25,9.34043e+242
78,26,1.03701e+243
78,27,1.15155e+243
78,28,1.27892e+243
78,29,1.42052e+243
78,30,1.5779e+243
78,31,1.75277e+243
78,32,1.94703e+243
78,33,2.16279e+243
78,34,2.40235e+243
78,35,2.66829e+243
78,36,2.96344e+243
78,37,3.29093e+243
78,38,3.65422e+243
78,39,4.05712e+243
78,40,4.50384e+243
78,41,4.99902e+243
78,42,5.54778e+243
78,43,6.15573e+243
78,44,6.82909e+243
78,45,7.57467e+243
78,46,8.39996e+243
78,47,9.31322e+243
78,48,1.03235e+244
78,49,1.14407e+244
78,50,1.26758e+244
78,51,1.40406e+244
78,52,1.55483e+244
78,53,1.72132e+244
78,54,1.9051e+244
78,55,2.10787e+244
78,56,2.3315e+244
78,57,2.57803e+244
78,58,2.84968e+244
78,59,3.14886e+244
78,60,3.47819e+244
78,61,3.84054e+244
78,62,4.23899e+244
78,63,4.6769e+244
78,64,5.15789e+244
78,65,5.68587e+244
78,66,6.26508e+244
78,67,6.90006e+244
78,68,7.59571e+244
78,69,8.35728e+244
78,70,9.19039e+244
78,71,1.01011e+245
78,72,1.10957e+245
78,73,1.21812e+245
78,74,1.33647e+245
78,75,1.46539e+245
78,76,1.6057e+245
78,77,1.75824e+245
78,78,1.92392e+245
78,79,2.10367e+245
78,80,2.29845e+245
78,81,2.50929e+245
78,82,2.73723e+245
78,83,2.98332e+245
78,84,3.24866e+245
78,85,3.53436e+245
78,86,3.84152e+245
78,87,4.17126e+245
78,88,4.52465e+245
78,89,4.90276e+245
78,90,5.30661e+245
78,91,5.73716e+245
78,92,6.19528e+245
78,93,6.68177e+245
78,94,7.19727e+245
78,95,7.74232e+245
78,96,8.31726e+245
78,97,8.92226e+245
78,98,9.55726e+245
78,99,1.02219e+246
78,100,1.09157e+246
78,101,1.16377e+246
78,102,1.23868e+246
78,103,1.31613e+246
78,104,1.39593e+246
78,105,1.47785e+246
78,106,1.56161e+246
78,107,1.64691e+246
78,108,1.73339e+246
78,109,1.82064e+246
78,110,1.90824e+246
78,111,1.9957e+246
78,112,2.08252e+246
78,113,2.16815e+246
78,114,2.25202e+246
78,115,2.33355e+246
78,116,2.41214e+246
78,117,2.48716e+246
78,118,2.558e+246
78,119,2.62408e+246
78,120,2.68479e+246
78,121,2.73959e+246
78,122,2.78794e+246
78,123,2.82937e+246
78,124,2.86344e+246
78,125,2.88982e+246
78,126,2.90805e+246
78,127,2.91852e+246
78,128,2.91852e+246
79,0,1.38335e+242
79,1,1.38335e+242
79,2,1.41176e+242
79,3,1.45166e+242
79,4,1.50779e+242
79,5,1.57971e+242
79,6,1.66864e+242
79,7,1.77548e+242
79,8,1.90158e+242
79,9,2.04838e+242
79,10,2.21763e+242
79,11,2.41128e+242
79,12,2.6316e+242
79,13,2.88115e+242
79,14,3.1628e+242
79,15,3.47982e+242
79,16,3.83584e+242
79,17,4.23496e+242
79,18,4.68175e+242
79,19,5.1813e+242
79,20,5.73931e+242
79,21,6.36211e+242
79,22,7.05678e+242
79,23,7.83114e+242
79,24,8.69394e+242
79,25,9.65487e+242
79,26,1.07247e+243
79,27,1.19153e+243
79,28,1.32401e+243
79,29,1.47137e+243
79,30,1.63523e+243
79,31,1.81741e+243
79,32,2.0199e+243
79,33,2.24492e+243
79,34,2.49491e+243
79,35,2.7726e+243
79,36,3.08096e+243
79,37,3.42333e+243
79,38,3.80336e+243
79,39,4.22509e+243
79,40,4.693e+243
79,41,5.212e+243
79,42,5.78753e+243
79,43,6.42558e+243
79,44,7.13276e+243
79,45,7.91634e+243
79,46,8.78432e+243
79,47,9.74551e+243
79,48,1.08096e+244
79,49,1.19872e+244
79,50,1.329e+244
79,51,1.47309e+244
79,52,1.63238e+244
79,53,1.80843e+244
79,54,2.00291e+244
79,55,2.21767e+244
79,56,2.45473e+244
79,57,2.71629e+244
79,58,3.00476e+244
79,59,3.32275e+244
79,60,3.67311e+244
79,61,4.05896e+244
79,62,4.48365e+244
79,63,4.95084e+244
79,64,5.46451e+244
79,65,6.02893e+244
79,66,6.64874e+244
79,67,7.32893e+244
79,68,8.07491e+244
79,69,8.89245e+244
79,70,9.78777e+244
79,71,1.07675e+245
79,72,1.18388e+245
79,73,1.30093e+245
79,74,1.4287e+245
79,75,1.56805e+245
79,76,1.71989e+245
79,77,1.88517e+245
79,78,2.06491e+245
79,79,2.26016e+245
79,80,2.47201e+245
79,81,2.70163e+245
79,82,2.95018e+245
79,83,3.21891e+245
79,84,3.50904e+245
79,85,3.82186e+245
79,86,4.15866e+245
79,87,4.52071e+245
79,88,4.90929e+245
79,89,5.32565e+245
79,90,5.771e+245
79,91,6.24648e+245
79,92,6.75317e+245
79,93,7.29203e+245
79,94,7.86389e+245
79,95,8.46944e+245
79,96,9.10916e+245
79,97,9.78335e+245
79,98,1.0492e+246
79,99,1.1235e+246
79,100,1.20117e+246
79,101,1.28212e+246
79,102,1.36622e+246
79,103,1.45331e+246
79,104,1.54318e+246
79,105,1.63558e+246
79,106,1.73019e+246
79,107,1.82667e+246
79,108,1.92462e+246
79,109,2.02359e+246
79,110,2.12308e+246
79,111,2.22254e+246
79,112,2.3214e+246
79,113,2.41902e+246
79,114,2.51476e+246
79,115,2.60792e+246
79,116,2.69781e+246
79,117,2.7837e+246
79,118,2.86489e+246
79,119,2.94068e+246
79,120,3.01037e+246
79,121,3.07331e+246
79,122,3.12888e+246
79,123,3.17653e+246
79,124,3.21573e+246
79,125,3.24608e+246
79,126,3.26707e+246
79,127,3.27913e+246
79,128,3.27913e+246
80,0,1.41218e+242
80,1,1.41218e+242
80,2,1.44138e+242
80,3,1.48243e+242
80,4,1.54019e+242
80,5,1.61424e+242
80,6,1.70581e+242
80,7,1.81587e+242
80,8,1.9458e+242
80,9,2.0971e+242
80,10,2.27158e+242
80,11,2.47128e+242
80,12,2.69856e+242
80,13,2.95608e+242
80,14,3.24683e+242
80,15,3.5742e+242
80,16,3.94199e+242
80,17,4.35447e+242
80,18,4.8164e+242
80,19,5.3331e+242
80,20,5.91051e+242
80,21,6.55526e+242
80,22,7.27473e+242
80,23,8.07712e+242
80,24,8.97156e+242
80,25,9.96822e+242
80,26,1.10784e+243
80,27,1.23146e+243
80,28,1.36907e+243
80,29,1.52221e+243
80,30,1.69261e+243
80,31,1.88215e+243
80,32,2.09295e+243
80,33,2.32733e+243
80,34,2.58788e+243
80,35,2.87745e+243
80,36,3.19921e+243
80,37,3.55667e+243
80,38,3.95369e+243
80,39,4.39456e+243
80,40,4.88401e+243
80,41,5.42726e+243
80,42,6.03008e+243
80,43,6.69885e+243
80,44,7.44057e+243
80,45,8.26301e+243
80,46,9.17468e+243
80,47,1.0185e+244
80,48,1.13043e+244
80,49,1.25439e+244
80,50,1.39164e+244
80,51,1.54355e+244
80,52,1.71163e+244
80,53,1.89753e+244
80,54,2.10307e+244
80,55,2.33023e+244
80,56,2.58119e+244
80,57,2.85834e+244
80,58,3.16426e+244
80,59,3.5018e+244
80,60,3.87405e+244
80,61,4.28437e+244
80,62,4.73644e+244
80,63,5.23424e+244
80,64,5.78209e+244
80,65,6.38469e+244
80,66,7.0471e+244
80,67,7.77481e+244
80,68,8.57374e+244
80,69,9.45026e+244
80,70,1.04112e+245
80,71,1.1464e+245
80,72,1.26165e+245
80,73,1.38771e+245
80,74,1.52549e+245
80,75,1.67593e+245
80,76,1.84005e+245
80,77,2.01893e+245
80,78,2.2137e+245
80,79,2.42555e+245
80,80,2.65571e+245
80,81,2.9055e+245
80,82,3.17627e+245
80,83,3.46939e+245
80,84,3.78632e+245
80,85,4.1285e+245
80,86,4.49743e+245
80,87,4.89459e+245
80,88,5.32148e+245
80,89,5.77957e+245
80,90,6.27027e+245
80,91,6.79497e+245
80,92,7.35496e+245
80,93,7.9514e+245
80,94,8.58535e+245
80,95,9.25768e+245
80,96,9.96906e+245
80,97,1.07199e+246
80,98,1.15105e+246
80,99,1.23406e+246
80,100,1.32097e+246
80,101,1.41169e+246
80,102,1.5061e+246
80,103,1.60401e+246
80,104,1.70521e+246
80,105,1.8094e+246
80,106,1.91626e+246
80,107,2.02539e+246
80,108,2.13634e+246
80,109,2.24861e+246
80,110,2.36162e+246
80,111,2.47476e+246
80,112,2.58736e+246
80,113,2.69869e+246
80,114,2.80801e+246
80,115,2.91451e+246
80,116,3.01737e+246
80,117,3.11577e+246
80,118,3.20888e+246
80,119,3.29586e+246
80,120,3.37591e+246
80,121,3.44826e+246
80,122,3.51218e+246
80,123,3.56701e+246
80,124,3.61214e+246
80,125,3.64711e+246
80,126,3.67129e+246
80,127,3.68518e+246
80,128,3.68518e+246
81,0,1.44017e+242
81,1,1.44017e+242
81,2,1.47014e+242
81,3,1.51232e+242
81,4,1.5717e+242
81,5,1.64784e+242
81,6,1.74203e+242
81,7,1.85526e+242
81,8,1.98897e+242
81,9,2.14471e+242
81,10,2.32437e+242
81,11,2.53006e+242
81,12,2.76423e+242
81,13,3.02963e+242
81,14,3.3294e+242
81,15,3.66704e+242
81,16,4.04652e+242
81,17,4.47227e+242
81,18,4.94926e+242
81,19,5.48302e+242
81,20,6.07975e+242
81,21,6.74638e+242
81,22,7.49058e+242
81,23,8.32094e+242
81,24,9.24701e+242
81,25,1.02794e+243
81,26,1.14299e+243
81,27,1.27117e+243
81,28,1.41393e+243
81,29,1.57289e+243
81,30,1.74985e+243
81,31,1.9468e+243
81,32,2.16595e+243
81,33,2.40976e+243
81,34,2.68095e+243
81,35,2.98252e+243
81,36,3.31781e+243
81,37,3.69053e+243
81,38,4.10475e+243
81,39,4.56501e+243
81,40,5.07631e+243
81,41,5.64418e+243
81,42,6.27474e+243
81,43,6.97475e+243
81,44,7.75166e+243
81,45,8.6137e+243
81,46,9.56997e+243
81,47,1.06305e+244
81,48,1.18062e+244
81,49,1.31093e+244
81,50,1.45533e+244
81,51,1.61527e+244
81,52,1.79237e+244
81,53,1.98841e+244
81,54,2.20534e+244
81,55,2.4453e+244
81,56,2.71062e+244
81,57,3.00388e+244
81,58,3.32788e+244
81,59,3.68568e+244
81,60,4.08064e+244
81,61,4.51641e+244
81,62,4.99698e+244
81,63,5.52668e+244
81,64,6.11021e+244
81,65,6.75271e+244
81,66,7.45971e+244
81,67,8.23723e+244
81,68,9.09175e+244
81,69,1.00303e+245
81,70,1.10604e+245
81,71,1.21902e+245
81,72,1.34285e+245
81,73,1.47845e+245
81,74,1.62682e+245
81,75,1.78904e+245
81,76,1.96623e+245
81,77,2.15959e+245
81,78,2.37039e+245
81,79,2.59998e+245
81,80,2.84975e+245
81,81,3.12119e+245
81,82,3.41581e+245
81,83,3.73521e+245
81,84,4.08103e+245
81,85,4.45495e+245
81,86,4.85867e+245
81,87,5.29393e+245
81,88,5.76247e+245
81,89,6.26599e+245
81,90,6.8062e+245
81,91,7.38472e+245
81,92,8.0031e+245
81,93,8.66278e+245
81,94,9.36505e+245
81,95,1.0111e+246
81,96,1.09016e+246
81,97,1.17374e+246
81,98,1.26188e+246
81,99,1.35457e+246
81,100,1.45178e+246
81,101,1.55343e+246
81,102,1.65937e+246
81,103,1.76942e+246
81,104,1.88334e+246
81,105,2.00082e+246
81,106,2.12149e+246
81,107,2.24493e+246
81,108,2.37061e+246
81,109,2.49797e+246
81,110,2.62637e+246
81,111,2.7551e+246
81,112,2.88338e+246
81,113,3.0104e+246
81,114,3.13527e+246
81,115,3.25707e+246
81,116,3.37485e+246
81,117,3.48764e+246
81,118,3.59447e+246
81,119,3.69437e+246
81,120,3.78638e+246
81,121,3.86961e+246
81,122,3.94319e+246
81,123,4.00635e+246
81,124,4.05836e+246
81,125,4.09867e+246
81,126,4.12656e+246
81,127,4.14258e+246
81,128,4.14258e+246
82,0,1.4672e+242
82,1,1.4672e+242
82,2,1.49791e+242
82,3,1.54121e+242
82,4,1.60217e+242
82,5,1.68037e+242
82,6,1.77713e+242
82,7,1.89348e+242
82,8,2.0309e+242
82,9,2.19102e+242
82,10,2.37578e+242
82,11,2.58737e+242
82,12,2.82833e+242
82,13,3.10152e+242
82,14,3.41019e+242
82,15,3.75799e+242
82,16,4.14903e+242
82,17,4.58791e+242
82,18,5.07981e+242
82,19,5.63049e+242
82,20,6.24639e+242
82,21,6.93473e+242
82,22,7.70352e+242
82,23,8.56172e+242
82,24,9.51927e+242
82,25,1.05873e+243
82,26,1.17781e+243
82,27,1.31053e+243
82,28,1.45844e+243
82,29,1.62321e+243
82,30,1.80674e+243
82,31,2.01111e+243
82,32,2.23865e+243
82,33,2.49193e+243
82,34,2.7738e+243
82,35,3.08744e+243
82,36,3.43636e+243
82,37,3.82445e+243
82,38,4.25603e+243
82,39,4.73587e+243
82,40,5.26926e+243
82,41,5.86205e+243
82,42,6.52072e+243
82,43,7.25242e+243
82,44,8.06505e+243
82,45,8.96737e+243
82,46,9.96901e+243
82,47,1.10806e+244
82,48,1.2314e+244
82,49,1.3682e+244
82,50,1.51989e+244
82,51,1.68805e+244
82,52,1.8744e+244
82,53,2.08085e+244
82,54,2.30948e+244
82,55,2.5626e+244
82,56,2.84271e+244
82,57,3.15258e+244
82,58,3.49524e+244
82,59,3.874e+244
82,60,4.29248e+244
82,61,4.75463e+244
82,62,5.26478e+244
82,63,5.82764e+244
82,64,6.44833e+244
82,65,7.13243e+244
82,66,7.88599e+244
82,67,8.71559e+244
82,68,9.62834e+244
82,69,1.06319e+245
82,70,1.17347e+245
82,71,1.29456e+245
82,72,1.42742e+245
82,73,1.57309e+245
82,74,1.73267e+245
82,75,1.90736e+245
82,76,2.0984e+245
82,77,2.30716e+245
82,78,2.53504e+245
82,79,2.78355e+245
82,80,3.05427e+245
82,81,3.34887e+245
82,82,3.66909e+245
82,83,4.01673e+245
82,84,4.39366e+245
82,85,4.8018e+245
82,86,5.24314e+245
82,87,5.71966e+245
82,88,6.23339e+245
82,89,6.78634e+245
82,90,7.38049e+245
82,91,8.01778e+245
82,92,8.70006e+245
82,93,9.42909e+245
82,94,1.02064e+246
82,95,1.10335e+246
82,96,1.19115e+246
82,97,1.28412e+246
82,98,1.38233e+246
82,99,1.48579e+246
82,100,1.59447e+246
82,101,1.7083e+246
82,102,1.82714e+246
82,103,1.95079e+246
82,104,2.07901e+246
82,105,2.21145e+246
82,106,2.34771e+246
82,107,2.48731e+246
82,108,2.62969e+246
82,109,2.77419e+246
82,110,2.92009e+246
82,111,3.06658e+246
82,112,3.21278e+246
82,113,3.35773e+246
82,114,3.50042e+246
82,115,3.63979e+246
82,116,3.77472e+246
82,117,3.90409e+246
82,118,4.02675e+246
82,119,4.14155e+246
82,120,4.2474e+246
82,121,4.34322e+246
82,122,4.428e+246
82,123,4.5008e+246
82,124,4.56079e+246
82,125,4.6073e+246
82,126,4.63949e+246
82,127,4.65799e+246
82,128,4.65799e+246
83,0,1.49314e+242
83,1,1.49314e+242
83,2,1.52459e+242
83,3,1.56897e+242
83,4,1.63147e+242
83,5,1.71169e+242
83,6,1.81095e+242
83,7,1.93036e+242
83,8,2.07142e+242
83,9,2.23583e+242
83,10,2.42558e+242
83,11,2.64297e+242
83,12,2.8906e+242
83,13,3.17144e+242
83,14,3.48887e+242
83,15,3.84666e+242
83,16,4.24908e+242
83,17,4.70091e+242
83,18,5.20752e+242
83,19,5.7749e+242
83,20,6.40975e+242
83,21,7.11957e+242
83,22,7.91271e+242
83,23,8.79847e+242
83,24,9.78725e+242
83,25,1.08906e+243
83,26,1.21214e+243
83,27,1.34939e+243
83,28,1.50242e+243
83,29,1.67299e+243
83,30,1.86307e+243
83,31,2.07485e+243
83,32,2.31077e+243
83,33,2.57351e+243
83,34,2.86609e+243
83,35,3.19183e+243
83,36,3.55442e+243
83,37,3.95796e+243
83,38,4.40699e+243
83,39,4.90655e+243
83,40,5.4622e+243
83,41,6.08013e+243
83,42,6.76718e+243
83,43,7.53091e+243
83,44,8.37971e+243
83,45,9.32282e+243
83,46,1.03705e+244
83,47,1.1534e+244
83,48,1.28259e+244
83,49,1.426e+244
83,50,1.58513e+244
83,51,1.76168e+244
83,52,1.95748e+244
83,53,2.17457e+244
83,54,2.41519e+244
83,55,2.6818e+244
83,56,2.9771e+244
83,57,3.30406e+244
83,58,3.66593e+244
83,59,4.06629e+244
83,60,4.50905e+244
83,61,4.99848e+244
83,62,5.53926e+244
83,63,6.1365e+244
83,64,6.79576e+244
83,65,7.52312e+244
83,66,8.32517e+244
83,67,9.20909e+244
83,68,1.01827e+245
83,69,1.12543e+245
83,70,1.24332e+245
83,71,1.37291e+245
83,72,1.51527e+245
83,73,1.67155e+245
83,74,1.84296e+245
83,75,2.03082e+245
83,76,2.23654e+245
83,77,2.46161e+245
83,78,2.70763e+245
83,79,2.97628e+245
83,80,3.26935e+245
83,81,3.5887e+245
83,82,3.93631e+245
83,83,4.31423e+245
83,84,4.72459e+245
83,85,5.16959e+245
83,86,5.6515e+245
83,87,6.17263e+245
83,88,6.73532e+245
83,89,7.34191e+245
83,90,7.99475e+245
83,91,8.69612e+245
83,92,9.44823e+245
83,93,1.02532e+246
83,94,1.11129e+246
83,95,1.20292e+246
83,96,1.30036e+246
83,97,1.40371e+246
83,98,1.51307e+246
83,99,1.62848e+246
83,100,1.74992e+246
83,101,1.87733e+246
83,102,2.01058e+246
83,103,2.14948e+246
83,104,2.29374e+246
83,105,2.44302e+246
83,106,2.59686e+246
83,107,2.75474e+246
83,108,2.91603e+246
83,109,3.07998e+246
83,110,3.24579e+246
83,111,3.41253e+246
83,112,3.57919e+246
83,113,3.74467e+246
83,114,3.9078e+246
83,115,4.06734e+246
83,116,4.222e+246
83,117,4.37047e+246
83,118,4.51139e+246
83,119,4.64344e+246
83,120,4.76529e+246
83,121,4.87569e+246
83,122,4.97344e+246
83,123,5.05745e+246
83,124,5.12671e+246
83,125,5.18043e+246
83,126,5.21762e+246
83,127,5.23899e+246
83,128,5.23899e+246
84,0,1.51787e+242
84,1,1.51787e+242
84,2,1.55003e+242
84,3,1.59546e+242
84,4,1.65947e+242
84,5,1.74164e+242
84,6,1.84335e+242
84,7,1.96573e+242
84,8,2.11034e+242
84,9,2.27893e+242
84,10,2.47356e+242
84,11,2.6966e+242
84,12,2.95075e+242
84,13,3.23908e+242
84,14,3.56507e+242
84,15,3.93265e+242
84,16,4.34623e+242
84,17,4.81077e+242
84,18,5.33183e+242
84,19,5.91563e+242
84,20,6.56912e+242
84,21,7.3001e+242
84,22,8.11723e+242
84,23,9.0302e+242
84,24,1.00498e+243
84,25,1.11881e+243
84,26,1.24585e+243
84,27,1.38759e+243
84,28,1.54569e+243
84,29,1.72201e+243
84,30,1.9186e+243
84,31,2.13775e+243
84,32,2.38201e+243
84,33,2.6542e+243
84,34,2.95746e+243
84,35,3.29528e+243
84,36,3.67154e+243
84,37,4.09054e+243
84,38,4.55706e+243
84,39,5.07638e+243
84,40,5.65439e+243
84,41,6.29759e+243
84,42,7.0132e+243
84,43,7.80921e+243
84,44,8.69448e+243
84,45,9.6788e+243
84,46,1.0773e+244
84,47,1.19891e+244
84,48,1.33404e+244
84,49,1.48414e+244
84,50,1.65083e+244
84,51,1.83591e+244
84,52,2.04134e+244
84,53,2.26929e+244
84,54,2.52214e+244
84,55,2.80255e+244
84,56,3.11339e+244
84,57,3.45786e+244
84,58,3.83946e+244
84,59,4.26203e+244
84,60,4.72978e+244
84,61,5.24733e+244
84,62,5.81973e+244
84,63,6.45251e+244
84,64,7.15171e+244
84,65,7.92393e+244
84,66,8.77633e+244
84,67,9.71675e+244
84,68,1.07537e+245
84,69,1.18964e+245
84,70,1.31548e+245
84,71,1.45398e+245
84,72,1.6063e+245
84,73,1.77371e+245
84,74,1.95757e+245
84,75,2.15932e+245
84,76,2.38053e+245
84,77,2.62287e+245
84,78,2.88812e+245
84,79,3.17815e+245
84,80,3.49498e+245
84,81,3.84072e+245
84,82,4.21759e+245
84,83,4.62791e+245
84,84,5.07411e+245
84,85,5.55871e+245
84,86,6.08431e+245
84,87,6.65357e+245
84,88,7.2692e+245
84,89,7.93394e+245
84,90,8.65051e+245
84,91,9.42162e+245
84,92,1.02499e+246
84,93,1.11379e+246
84,94,1.20879e+246
84,95,1.31022e+246
84,96,1.41827e+246
84,97,1.53308e+246
84,98,1.65477e+246
84,99,1.78343e+246
84,100,1.91905e+246
84,101,2.0616e+246
84,102,2.21094e+246
84,103,2.3669e+246
84,104,2.52917e+246
84,105,2.69738e+246
84,106,2.87104e+246
84,107,3.04958e+246
84,108,3.23227e+246
84,109,3.41831e+246
84,110,3.60677e+246
84,111,3.79659e+246
84,112,3.98663e+246
84,113,4.17561e+246
84,114,4.36218e+246
84,115,4.54491e+246
84,116,4.72229e+246
84,117,4.89278e+246
84,118,5.0548e+246
84,119,5.20678e+246
84,120,5.34717e+246
84,121,5.47449e+246
84,122,5.5873e+246
84,123,5.68433e+246
84,124,5.76436e+246
84,125,5.82647e+246
84,126,5.86947e+246
84,127,5.8942e+246
84,128,5.8942e+246
85,0,1.54126e+242
85,1,1.54126e+242
85,2,1.57411e+242
85,3,1.62056e+242
85,4,1.68602e+242
85,5,1.77008e+242
85,6,1.87416e+242
85,7,1.99942e+242
85,8,2.14747e+242
85,9,2.32011e+242
85,10,2.51948e+242
85,11,2.74801e+242
85,12,3.0085e+242
85,13,3.30411e+242
85,14,3.63845e+242
85,15,4.01557e+242
85,16,4.44004e+242
85,17,4.91698e+242
85,18,5.45216e+242
85,19,6.05202e+242
85,20,6.72378e+242
85,21,7.47549e+242
85,22,8.31616e+242
85,23,9.25586e+242
85,24,1.03058e+243
85,25,1.14785e+243
85,26,1.27879e+243
85,27,1.42495e+243
85,28,1.58807e+243
85,29,1.77007e+243
85,30,1.9731e+243
85,31,2.19955e+243
85,32,2.45208e+243
85,33,2.73363e+243
85,34,3.0475e+243
85,35,3.39734e+243
85,36,3.78722e+243
85,37,4.22163e+243
85,38,4.7056e+243
85,39,5.24467e+243
85,40,5.84504e+243
85,41,6.51355e+243
85,42,7.2578e+243
85,43,8.08621e+243
85,44,9.00813e+243
85,45,1.00339e+244
85,46,1.1175e+244
85,47,1.24441e+244
85,48,1.38553e+244
85,49,1.5424e+244
85,50,1.71676e+244
85,51,1.91048e+244
85,52,2.12568e+244
85,53,2.36465e+244
85,54,2.62997e+244
85,55,2.92443e+244
85,56,3.25114e+244
85,57,3.6135e+244
85,58,4.01529e+244
85,59,4.46061e+244
85,60,4.954e+244
85,61,5.50044e+244
85,62,6.10538e+244
85,63,6.7748e+244
85,64,7.51523e+244
85,65,8.33381e+244
85,66,9.23836e+244
85,67,1.02374e+245
85,68,1.13401e+245
85,69,1.25567e+245
85,70,1.3898e+245
85,71,1.5376e+245
85,72,1.70034e+245
85,73,1.87942e+245
85,74,2.07633e+245
85,75,2.29269e+245
85,76,2.53021e+245
85,77,2.79077e+245
85,78,3.07634e+245
85,79,3.38903e+245
85,80,3.73108e+245
85,81,4.10488e+245
85,82,4.51291e+245
85,83,4.95783e+245
85,84,5.44239e+245
85,85,5.96945e+245
85,86,6.54199e+245
85,87,7.16308e+245
85,88,7.83584e+245
85,89,8.56345e+245
85,90,9.34911e+245
85,91,1.0196e+246
85,92,1.11072e+246
85,93,1.20858e+246
85,94,1.31347e+246
85,95,1.42565e+246
85,96,1.54535e+246
85,97,1.67279e+246
85,98,1.80811e+246
85,99,1.95144e+246
85,100,2.1028e+246
85,101,2.2622e+246
85,102,2.4295e+246
85,103,2.60454e+246
85,104,2.787e+246
85,105,2.97649e+246
85,106,3.17249e+246
85,107,3.37435e+246
85,108,3.58129e+246
85,109,3.7924e+246
85,110,4.00662e+246
85,111,4.22276e+246
85,112,4.43951e+246
85,113,4.6554e+246
85,114,4.86888e+246
85,115,5.07826e+246
85,116,5.28181e+246
85,117,5.47772e+246
85,118,5.66413e+246
85,119,5.83919e+246
85,120,6.00108e+246
85,121,6.14803e+246
85,122,6.27836e+246
85,123,6.39052e+246
85,124,6.4831e+246
85,125,6.55498e+246
85,126,6.60478e+246
85,127,6.63341e+246
85,128,6.63341e+246
86,0,1.56319e+242
86,1,1.56319e+242
86,2,1.59669e+242
86,3,1.64412e+242
86,4,1.71097e+242
86,5,1.79685e+242
86,6,1.90321e+242
86,7,2.03124e+242
86,8,2.18261e+242
86,9,2.35916e+242
86,10,2.5631e+242
86,11,2.79693e+242
86,12,3.06354e+242
86,13,3.3662e+242
86,14,3.70862e+242
86,15,4.09499e+242
86,16,4.53002e+242
86,17,5.01902e+242
86,18,5.56793e+242
86,19,6.18342e+242
86,20,6.87296e+242
86,21,7.64489e+242
86,22,8.50855e+242
86,23,9.47436e+242
86,24,1.0554e+243
86,25,1.17603e+243
86,26,1.3108e+243
86,27,1.4613e+243
86,28,1.62934e+243
86,29,1.81694e+243
86,30,2.02631e+243
86,31,2.25995e+243
86,32,2.52064e+243
86,33,2.81145e+243
86,34,3.13582e+243
86,35,3.49757e+243
86,36,3.90093e+243
86,37,4.35065e+243
86,38,4.85195e+243
86,39,5.41069e+243
86,40,6.03333e+243
86,41,6.72708e+243
86,42,7.49992e+243
86,43,8.36072e+243
86,44,9.31933e+243
86,45,1.03867e+244
86,46,1.15748e+244
86,47,1.28972e+244
86,48,1.43686e+244
86,49,1.60056e+244
86,50,1.78263e+244
86,51,1.98509e+244
86,52,2.21017e+244
86,53,2.46031e+244
86,54,2.73826e+244
86,55,3.04699e+244
86,56,3.38983e+244
86,57,3.77042e+244
86,58,4.19278e+244
86,59,4.66134e+244
86,60,5.18096e+244
86,61,5.75699e+244
86,62,6.39531e+244
86,63,7.10236e+244
86,64,7.8852e+244
86,65,8.75158e+244
86,66,9.70995e+244
86,67,1.07695e+245
86,68,1.19405e+245
86,69,1.32337e+245
86,70,1.46611e+245
86,71,1.62358e+245
86,72,1.79719e+245
86,73,1.98846e+245
86,74,2.19903e+245
86,75,2.43069e+245
86,76,2.68536e+245
86,77,2.96509e+245
86,78,3.27209e+245
86,79,3.60871e+245
86,80,3.97746e+245
86,81,4.38101e+245
86,82,4.82218e+245
86,83,5.30394e+245
86,84,5.82943e+245
86,85,6.40191e+245
86,86,7.02478e+245
86,87,7.70154e+245
86,88,8.43583e+245
86,89,9.2313e+245
86,90,1.00917e+246
86,91,1.10208e+246
86,92,1.20222e+246
86,93,1.30995e+246
86,94,1.42563e+246
86,95,1.54957e+246
86,96,1.68208e+246
86,97,1.82341e+246
86,98,1.97377e+246
86,99,2.13332e+246
86,100,2.30215e+246
86,101,2.48027e+246
86,102,2.6676e+246
86,103,2.86395e+246
86,104,3.06904e+246
86,105,3.28244e+246
86,106,3.50359e+246
86,107,3.73179e+246
86,108,3.96617e+246
86,109,4.20572e+246
86,110,4.44925e+246
86,111,4.69541e+246
86,112,4.94268e+246
86,113,5.1894e+246
86,114,5.43376e+246
86,115,5.67382e+246
86,116,5.90754e+246
86,117,6.1328e+246
86,118,6.34743e+246
86,119,6.54924e+246
86,120,6.73608e+246
86,121,6.90586e+246
86,122,7.05656e+246
86,123,7.18636e+246
86,124,7.29357e+246
86,125,7.37686e+246
86,126,7.43457e+246
86,127,7.46777e+246
86,128,7.46777e+246
87,0,1.58352e+242
87,1,1.58352e+242
87,2,1.61764e+242
87,3,1.666e+242
87,4,1.73419e+242
87,5,1.8218e+242
87,6,1.93034e+242
87,7,2.06102e+242
87,8,2.21556e+242
87,9,2.39585e+242
87,10,2.60417e+242
87,11,2.84309e+242
87,12,3.11559e+242
87,13,3.42502e+242
87,14,3.77522e+242
87,15,4.17049e+242
87,16,4.61571e+242
87,17,5.11633e+242
87,18,5.67851e+242
87,19,6.30912e+242
87,20,7.01588e+242
87,21,7.80742e+242
87,22,8.69339e+242
87,23,9.68458e+242
87,24,1.0793e+243
87,25,1.20322e+243
87,26,1.34171e+243
87,27,1.49646e+243
87,28,1.66932e+243
87,29,1.86238e+243
87,30,2.07797e+243
87,31,2.31867e+243
87,32,2.58737e+243
87,33,2.88728e+243
87,34,3.22198e+243
87,35,3.59546e+243
87,36,4.01215e+243
87,37,4.47698e+243
87,38,4.99544e+243
87,39,5.57364e+243
87,40,6.21837e+243
87,41,6.93717e+243
87,42,7.73844e+243
87,43,8.63149e+243
87,44,9.62667e+243
87,45,1.07355e+244
87,46,1.19706e+244
87,47,1.33463e+244
87,48,1.48781e+244
87,49,1.65836e+244
87,50,1.84818e+244
87,51,2.05943e+244
87,52,2.29445e+244
87,53,2.55587e+244
87,54,2.84657e+244
87,55,3.16974e+244
87,56,3.52892e+244
87,57,3.92799e+244
87,58,4.37126e+244
87,59,4.86346e+244
87,60,5.40981e+244
87,61,6.01604e+244
87,62,6.68847e+244
87,63,7.43405e+244
87,64,8.26039e+244
87,65,9.17584e+244
87,66,1.01896e+245
87,67,1.13116e+245
87,68,1.25528e+245
87,69,1.39253e+245
87,70,1.5442e+245
87,71,1.71171e+245
87,72,1.89661e+245
87,73,2.10056e+245
87,74,2.32539e+245
87,75,2.57306e+245
87,76,2.84567e+245
87,77,3.14552e+245
87,78,3.47504e+245
87,79,3.83687e+245
87,80,4.2338e+245
87,81,4.66883e+245
87,82,5.14512e+245
87,83,5.66603e+245
87,84,6.2351e+245
87,85,6.85604e+245
87,86,7.53272e+245
87,87,8.26918e+245
87,88,9.06955e+245
87,89,9.93812e+245
87,90,1.08792e+246
87,91,1.18972e+246
87,92,1.29964e+246
87,93,1.41811e+246
87,94,1.54556e+246
87,95,1.68236e+246
87,96,1.8289e+246
87,97,1.98549e+246
87,98,2.15242e+246
87,99,2.32989e+246
87,100,2.51806e+246
87,101,2.71697e+246
87,102,2.92659e+246
87,103,3.14675e+246
87,104,3.37717e+246
87,105,3.61741e+246
87,106,3.86687e+246
87,107,4.12479e+246
87,108,4.39023e+246
87,109,4.66205e+246
87,110,4.93891e+246
87,111,5.21929e+246
87,112,5.50146e+246
87,113,5.78351e+246
87,114,6.06334e+246
87,115,6.3387e+246
87,116,6.60722e+246
87,117,6.86641e+246
87,118,7.11372e+246
87,119,7.34657e+246
87,120,7.5624e+246
87,121,7.75873e+246
87,122,7.93318e+246
87,123,8.08356e+246
87,124,8.20785e+246
87,125,8.30446e+246
87,126,8.37144e+246
87,127,8.40997e+246
87,128,8.40997e+246
88,0,1.60213e+242
88,1,1.60213e+242
88,2,1.63683e+242
88,3,1.68607e+242
88,4,1.75552e+242
88,5,1.84478e+242
88,6,1.95537e+242
88,7,2.08857e+242
88,8,2.24612e+242
88,9,2.42997e+242
88,10,2.64246e+242
88,11,2.88622e+242
88,12,3.16433e+242
88,13,3.48022e+242
88,14,3.83785e+242
88,15,4.24164e+242
88,16,4.69661e+242
88,17,5.20838e+242
88,18,5.78329e+242
88,19,6.42843e+242
88,20,7.15176e+242
88,21,7.96219e+242
88,22,8.86967e+242
88,23,9.88537e+242
88,24,1.10217e+243
88,25,1.22927e+243
88,26,1.37137e+243
88,27,1.53023e+243
88,28,1.70777e+243
88,29,1.90615e+243
88,30,2.12779e+243
88,31,2.37538e+243
88,32,2.65191e+243
88,33,2.96072e+243
88,34,3.30554e+243
88,35,3.69052e+243
88,36,4.12028e+243
88,37,4.59997e+243
88,38,5.13531e+243
88,39,5.7327e+243
88,40,6.39923e+243
88,41,7.14279e+243
88,42,7.97219e+243
88,43,8.89718e+243
88,44,9.92863e+243
88,45,1.10786e+244
88,46,1.23605e+244
88,47,1.37893e+244
88,48,1.53814e+244
88,49,1.71552e+244
88,50,1.9131e+244
88,51,2.13314e+244
88,52,2.37815e+244
88,53,2.65088e+244
88,54,2.95441e+244
88,55,3.29213e+244
88,56,3.6678e+244
88,57,4.08555e+244
88,58,4.54998e+244
88,59,5.06613e+244
88,60,5.6396e+244
88,61,6.27654e+244
88,62,6.98371e+244
88,63,7.76859e+244
88,64,8.63936e+244
88,65,9.60503e+244
88,66,1.06755e+245
88,67,1.18616e+245
88,68,1.31752e+245
88,69,1.46293e+245
88,70,1.62381e+245
88,71,1.8017e+245
88,72,1.9983e+245
88,73,2.21542e+245
88,74,2.45508e+245
88,75,2.71941e+245
88,76,3.01076e+245
88,77,3.33165e+245
88,78,3.68479e+245
88,79,4.07309e+245
88,80,4.49969e+245
88,81,4.96791e+245
88,82,5.48133e+245
88,83,6.04371e+245
88,84,6.65905e+245
88,85,7.33156e+245
88,86,8.06565e+245
88,87,8.86591e+245
88,88,9.73713e+245
88,89,1.06842e+246
88,90,1.17122e+246
88,91,1.28262e+246
88,92,1.40313e+246
88,93,1.53325e+246
88,94,1.6735e+246
88,95,1.82434e+246
88,96,1.98622e+246
88,97,2.15955e+246
88,98,2.34469e+246
88,99,2.54194e+246
88,100,2.75149e+246
88,101,2.97347e+246
88,102,3.20788e+246
88,103,3.45459e+246
88,104,3.71334e+246
88,105,3.98367e+246
88,106,4.26498e+246
88,107,4.55643e+246
88,108,4.85699e+246
88,109,5.1654e+246
88,110,5.48018e+246
88,111,5.79959e+246
88,112,6.12165e+246
88,113,6.44419e+246
88,114,6.76477e+246
88,115,7.0808e+246
88,116,7.38949e+246
88,117,7.68793e+246
88,118,7.97311e+246
88,119,8.24201e+246
88,120,8.49157e+246
88,121,8.71884e+246
88,122,8.921e+246
88,123,9.09542e+246
88,124,9.23968e+246
88,125,9.35189e+246
88,126,9.42971e+246
88,127,9.4745e+246
88,128,9.4745e+246
89,0,1.61888e+242
89,1,1.61888e+242
89,2,1.65413e+242
89,3,1.70419e+242
89,4,1.77481e+242
89,5,1.86562e+242
89,6,1.97815e+242
89,7,2.11371e+242
89,8,2.27409e+242
89,9,2.46129e+242
89,10,2.67771e+242
89,11,2.92605e+242
89,12,3.20945e+242
89,13,3.53146e+242
89,14,3.89612e+242
89,15,4.30799e+242
89,16,4.77222e+242
89,17,5.2946e+242
89,18,5.88163e+242
89,19,6.54063e+242
89,20,7.27978e+242
89,21,8.10826e+242
89,22,9.03635e+242
89,23,1.00755e+243
89,24,1.12387e+243
89,25,1.25402e+243
89,26,1.3996e+243
89,27,1.56242e+243
89,28,1.74448e+243
89,29,1.94801e+243
89,30,2.17551e+243
89,31,2.42977e+243
89,32,2.7139e+243
89,33,3.03136e+243
89,34,3.38603e+243
89,35,3.78222e+243
89,36,4.22474e+243
89,37,4.71895e+243
89,38,5.27082e+243
89,39,5.88701e+243
89,40,6.57492e+243
89,41,7.34283e+243
89,42,8.1999e+243
89,43,9.15637e+243
89,44,1.02236e+244
89,45,1.14143e+244
89,46,1.27425e+244
89,47,1.42239e+244
89,48,1.58757e+244
89,49,1.77175e+244
89,50,1.97706e+244
89,51,2.20587e+244
89,52,2.46084e+244
89,53,2.74489e+244
89,54,3.06127e+244
89,55,3.41358e+244
89,56,3.8058e+244
89,57,4.24235e+244
89,58,4.72809e+244
89,59,5.26843e+244
89,60,5.86932e+244
89,61,6.53734e+244
89,62,7.27974e+244
89,63,8.10453e+244
89,64,9.02051e+244
89,65,1.00374e+245
89,66,1.11658e+245
89,67,1.24174e+245
89,68,1.38052e+245
89,69,1.53431e+245
89,70,1.70466e+245
89,71,1.89325e+245
89,72,2.10192e+245
89,73,2.33267e+245
89,74,2.58768e+245
89,75,2.86932e+245
89,76,3.18016e+245
89,77,3.52299e+245
89,78,3.90079e+245
89,79,4.31682e+245
89,80,4.77454e+245
89,81,5.27767e+245
89,82,5.83021e+245
89,83,6.4364e+245
89,84,7.10072e+245
89,85,7.82796e+245
89,86,8.6231e+245
89,87,9.49141e+245
89,88,1.04383e+246
89,89,1.14696e+246
89,90,1.25909e+246
89,91,1.38083e+246
89,92,1.51277e+246
89,93,1.65552e+246
89,94,1.80966e+246
89,95,1.97578e+246
89,96,2.15441e+246
89,97,2.34607e+246
89,98,2.55122e+246
89,99,2.77022e+246
89,100,3.00339e+246
89,101,3.25091e+246
89,102,3.51286e+246
89,103,3.78915e+246
89,104,4.07954e+246
89,105,4.38361e+246
89,106,4.7007e+246
89,107,5.02994e+246
89,108,5.37021e+246
89,109,5.72012e+246
89,110,6.078e+246
89,111,6.4419e+246
89,112,6.80958e+246
89,113,7.17853e+246
89,114,7.54596e+246
89,115,7.90884e+246
89,116,8.26393e+246
89,117,8.60782e+246
89,118,8.93696e+246
89,119,9.24775e+246
89,120,9.5366e+246
89,121,9.79998e+246
89,122,1.00345e+247
89,123,1.02371e+247
89,124,1.04047e+247
89,125,1.05352e+247
89,126,1.06257e+247
89,127,1.06779e+247
89,128,1.06779e+247
90,0,1.63365e+242
90,1,1.63365e+242
90,2,1.6694e+242
90,3,1.72022e+242
90,4,1.79193e+242
90,5,1.88416e+242
90,6,1.99849e+242
90,7,2.13625e+242
90,8,2.29927e+242
90,9,2.48959e+242
90,10,2.70967e+242
90,11,2.96228e+242
90,12,3.25064e+242
90,13,3.57838e+242
90,14,3.94964e+242
90,15,4.3691e+242
90,16,4.84204e+242
90,17,5.37441e+242
90,18,5.97289e+242
90,19,6.64498e+242
90,20,7.39911e+242
90,21,8.24472e+242
90,22,9.19237e+242
90,23,1.02539e+243
90,24,1.14426e+243
90,25,1.27732e+243
90,26,1.42623e+243
90,27,1.59284e+243
90,28,1.77922e+243
90,29,1.98769e+243
90,30,2.22082e+243
90,31,2.48151e+243
90,32,2.77296e+243
90,33,3.09878e+243
90,34,3.46297e+243
90,35,3.87001e+243
90,36,4.32491e+243
90,37,4.83322e+243
90,38,5.40116e+243
90,39,6.03567e+243
90,40,6.74445e+243
90,41,7.53613e+243
90,42,8.42028e+243
90,43,9.4076e+243
90,44,1.051e+244
90,45,1.17407e+244
90,46,1.31144e+244
90,47,1.46476e+244
90,48,1.63586e+244
90,49,1.82675e+244
90,50,2.0397e+244
90,51,2.27722e+244
90,52,2.54209e+244
90,53,2.8374e+244
90,54,3.16658e+244
90,55,3.53345e+244
90,56,3.94223e+244
90,57,4.39759e+244
90,58,4.90471e+244
90,59,5.46934e+244
90,60,6.09782e+244
90,61,6.79718e+244
90,62,7.57515e+244
90,63,8.44031e+244
90,64,9.40209e+244
90,65,1.04709e+245
90,66,1.16582e+245
90,67,1.29767e+245
90,68,1.44401e+245
90,69,1.60637e+245
90,70,1.78642e+245
90,71,1.98598e+245
90,72,2.20707e+245
90,73,2.45185e+245
90,74,2.72272e+245
90,75,3.02227e+245
90,76,3.35332e+245
90,77,3.71893e+245
90,78,4.12242e+245
90,79,4.56736e+245
90,80,5.05762e+245
90,81,5.59735e+245
90,82,6.19098e+245
90,83,6.84328e+245
90,84,7.55931e+245
90,85,8.34443e+245
90,86,9.20433e+245
90,87,1.0145e+246
90,88,1.11726e+246
90,89,1.22937e+246
90,90,1.35151e+246
90,91,1.48435e+246
90,92,1.62861e+246
90,93,1.78499e+246
90,94,1.95419e+246
90,95,2.1369e+246
90,96,2.33379e+246
90,97,2.54547e+246
90,98,2.77253e+246
90,99,3.01546e+246
90,100,3.27466e+246
90,101,3.55042e+246
90,102,3.84291e+246
90,103,4.15211e+246
90,104,4.47782e+246
90,105,4.81964e+246
90,106,5.17691e+246
90,107,5.54872e+246
90,108,5.93385e+246
90,109,6.33078e+246
90,110,6.73766e+246
90,111,7.15229e+246
90,112,7.57213e+246
90,113,7.99431e+246
90,114,8.4156e+246
90,115,8.83251e+246
90,116,9.24123e+246
90,117,9.63777e+246
90,118,1.0018e+247
90,119,1.03775e+247
90,120,1.07122e+247
90,121,1.10178e+247
90,122,1.12902e+247
90,123,1.15257e+247
90,124,1.17208e+247
90,125,1.18727e+247
90,126,1.19782e+247
90,127,1.2039e+247
90,128,1.2039e+247
91,0,1.6463e+242
91,1,1.6463e+242
91,2,1.6825e+242
91,3,1.73401e+242
91,4,1.80672e+242
91,5,1.90026e+242
91,6,2.01624e+242
91,7,2.15601e+242
91,8,2.32145e+242
91,9,2.51465e+242
91,10,2.7381e+242
91,11,2.99466e+242
91,12,3.28759e+242
91,13,3.62063e+242
91,14,3.99802e+242
91,15,4.42453e+242
91,16,4.90558e+242
91,17,5.44726e+242
91,18,6.05643e+242
91,19,6.74077e+242
91,20,7.50893e+242
91,21,8.37061e+242
91,22,9.33665e+242
91,23,1.04192e+243
91,24,1.1632e+243
91,25,1.29901e+243
91,26,1.45107e+243
91,27,1.62128e+243
91,28,1.81177e+243
91,29,2.02494e+243
91,30,2.26344e+243
91,31,2.53026e+243
91,32,2.82872e+243
91,33,3.16254e+243
91,34,3.53587e+243
91,35,3.95334e+243
91,36,4.42015e+243
91,37,4.94206e+243
91,38,5.52552e+243
91,39,6.17774e+243
91,40,6.90675e+243
91,41,7.7215e+243
91,42,8.63198e+243
91,43,9.64933e+243
91,44,1.0786e+244
91,45,1.20557e+244
91,46,1.34741e+244
91,47,1.50581e+244
91,48,1.6827e+244
91,49,1.88019e+244
91,50,2.10068e+244
91,51,2.34677e+244
91,52,2.62142e+244
91,53,2.92787e+244
91,54,3.26975e+244
91,55,3.65107e+244
91,56,4.07631e+244
91,57,4.55041e+244
91,58,5.07887e+244
91,59,5.66778e+244
91,60,6.32389e+244
91,61,7.05467e+244
91,62,7.86839e+244
91,63,8.77418e+244
91,64,9.78216e+244
91,65,1.09035e+245
91,66,1.21504e+245
91,67,1.35366e+245
91,68,1.50768e+245
91,69,1.67877e+245
91,70,1.86871e+245
91,71,2.07949e+245
91,72,2.31329e+245
91,73,2.57248e+245
91,74,2.85965e+245
91,75,3.17765e+245
91,76,3.52957e+245
91,77,3.91876e+245
91,78,4.34888e+245
91,79,4.82389e+245
91,80,5.34805e+245
91,81,5.92598e+245
91,82,6.56263e+245
91,83,7.26331e+245
91,84,8.03371e+245
91,85,8.87988e+245
91,86,9.80823e+245
91,87,1.08255e+246
91,88,1.19389e+246
91,89,1.31559e+246
91,90,1.4484e+246
91,91,1.59315e+246
91,92,1.75064e+246
91,93,1.9217e+246
91,94,2.10717e+246
91,95,2.30786e+246
91,96,2.52458e+246
91,97,2.7581e+246
91,98,3.00912e+246
91,99,3.27829e+246
91,100,3.56613e+246
91,101,3.87307e+246
91,102,4.19937e+246
91,103,4.54512e+246
91,104,4.9102e+246
91,105,5.29424e+246
91,106,5.69659e+246
91,107,6.1163e+246
91,108,6.55208e+246
91,109,7.00227e+246
91,110,7.46482e+246
91,111,7.93727e+246
91,112,8.41675e+246
91,113,8.89997e+246
91,114,9.38322e+246
91,115,9.86244e+246
91,116,1.03332e+247
91,117,1.07908e+247
91,118,1.12303e+247
91,119,1.16468e+247
91,120,1.20349e+247
91,121,1.23899e+247
91,122,1.27067e+247
91,123,1.29809e+247
91,124,1.32083e+247
91,125,1.33855e+247
91,126,1.35086e+247
91,127,1.35795e+247
91,128,1.35795e+247
92,0,1.65671e+242
92,1,1.65671e+242
92,2,1.69332e+242
92,3,1.74545e+242
92,4,1.81905e+242
92,5,1.91377e+242
92,6,2.03122e+242
92,7,2.17281e+242
92,8,2.34044e+242
92,9,2.53623e+242
92,10,2.76275e+242
92,11,3.02289e+242
92,12,3.32e+242
92,13,3.65788e+242
92,14,4.04086e+242
92,15,4.47383e+242
92,16,4.96233e+242
92,17,5.51257e+242
92,18,6.13159e+242
92,19,6.82725e+242
92,20,7.6084e+242
92,21,8.48498e+242
92,22,9.46812e+242
92,23,1.05703e+243
92,24,1.18055e+243
92,25,1.31894e+243
92,26,1.47394e+243
92,27,1.64753e+243
92,28,1.8419e+243
92,29,2.05949e+243
92,30,2.30306e+243
92,31,2.57568e+243
92,32,2.88078e+243
92,33,3.22219e+243
92,34,3.60421e+243
92,35,4.03163e+243
92,36,4.50981e+243
92,37,5.04473e+243
92,38,5.64306e+243
92,39,6.31229e+243
92,40,7.06073e+243
92,41,7.8977e+243
92,42,8.83358e+243
92,43,9.87996e+243
92,44,1.10498e+244
92,45,1.23574e+244
92,46,1.38191e+244
92,47,1.54525e+244
92,48,1.72779e+244
92,49,1.93174e+244
92,50,2.15959e+244
92,51,2.4141e+244
92,52,2.69834e+244
92,53,3.01575e+244
92,54,3.37013e+244
92,55,3.76572e+244
92,56,4.20723e+244
92,57,4.6999e+244
92,58,5.24953e+244
92,59,5.86258e+244
92,60,6.5462e+244
92,61,7.30833e+244
92,62,8.15778e+244
92,63,9.10427e+244
92,64,1.01586e+245
92,65,1.13327e+245
92,66,1.26397e+245
92,67,1.40942e+245
92,68,1.57122e+245
92,69,1.75114e+245
92,70,1.95112e+245
92,71,2.17332e+245
92,72,2.42008e+245
92,73,2.69398e+245
92,74,2.99784e+245
92,75,3.33477e+245
92,76,3.70814e+245
92,77,4.12164e+245
92,78,4.57927e+245
92,79,5.0854e+245
92,80,5.64475e+245
92,81,6.26241e+245
92,82,6.94392e+245
92,83,7.69518e+245
92,84,8.52257e+245
92,85,9.43287e+245
92,86,1.04333e+246
92,87,1.15316e+246
92,88,1.27358e+246
92,89,1.40545e+246
92,90,1.54964e+246
92,91,1.7071e+246
92,92,1.87876e+246
92,93,2.0656e+246
92,94,2.26859e+246
92,95,2.48872e+246
92,96,2.72694e+246
92,97,2.9842e+246
92,98,3.26137e+246
92,99,3.55925e+246
92,100,3.87854e+246
92,101,4.21983e+246
92,102,4.58351e+246
92,103,4.9698e+246
92,104,5.37869e+246
92,105,5.80986e+246
92,106,6.26271e+246
92,107,6.73628e+246
92,108,7.2292e+246
92,109,7.73968e+246
92,110,8.26546e+246
92,111,8.80381e+246
92,112,9.35147e+246
92,113,9.90469e+246
92,114,1.04592e+247
92,115,1.10104e+247
92,116,1.1553e+247
92,117,1.20815e+247
92,118,1.25901e+247
92,119,1.30728e+247
92,120,1.35235e+247
92,121,1.39363e+247
92,122,1.43053e+247
92,123,1.4625e+247
92,124,1.48904e+247
92,125,1.50974e+247
92,126,1.52413e+247
92,127,1.53242e+247
92,128,1.53242e+247
93,0,1.66476e+242
93,1,1.66476e+242
93,2,1.70171e+242
93,3,1.75438e+242
93,4,1.82877e+242
93,5,1.92452e+242
93,6,2.04328e+242
93,7,2.18647e+242
93,8,2.35603e+242
93,9,2.55414e+242
93,10,2.78338e+242
93,11,3.04671e+242
93,12,3.34755e+242
93,13,3.68976e+242
93,14,4.07777e+242
93,15,4.51656e+242
93,16,5.01178e+242
93,17,5.56978e+242
93,18,6.19773e+242
93,19,6.90368e+242
93,20,7.69668e+242
93,21,8.58689e+242
93,22,9.5857e+242
93,23,1.07059e+243
93,24,1.19618e+243
93,25,1.33694e+243
93,26,1.49468e+243
93,27,1.6714e+243
93,28,1.86936e+243
93,29,2.09108e+243
93,30,2.33938e+243
93,31,2.61742e+243
93,32,2.92875e+243
93,33,3.2773e+243
93,34,3.6675e+243
93,35,4.1043e+243
93,36,4.59323e+243
93,37,5.14047e+243
93,38,5.75292e+243
93,39,6.43832e+243
93,40,7.20529e+243
93,41,8.06348e+243
93,42,9.02365e+243
93,43,1.00979e+244
93,44,1.12995e+244
93,45,1.26437e+244
93,46,1.4147e+244
93,47,1.58283e+244
93,48,1.77083e+244
93,49,1.98103e+244
93,50,2.21604e+244
93,51,2.47873e+244
93,52,2.77234e+244
93,53,3.10045e+244
93,54,3.46707e+244
93,55,3.87665e+244
93,56,4.33415e+244
93,57,4.84508e+244
93,58,5.41559e+244
93,59,6.05249e+244
93,60,6.76335e+244
93,61,7.55658e+244
93,62,8.44153e+244
93,63,9.42855e+244
93,64,1.05291e+245
93,65,1.17559e+245
93,66,1.31231e+245
93,67,1.46462e+245
93,68,1.63424e+245
93,69,1.82306e+245
93,70,2.0332e+245
93,71,2.26695e+245
93,72,2.52685e+245
93,73,2.81571e+245
93,74,3.13658e+245
93,75,3.49284e+245
93,76,3.88818e+245
93,77,4.32661e+245
93,78,4.81253e+245
93,79,5.35074e+245
93,80,5.94643e+245
93,81,6.60527e+245
93,82,7.33335e+245
93,83,8.13727e+245
93,84,9.02414e+245
93,85,1.00016e+246
93,86,1.10777e+246
93,87,1.22612e+246
93,88,1.35612e+246
93,89,1.49875e+246
93,90,1.65503e+246
93,91,1.82601e+246
93,92,2.0128e+246
93,93,2.21653e+246
93,94,2.43835e+246
93,95,2.67942e+246
93,96,2.9409e+246
93,97,3.22391e+246
93,98,3.52952e+246
93,99,3.85876e+246
93,100,4.21251e+246
93,101,4.59155e+246
93,102,4.99647e+246
93,103,5.42765e+246
93,104,5.8852e+246
93,105,6.36893e+246
93,106,6.8783e+246
93,107,7.41235e+246
93,108,7.96967e+246
93,109,8.54834e+246
93,110,9.1459e+246
93,111,9.7593e+246
93,112,1.03849e+247
93,113,1.10184e+247
93,114,1.1655e+247
93,115,1.22892e+247
93,116,1.2915e+247
93,117,1.35258e+247
93,118,1.41149e+247
93,119,1.46751e+247
93,120,1.51992e+247
93,121,1.56799e+247
93,122,1.61102e+247
93,123,1.64835e+247
93,124,1.67937e+247
93,125,1.70359e+247
93,126,1.72044e+247
93,127,1.73015e+247
93,128,1.73015e+247
94,0,1.67032e+242
94,1,1.67032e+242
94,2,1.70756e+242
94,3,1.76069e+242
94,4,1.83574e+242
94,5,1.93237e+242
94,6,2.05225e+242
94,7,2.19682e+242
94,8,2.36805e+242
94,9,2.56815e+242
94,10,2.79975e+242
94,11,3.06586e+242
94,12,3.36994e+242
94,13,3.71595e+242
94,14,4.10837e+242
94,15,4.55228e+242
94,16,5.05344e+242
94,17,5.61831e+242
94,18,6.25421e+242
94,19,6.96935e+242
94,20,7.77295e+242
94,21,8.67539e+242
94,22,9.68831e+242
94,23,1.08248e+243
94,24,1.20994e+243
94,25,1.35286e+243
94,26,1.51308e+243
94,27,1.69266e+243
94,28,1.89392e+243
94,29,2.11942e+243
94,30,2.37209e+243
94,31,2.65514e+243
94,32,2.97223e+243
94,33,3.3274e+243
94,34,3.72522e+243
94,35,4.17076e+243
94,36,4.66974e+243
94,37,5.22851e+243
94,38,5.85422e+243
94,39,6.55484e+243
94,40,7.33928e+243
94,41,8.21752e+243
94,42,9.20072e+243
94,43,1.03013e+244
94,44,1.15333e+244
94,45,1.29122e+244
94,46,1.44555e+244
94,47,1.61824e+244
94,48,1.81149e+244
94,49,2.02771e+244
94,50,2.26961e+244
94,51,2.5402e+244
94,52,2.84286e+244
94,53,3.18135e+244
94,54,3.55986e+244
94,55,3.98305e+244
94,56,4.45615e+244
94,57,4.98494e+244
94,58,5.57589e+244
94,59,6.23619e+244
94,60,6.97384e+244
94,61,7.79772e+244
94,62,8.71773e+244
94,63,9.74485e+244
94,64,1.08913e+245
94,65,1.21705e+245
94,66,1.35976e+245
94,67,1.51891e+245
94,68,1.69635e+245
94,69,1.8941e+245
94,70,2.11443e+245
94,71,2.35981e+245
94,72,2.63298e+245
94,73,2.93696e+245
94,74,3.27508e+245
94,75,3.65098e+245
94,76,4.06868e+245
94,77,4.53256e+245
94,78,5.04743e+245
94,79,5.61855e+245
94,80,6.25164e+245
94,81,6.95292e+245
94,82,7.72916e+245
94,83,8.58767e+245
94,84,9.53636e+245
94,85,1.05837e+246
94,86,1.17389e+246
94,87,1.30117e+246
94,88,1.44125e+246
94,89,1.59523e+246
94,90,1.76428e+246
94,91,1.94961e+246
94,92,2.1525e+246
94,93,2.37425e+246
94,94,2.61623e+246
94,95,2.87981e+246
94,96,3.16634e+246
94,97,3.47719e+246
94,98,3.81369e+246
94,99,4.17707e+246
94,100,4.56848e+246
94,101,4.98894e+246
94,102,5.43925e+246
94,103,5.92002e+246
94,104,6.43154e+246
94,105,6.97378e+246
94,106,7.54629e+246
94,107,8.14817e+246
94,108,8.77799e+246
94,109,9.43372e+246
94,110,1.01127e+247
94,111,1.08116e+247
94,112,1.15262e+247
94,113,1.22519e+247
94,114,1.29829e+247
94,115,1.37131e+247
94,116,1.44352e+247
94,117,1.51419e+247
94,118,1.58249e+247
94,119,1.64757e+247
94,120,1.70857e+247
94,121,1.76463e+247
94,122,1.81489e+247
94,123,1.85855e+247
94,124,1.89488e+247
94,125,1.92327e+247
94,126,1.94302e+247
94,127,1.95442e+247
94,128,1.95442e+247
95,0,1.67327e+242
95,1,1.67327e+242
95,2,1.71074e+242
95,3,1.76424e+242
95,4,1.83983e+242
95,5,1.93718e+242
95,6,2.05798e+242
95,7,2.20368e+242
95,8,2.3763e+242
95,9,2.57805e+242
95,10,2.81162e+242
95,11,3.08006e+242
95,12,3.38689e+242
95,13,3.73611e+242
95,14,4.13228e+242
95,15,4.58057e+242
95,16,5.08682e+242
95,17,5.65763e+242
95,18,6.30041e+242
95,19,7.02353e+242
95,20,7.83639e+242
95,21,8.74956e+242
95,22,9.7749e+242
95,23,1.09257e+243
95,24,1.2217e+243
95,25,1.36654e+243
95,26,1.52898e+243
95,27,1.71113e+243
95,28,1.91534e+243
95,29,2.14427e+243
95,30,2.40088e+243
95,31,2.68848e+243
95,32,3.01082e+243
95,33,3.37204e+243
95,34,3.77683e+243
95,35,4.23042e+243
95,36,4.73865e+243
95,37,5.30809e+243
95,38,5.94608e+243
95,39,6.66084e+243
95,40,7.46156e+243
95,41,8.35853e+243
95,42,9.36328e+243
95,43,1.04887e+244
95,44,1.17492e+244
95,45,1.31609e+244
95,46,1.47418e+244
95,47,1.65122e+244
95,48,1.84945e+244
95,49,2.07139e+244
95,50,2.31987e+244
95,51,2.59802e+244
95,52,2.90936e+244
95,53,3.25782e+244
95,54,3.64777e+244
95,55,4.08411e+244
95,56,4.57229e+244
95,57,5.1184e+244
95,58,5.72922e+244
95,59,6.41231e+244
95,60,7.17609e+244
95,61,8.02996e+244
95,62,8.98434e+244
95,63,1.00509e+245
95,64,1.12424e+245
95,65,1.25734e+245
95,66,1.40597e+245
95,67,1.57191e+245
95,68,1.75712e+245
95,69,1.96377e+245
95,70,2.19427e+245
95,71,2.45128e+245
95,72,2.73776e+245
95,73,3.05695e+245
95,74,3.41245e+245
95,75,3.80819e+245
95,76,4.24854e+245
95,77,4.73827e+245
95,78,5.28262e+245
95,79,5.88733e+245
95,80,6.55868e+245
95,81,7.30351e+245
95,82,8.12929e+245
95,83,9.04412e+245
95,84,1.00568e+246
95,85,1.11767e+246
95,86,1.24142e+246
95,87,1.37802e+246
95,88,1.52864e+246
95,89,1.69454e+246
95,90,1.87703e+246
95,91,2.07752e+246
95,92,2.29747e+246
95,93,2.5384e+246
95,94,2.80189e+246
95,95,3.08955e+246
95,96,3.403e+246
95,97,3.74388e+246
95,98,4.11378e+246
95,99,4.51423e+246
95,100,4.94669e+246
95,101,5.41245e+246
95,102,5.91262e+246
95,103,6.44805e+246
95,104,7.0193e+246
95,105,7.62654e+246
95,106,8.26949e+246
95,107,8.94734e+246
95,108,9.65867e+246
95,109,1.04014e+247
95,110,1.11727e+247
95,111,1.19688e+247
95,112,1.27852e+247
95,113,1.36165e+247
95,114,1.44563e+247
95,115,1.52973e+247
95,116,1.61313e+247
95,117,1.69495e+247
95,118,1.77421e+247
95,119,1.84991e+247
95,120,1.92102e+247
95,121,1.98648e+247
95,122,2.04527e+247
95,123,2.09643e+247
95,124,2.13905e+247
95,125,2.17238e+247
95,126,2.1956e+247
95,127,2.20901e+247
95,128,2.20901e+247
96,0,1.67351e+242
96,1,1.67351e+242
96,2,1.71115e+242
96,3,1.76492e+242
96,4,1.84092e+242
96,5,1.93882e+242
96,6,2.06031e+242
96,7,2.2069e+242
96,8,2.38059e+242
96,9,2.58365e+242
96,10,2.81878e+242
96,11,3.08907e+242
96,12,3.3981e+242
96,13,3.74991e+242
96,14,4.14913e+242
96,15,4.60101e+242
96,16,5.11146e+242
96,17,5.68718e+242
96,18,6.3357e+242
96,19,7.06552e+242
96,20,7.8862e+242
96,21,8.80848e+242
96,22,9.84442e+242
96,23,1.10076e+243
96,24,1.23132e+243
96,25,1.37782e+243
96,26,1.5422e+243
96,27,1.72659e+243
96,28,1.9334e+243
96,29,2.16535e+243
96,30,2.42545e+243
96,31,2.7171e+243
96,32,3.04412e+243
96,33,3.41077e+243
96,34,3.82184e+243
96,35,4.28268e+243
96,36,4.7993e+243
96,37,5.37843e+243
96,38,6.02762e+243
96,39,6.75531e+243
96,40,7.57097e+243
96,41,8.48518e+243
96,42,9.50983e+243
96,43,1.06582e+244
96,44,1.19452e+244
96,45,1.33874e+244
96,46,1.50036e+244
96,47,1.68145e+244
96,48,1.88436e+244
96,49,2.11169e+244
96,50,2.36638e+244
96,51,2.65168e+244
96,52,2.97126e+244
96,53,3.3292e+244
96,54,3.73007e+244
96,55,4.17897e+244
96,56,4.68161e+244
96,57,5.24435e+244
96,58,5.8743e+244
96,59,6.57939e+244
96,60,7.36847e+244
96,61,8.25141e+244
96,62,9.23922e+244
96,63,1.03441e+245
96,64,1.15798e+245
96,65,1.29615e+245
96,66,1.4506e+245
96,67,1.62322e+245
96,68,1.81609e+245
96,69,2.03153e+245
96,70,2.27212e+245
96,71,2.54071e+245
96,72,2.84044e+245
96,73,3.17483e+245
96,74,3.54772e+245
96,75,3.9634e+245
96,76,4.42655e+245
96,77,4.94237e+245
96,78,5.51655e+245
96,79,6.15535e+245
96,80,6.86563e+245
96,81,7.65491e+245
96,82,8.53139e+245
96,83,9.504e+245
96,84,1.05825e+246
96,85,1.17774e+246
96,86,1.31e+246
96,87,1.45628e+246
96,88,1.61789e+246
96,89,1.79624e+246
96,90,1.99283e+246
96,91,2.20927e+246
96,92,2.44722e+246
96,93,2.70846e+246
96,94,2.9948e+246
96,95,3.30815e+246
96,96,3.65042e+246
96,97,4.02355e+246
96,98,4.42947e+246
96,99,4.87006e+246
96,100,5.34712e+246
96,101,5.8623e+246
96,102,6.41707e+246
96,103,7.01261e+246
96,104,7.64981e+246
96,105,8.32912e+246
96,106,9.05048e+246
96,107,9.81326e+246
96,108,1.06161e+247
96,109,1.14569e+247
96,110,1.23327e+247
96,111,1.32394e+247
96,112,1.41721e+247
96,113,1.51246e+247
96,114,1.60896e+247
96,115,1.70588e+247
96,116,1.80226e+247
96,117,1.89706e+247
96,118,1.98914e+247
96,119,2.0773e+247
96,120,2.1603e+247
96,121,2.23686e+247
96,122,2.30576e+247
96,123,2.36581e+247
96,124,2.4159e+247
96,125,2.45512e+247
96,126,2.48246e+247
96,127,2.49826e+247
96,128,2.49826e+247
97,0,1.67093e+242
97,1,1.67093e+242
97,2,1.70866e+242
97,3,1.76261e+242
97,4,1.83887e+242
97,5,1.93714e+242
97,6,2.05912e+242
97,7,2.20632e+242
97,8,2.38076e+242
97,9,2.58474e+242
97,10,2.821e+242
97,11,3.09265e+242
97,12,3.40329e+242
97,13,3.75704e+242
97,14,4.15858e+242
97,15,4.61319e+242
97,16,5.12689e+242
97,17,5.70644e+242
97,18,6.35949e+242
97,19,7.09465e+242
97,20,7.92161e+242
97,21,8.85125e+242
97,22,9.89584e+242
97,23,1.10691e+243
97,24,1.23866e+243
97,25,1.38656e+243
97,26,1.55256e+243
97,27,1.73884e+243
97,28,1.94787e+243
97,29,2.1824e+243
97,30,2.4455e+243
97,31,2.74066e+243
97,32,3.07175e+243
97,33,3.44314e+243
97,34,3.85971e+243
97,35,4.32695e+243
97,36,4.851e+243
97,37,5.43876e+243
97,38,6.09795e+243
97,39,6.83724e+243
97,40,7.66634e+243
97,41,8.59614e+243
97,42,9.63884e+243
97,43,1.08081e+244
97,44,1.21193e+244
97,45,1.35895e+244
97,46,1.5238e+244
97,47,1.70864e+244
97,48,1.91588e+244
97,49,2.14822e+244
97,50,2.40869e+244
97,51,2.70068e+244
97,52,3.02797e+244
97,53,3.39482e+244
97,54,3.80598e+244
97,55,4.26676e+244
97,56,4.7831e+244
97,57,5.36164e+244
97,58,6.00982e+244
97,59,6.73594e+244
97,60,7.54926e+244
97,61,8.46014e+244
97,62,9.48014e+244
97,63,1.06222e+245
97,64,1.19006e+245
97,65,1.33314e+245
97,66,1.49326e+245
97,67,1.6724e+245
97,68,1.87277e+245
97,69,2.09685e+245
97,70,2.34736e+245
97,71,2.62736e+245
97,72,2.94021e+245
97,73,3.28966e+245
97,74,3.67987e+245
97,75,4.11541e+245
97,76,4.60137e+245
97,77,5.14335e+245
97,78,5.74752e+245
97,79,6.4207e+245
97,80,7.17036e+245
97,81,8.00472e+245
97,82,8.93277e+245
97,83,9.96435e+245
97,84,1.11102e+246
97,85,1.2382e+246
97,86,1.37924e+246
97,87,1.53552e+246
97,88,1.70851e+246
97,89,1.89981e+246
97,90,2.11111e+246
97,91,2.34424e+246
97,92,2.60112e+246
97,93,2.88376e+246
97,94,3.1943e+246
97,95,3.53493e+246
97,96,3.90791e+246
97,97,4.31556e+246
97,98,4.76018e+246
97,99,5.24406e+246
97,100,5.76942e+246
97,101,6.33834e+246
97,102,6.95272e+246
97,103,7.61419e+246
97,104,8.32402e+246
97,105,9.08304e+246
97,106,9.89152e+246
97,107,1.07491e+247
97,108,1.16545e+247
97,109,1.26058e+247
97,110,1.35998e+247
97,111,1.46322e+247
97,112,1.56975e+247
97,113,1.67889e+247
97,114,1.78981e+247
97,115,1.90155e+247
97,116,2.01301e+247
97,117,2.12295e+247
97,118,2.23004e+247
97,119,2.33284e+247
97,120,2.42985e+247
97,121,2.51955e+247
97,122,2.60043e+247
97,123,2.67104e+247
97,124,2.73003e+247
97,125,2.77629e+247
97,126,2.80856e+247
97,127,2.82721e+247
97,128,2.82721e+247
98,0,1.66543e+242
98,1,1.66543e+242
98,2,1.70318e+242
98,3,1.7572e+242
98,4,1.83359e+242
98,5,1.93204e+242
98,6,2.05426e+242
98,7,2.20178e+242
98,8,2.37664e+242
98,9,2.58116e+242
98,10,2.81808e+242
98,11,3.09055e+242
98,12,3.40222e+242
98,13,3.75722e+242
98,14,4.16027e+242
98,15,4.61674e+242
98,16,5.13267e+242
98,17,5.71492e+242
98,18,6.37121e+242
98,19,7.11025e+242
98,20,7.94185e+242
98,21,8.87702e+242
98,22,9.9282e+242
98,23,1.11093e+243
98,24,1.2436e+243
98,25,1.3926e+243
98,26,1.55989e+243
98,27,1.7477e+243
98,28,1.95852e+243
98,29,2.19516e+243
98,30,2.46075e+243
98,31,2.75882e+243
98,32,3.09332e+243
98,33,3.46871e+243
98,34,3.88995e+243
98,35,4.36266e+243
98,36,4.8931e+243
98,37,5.48831e+243
98,38,6.1562e+243
98,39,6.90563e+243
98,40,7.74655e+243
98,41,8.6901e+243
98,42,9.74881e+243
98,43,1.09367e+244
98,44,1.22695e+244
98,45,1.37649e+244
98,46,1.54427e+244
98,47,1.7325e+244
98,48,1.94368e+244
98,49,2.18059e+244
98,50,2.44635e+244
98,51,2.74449e+244
98,52,3.0789e+244
98,53,3.45401e+244
98,54,3.87473e+244
98,55,4.34657e+244
98,56,4.87573e+244
98,57,5.46911e+244
98,58,6.13445e+244
98,59,6.88041e+244
98,60,7.71669e+244
98,61,8.65411e+244
98,62,9.70479e+244
98,63,1.08823e+245
98,64,1.22016e+245
98,65,1.36798e+245
98,66,1.53356e+245
98,67,1.719e+245
98,68,1.92665e+245
98,69,2.15912e+245
98,70,2.41931e+245
98,71,2.71047e+245
98,72,3.03619e+245
98,73,3.40047e+245
98,74,3.80775e+245
98,75,4.26296e+245
98,76,4.77155e+245
98,77,5.33957e+245
98,78,5.97369e+245
98,79,6.68129e+245
98,80,7.4705e+245
98,81,8.35028e+245
98,82,9.33045e+245
98,83,1.04218e+246
98,84,1.16362e+246
98,85,1.29865e+246
98,86,1.44867e+246
98,87,1.61522e+246
98,88,1.79994e+246
98,89,2.00463e+246
98,90,2.23121e+246
98,91,2.48173e+246
98,92,2.75838e+246
98,93,3.06348e+246
98,94,3.39949e+246
98,95,3.76897e+246
98,96,4.17455e+246
98,97,4.61898e+246
98,98,5.10501e+246
98,99,5.6354e+246
98,100,6.21287e+246
98,101,6.84003e+246
98,102,7.51929e+246
98,103,8.25282e+246
98,104,9.0424e+246
98,105,9.88935e+246
98,106,1.07944e+247
98,107,1.17575e+247
98,108,1.27777e+247
98,109,1.38532e+247
98,110,1.49806e+247
98,111,1.61557e+247
98,112,1.73723e+247
98,113,1.86228e+247
98,114,1.98981e+247
98,115,2.11869e+247
98,116,2.24767e+247
98,117,2.37529e+247
98,118,2.49996e+247
98,119,2.61998e+247
98,120,2.73355e+247
98,121,2.83881e+247
98,122,2.93394e+247
98,123,3.01714e+247
98,124,3.08677e+247
98,125,3.14144e+247
98,126,3.17962e+247
98,127,3.2017e+247
98,128,3.2017e+247
99,0,1.65691e+242
99,1,1.65691e+242
99,2,1.6946e+242
99,3,1.7486e+242
99,4,1.82495e+242
99,5,1.92338e+242
99,6,2.04561e+242
99,7,2.19316e+242
99,8,2.36809e+242
99,9,2.57272e+242
99,10,2.80982e+242
99,11,3.08257e+242
99,12,3.39462e+242
99,13,3.75014e+242
99,14,4.15389e+242
99,15,4.61127e+242
99,16,5.12838e+242
99,17,5.71213e+242
99,18,6.37031e+242
99,19,7.1117e+242
99,20,7.94621e+242
99,21,8.88497e+242
99,22,9.94053e+242
99,23,1.1127e+243
99,24,1.24602e+243
99,25,1.39579e+243
99,26,1.56403e+243
99,27,1.75297e+243
99,28,1.96514e+243
99,29,2.20339e+243
99,30,2.4709e+243
99,31,2.77125e+243
99,32,3.10845e+243
99,33,3.48704e+243
99,34,3.91207e+243
99,35,4.38924e+243
99,36,4.92494e+243
99,37,5.52635e+243
99,38,6.20152e+243
99,39,6.9595e+243
99,40,7.81045e+243
99,41,8.76576e+243
99,42,9.83824e+243
99,43,1.10423e+244
99,44,1.23939e+244
99,45,1.39113e+244
99,46,1.56148e+244
99,47,1.75272e+244
99,48,1.9674e+244
99,49,2.20839e+244
99,50,2.47892e+244
99,51,2.78259e+244
99,52,3.12346e+244
99,53,3.50607e+244
99,54,3.93552e+244
99,55,4.41751e+244
99,56,4.95846e+244
99,57,5.56554e+244
99,58,6.2468e+244
99,59,7.01124e+244
99,60,7.86896e+244
99,61,8.83126e+244
99,62,9.91079e+244
99,63,1.11217e+245
99,64,1.24799e+245
99,65,1.40029e+245
99,66,1.57108e+245
99,67,1.76255e+245
99,68,1.97718e+245
99,69,2.21772e+245
99,70,2.48726e+245
99,71,2.78923e+245
99,72,3.12745e+245
99,73,3.50618e+245
99,74,3.93016e+245
99,75,4.40466e+245
99,76,4.93552e+245
99,77,5.52924e+245
99,78,6.19302e+245
99,79,6.93482e+245
99,80,7.76346e+245
99,81,8.68865e+245
99,82,9.72112e+245
99,83,1.08727e+246
99,84,1.21562e+246
99,85,1.35861e+246
99,86,1.51776e+246
99,87,1.69479e+246
99,88,1.89154e+246
99,89,2.10999e+246
99,90,2.35232e+246
99,91,2.62084e+246
99,92,2.91805e+246
99,93,3.2466e+246
99,94,3.60929e+246
99,95,4.00911e+246
99,96,4.44913e+246
99,97,4.93256e+246
99,98,5.46269e+246
99,99,6.04284e+246
99,100,6.67631e+246
99,101,7.36632e+246
99,102,8.11593e+246
99,103,8.92796e+246
99,104,9.80483e+246
99,105,1.07485e+247
99,106,1.17602e+247
99,107,1.28406e+247
99,108,1.39889e+247
99,109,1.52037e+247
99,110,1.64818e+247
99,111,1.78185e+247
99,112,1.92075e+247
99,113,2.06403e+247
99,114,2.21067e+247
99,115,2.35939e+247
99,116,2.50872e+247
99,117,2.65699e+247
99,118,2.8023e+247
99,119,2.94261e+247
99,120,3.07576e+247
99,121,3.19951e+247
99,122,3.3116e+247
99,123,3.40986e+247
99,124,3.49224e+247
99,125,3.55701e+247
99,126,3.60228e+247
99,127,3.6285e+247
99,128,3.6285e+247
100,0,1.64528e+242
100,1,1.64528e+242
100,2,1.68285e+242
100,3,1.7367e+242
100,4,1.81287e+242
100,5,1.91107e+242
100,6,2.03305e+242
100,7,2.18031e+242
100,8,2.35494e+242
100,9,2.55926e+242
100,10,2.79605e+242
100,11,3.06849e+242
100,12,3.38026e+242
100,13,3.73556e+242
100,14,4.13915e+242
100,15,4.59646e+242
100,16,5.11364e+242
100,17,5.69762e+242
100,18,6.35626e+242
100,19,7.0984e+242
100,20,7.93401e+242
100,21,8.87431e+242
100,22,9.93195e+242
100,23,1.11211e+243
100,24,1.24579e+243
100,25,1.39602e+243
100,26,1.56482e+243
100,27,1.75447e+243
100,28,1.96752e+243
100,29,2.20685e+243
100,30,2.47568e+243
100,31,2.77764e+243
100,32,3.11679e+243
100,33,3.49773e+243
100,34,3.92559e+243
100,35,4.40614e+243
100,36,4.9459e+243
100,37,5.55214e+243
100,38,6.23306e+243
100,39,6.99788e+243
100,40,7.85694e+243
100,41,8.82185e+243
100,42,9.90568e+243
100,43,1.11231e+244
100,44,1.24906e+244
100,45,1.40266e+244
100,46,1.5752e+244
100,47,1.76901e+244
100,48,1.98671e+244
100,49,2.23125e+244
100,50,2.50593e+244
100,51,2.81447e+244
100,52,3.16104e+244
100,53,3.55032e+244
100,54,3.98756e+244
100,55,4.47867e+244
100,56,5.03025e+244
100,57,5.64975e+244
100,58,6.34549e+244
100,59,7.12682e+244
100,60,8.00423e+244
100,61,8.98947e+244
100,62,1.00957e+245
100,63,1.13377e+245
100,64,1.27321e+245
100,65,1.42972e+245
100,66,1.6054e+245
100,67,1.80256e+245
100,68,2.0238e+245
100,69,2.27203e+245
100,70,2.55049e+245
100,71,2.86281e+245
100,72,3.21304e+245
100,73,3.6057e+245
100,74,4.04584e+245
100,75,4.53906e+245
100,76,5.09162e+245
100,77,5.71048e+245
100,78,6.40336e+245
100,79,7.17883e+245
100,80,8.04641e+245
100,81,9.01663e+245
100,82,1.01011e+246
100,83,1.13128e+246
100,84,1.26657e+246
100,85,1.41755e+246
100,86,1.58593e+246
100,87,1.77358e+246
100,88,1.98254e+246
100,89,2.21505e+246
100,90,2.47352e+246
100,91,2.76057e+246
100,92,3.07902e+246
100,93,3.43187e+246
100,94,3.82237e+246
100,95,4.25392e+246
100,96,4.73011e+246
100,97,5.2547e+246
100,98,5.83157e+246
100,99,6.46468e+246
100,100,7.15803e+246
100,101,7.91558e+246
100,102,8.74116e+246
100,103,9.63836e+246
100,104,1.06104e+247
100,105,1.16601e+247
100,106,1.27894e+247
100,107,1.39996e+247
100,108,1.52907e+247
100,109,1.66614e+247
100,110,1.8109e+247
100,111,1.96287e+247
100,112,2.12139e+247
100,113,2.28554e+247
100,114,2.45416e+247
100,115,2.62582e+247
100,116,2.79883e+247
100,117,2.97122e+247
100,118,3.14076e+247
100,119,3.30502e+247
100,120,3.46138e+247
100,121,3.60712e+247
100,122,3.73948e+247
100,123,3.85579e+247
100,124,3.95348e+247
100,125,4.03042e+247
100,126,4.08426e+247
100,127,4.11546e+247
100,128,4.11546e+247
101,0,1.63048e+242
101,1,1.63048e+242
101,2,1.66784e+242
101,3,1.72143e+242
101,4,1.79724e+242
101,5,1.89502e+242
101,6,2.01647e+242
101,7,2.16314e+242
101,8,2.33708e+242
101,9,2.54064e+242
101,10,2.7766e+242
101,11,3.04814e+242
101,12,3.35894e+242
101,13,3.71322e+242
101,14,4.11575e+242
101,15,4.57198e+242
101,16,5.08806e+242
101,17,5.67098e+242
101,18,6.3286e+242
101,19,7.06981e+242
101,20,7.90462e+242
101,21,8.84432e+242
101,22,9.90162e+242
101,23,1.10908e+243
101,24,1.2428e+243
101,25,1.39314e+243
101,26,1.56212e+243
101,27,1.75204e+243
101,28,1.96547e+243
101,29,2.20532e+243
101,30,2.47484e+243
101,31,2.77769e+243
101,32,3.118e+243
101,33,3.50038e+243
101,34,3.93004e+243
101,35,4.41285e+243
101,36,4.95536e+243
101,37,5.56499e+243
101,38,6.25003e+243
101,39,7.01985e+243
101,40,7.88495e+243
101,41,8.85714e+243
101,42,9.94971e+243
101,43,1.11776e+244
101,44,1.25576e+244
101,45,1.41085e+244
101,46,1.58516e+244
101,47,1.78107e+244
101,48,2.00127e+244
101,49,2.24877e+244
101,50,2.52695e+244
101,51,2.83962e+244
101,52,3.19106e+244
101,53,3.58608e+244
101,54,4.03008e+244
101,55,4.52913e+244
101,56,5.09006e+244
101,57,5.72053e+244
101,58,6.42914e+244
101,59,7.22557e+244
101,60,8.12066e+244
101,61,9.12661e+244
101,62,1.02571e+245
101,63,1.15275e+245
101,64,1.2955e+245
101,65,1.45589e+245
101,66,1.63609e+245
101,67,1.83854e+245
101,68,2.06595e+245
101,69,2.32137e+245
101,70,2.60821e+245
101,71,2.93031e+245
101,72,3.29193e+245
101,73,3.69786e+245
101,74,4.15344e+245
101,75,4.66463e+245
101,76,5.2381e+245
101,77,5.88126e+245
101,78,6.60238e+245
101,79,7.41066e+245
101,80,8.31633e+245
101,81,9.33076e+245
101,82,1.04665e+246
101,83,1.17376e+246
101,84,1.31594e+246
101,85,1.4749e+246
101,86,1.65251e+246
101,87,1.85083e+246
101,88,2.07213e+246
101,89,2.31888e+246
101,90,2.59377e+246
101,91,2.89974e+246
101,92,3.23997e+246
101,93,3.61788e+246
101,94,4.03713e+246
101,95,4.50166e+246
101,96,5.01562e+246
101,97,5.58337e+246
101,98,6.20949e+246
101,99,6.89868e+246
101,100,7.65575e+246
101,101,8.48552e+246
101,102,9.39274e+246
101,103,1.0382e+247
101,104,1.14574e+247
101,105,1.26229e+247
101,106,1.38813e+247
101,107,1.52348e+247
101,108,1.66843e+247
101,109,1.82292e+247
101,110,1.98672e+247
101,111,2.15937e+247
101,112,2.34018e+247
101,113,2.52817e+247
101,114,2.72207e+247
101,115,2.92026e+247
101,116,3.1208e+247
101,117,3.32139e+247
101,118,3.51942e+247
101,119,3.71197e+247
101,120,3.89589e+247
101,121,4.06786e+247
101,122,4.2245e+247
101,123,4.36249e+247
101,124,4.47865e+247
101,125,4.57029e+247
101,126,4.63452e+247
101,127,4.67177e+247
101,128,4.67177e+247
102,0,1.61243e+242
102,1,1.61243e+242
102,2,1.6495e+242
102,3,1.70271e+242
102,4,1.778e+242
102,5,1.87512e+242
102,6,1.99578e+242
102,7,2.14152e+242
102,8,2.31439e+242
102,9,2.51673e+242
102,10,2.75131e+242
102,11,3.02133e+242
102,12,3.33046e+242
102,13,3.6829e+242
102,14,4.08345e+242
102,15,4.53754e+242
102,16,5.05133e+242
102,17,5.63182e+242
102,18,6.28687e+242
102,19,7.0254e+242
102,20,7.85745e+242
102,21,8.79431e+242
102,22,9.84876e+242
102,23,1.10351e+243
102,24,1.23696e+243
102,25,1.38703e+243
102,26,1.55578e+243
102,27,1.74551e+243
102,28,1.9588e+243
102,29,2.19859e+243
102,30,2.46813e+243
102,31,2.77113e+243
102,32,3.11174e+243
102,33,3.49461e+243
102,34,3.92501e+243
102,35,4.40885e+243
102,36,4.95276e+243
102,37,5.56423e+243
102,38,6.25167e+243
102,39,7.02453e+243
102,40,7.89347e+243
102,41,8.87045e+243
102,42,9.96896e+243
102,43,1.12042e+244
102,44,1.25931e+244
102,45,1.41549e+244
102,46,1.59113e+244
102,47,1.78864e+244
102,48,2.01077e+244
102,49,2.26058e+244
102,50,2.54154e+244
102,51,2.85753e+244
102,52,3.21294e+244
102,53,3.61268e+244
102,54,4.0623e+244
102,55,4.56802e+244
102,56,5.13685e+244
102,57,5.77668e+244
102,58,6.49637e+244
102,59,7.30587e+244
102,60,8.2164e+244
102,61,9.24055e+244
102,62,1.03925e+245
102,63,1.16881e+245
102,64,1.31453e+245
102,65,1.47841e+245
102,66,1.66272e+245
102,67,1.86997e+245
102,68,2.10302e+245
102,69,2.36506e+245
102,70,2.65966e+245
102,71,2.99084e+245
102,72,3.36309e+245
102,73,3.78146e+245
102,74,4.25158e+245
102,75,4.77978e+245
102,76,5.3731e+245
102,77,6.03945e+245
102,78,6.78764e+245
102,79,7.62751e+245
102,80,8.57001e+245
102,81,9.62735e+245
102,82,1.08131e+246
102,83,1.21424e+246
102,84,1.36319e+246
102,85,1.53002e+246
102,86,1.71678e+246
102,87,1.92573e+246
102,88,2.15936e+246
102,89,2.42041e+246
102,90,2.71187e+246
102,91,3.03701e+246
102,92,3.39941e+246
102,93,3.80292e+246
102,94,4.25172e+246
102,95,4.75028e+246
102,96,5.3034e+246
102,97,5.91613e+246
102,98,6.59381e+246
102,99,7.34202e+246
102,100,8.16649e+246
102,101,9.07306e+246
102,102,1.00676e+247
102,103,1.11557e+247
102,104,1.23429e+247
102,105,1.36342e+247
102,106,1.50338e+247
102,107,1.6545e+247
102,108,1.81698e+247
102,109,1.99086e+247
102,110,2.17599e+247
102,111,2.37195e+247
102,112,2.57804e+247
102,113,2.79325e+247
102,114,3.01618e+247
102,115,3.24503e+247
102,116,3.47757e+247
102,117,3.71116e+247
102,118,3.9427e+247
102,119,4.16872e+247
102,120,4.38541e+247
102,121,4.58873e+247
102,122,4.77452e+247
102,123,4.93866e+247
102,124,5.07717e+247
102,125,5.18666e+247
102,126,5.26351e+247
102,127,5.30813e+247
102,128,5.30813e+247
103,0,1.59107e+242
103,1,1.59107e+242
103,2,1.62776e+242
103,3,1.68047e+242
103,4,1.75507e+242
103,5,1.85131e+242
103,6,1.9709e+242
103,7,2.11537e+242
103,8,2.28676e+242
103,9,2.48741e+242
103,10,2.72007e+242
103,11,2.98793e+242
103,12,3.29465e+242
103,13,3.64442e+242
103,14,4.04202e+242
103,15,4.49288e+242
103,16,5.00314e+242
103,17,5.57979e+242
103,18,6.23069e+242
103,19,6.96474e+242
103,20,7.79197e+242
103,21,8.72369e+242
103,22,9.77266e+242
103,23,1.09532e+243
103,24,1.22816e+243
103,25,1.3776e+243
103,26,1.54569e+243
103,27,1.73474e+243
103,28,1.94735e+243
103,29,2.18645e+243
103,30,2.45533e+243
103,31,2.75769e+243
103,32,3.09771e+243
103,33,3.48009e+243
103,34,3.9101e+243
103,35,4.39369e+243
103,36,4.93756e+243
103,37,5.54925e+243
103,38,6.23725e+243
103,39,7.01109e+243
103,40,7.88153e+243
103,41,8.86068e+243
103,42,9.96216e+243
103,43,1.12013e+244
103,44,1.25954e+244
103,45,1.41639e+244
103,46,1.59287e+244
103,47,1.79144e+244
103,48,2.01489e+244
103,49,2.26633e+244
103,50,2.54929e+244
103,51,2.86773e+244
103,52,3.22612e+244
103,53,3.62948e+244
103,54,4.08346e+244
103,55,4.59445e+244
103,56,5.16962e+244
103,57,5.81704e+244
103,58,6.54581e+244
103,59,7.36617e+244
103,60,8.28964e+244
103,61,9.3292e+244
103,62,1.04994e+245
103,63,1.18168e+245
103,64,1.32997e+245
103,65,1.49691e+245
103,66,1.68482e+245
103,67,1.89635e+245
103,68,2.13444e+245
103,69,2.40243e+245
103,70,2.70404e+245
103,71,3.04348e+245
103,72,3.42546e+245
103,73,3.85526e+245
103,74,4.33884e+245
103,75,4.88284e+245
103,76,5.49473e+245
103,77,6.18286e+245
103,78,6.95661e+245
103,79,7.82643e+245
103,80,8.80403e+245
103,81,9.90248e+245
103,82,1.11364e+246
103,83,1.25219e+246
103,84,1.40772e+246
103,85,1.58224e+246
103,86,1.77797e+246
103,87,1.99739e+246
103,88,2.24322e+246
103,89,2.51848e+246
103,90,2.82649e+246
103,91,3.17088e+246
103,92,3.55564e+246
103,93,3.98511e+246
103,94,4.46399e+246
103,95,4.9974e+246
103,96,5.59079e+246
103,97,6.25003e+246
103,98,6.98133e+246
103,99,7.79122e+246
103,100,8.68651e+246
103,101,9.67423e+246
103,102,1.07615e+247
103,103,1.19553e+247
103,104,1.32627e+247
103,105,1.46901e+247
103,106,1.62434e+247
103,107,1.79273e+247
103,108,1.97454e+247
103,109,2.16994e+247
103,110,2.37888e+247
103,111,2.60104e+247
103,112,2.83575e+247
103,113,3.08196e+247
103,114,3.33818e+247
103,115,3.60242e+247
103,116,3.87217e+247
103,117,4.14434e+247
103,118,4.41533e+247
103,119,4.68099e+247
103,120,4.93673e+247
103,121,5.17762e+247
103,122,5.39852e+247
103,123,5.59429e+247
103,124,5.75995e+247
103,125,5.8912e+247
103,126,5.98348e+247
103,127,6.03712e+247
103,128,6.03712e+247
104,0,1.56635e+242
104,1,1.56635e+242
104,2,1.60259e+242
104,3,1.65467e+242
104,4,1.72839e+242
104,5,1.82353e+242
104,6,1.94177e+242
104,7,2.08462e+242
104,8,2.25412e+242
104,9,2.45258e+242
104,10,2.68276e+242
104,11,2.9478e+242
104,12,3.25136e+242
104,13,3.5976e+242
104,14,3.99127e+242
104,15,4.43777e+242
104,16,4.94324e+242
104,17,5.5146e+242
104,18,6.1597e+242
104,19,6.88741e+242
104,20,7.70771e+242
104,21,8.6319e+242
104,22,9.6727e+242
104,23,1.08444e+243
104,24,1.21633e+243
104,25,1.36474e+243
104,26,1.53173e+243
104,27,1.7196e+243
104,28,1.93097e+243
104,29,2.16874e+243
104,30,2.43623e+243
104,31,2.73714e+243
104,32,3.07566e+243
104,33,3.45648e+243
104,34,3.88492e+243
104,35,4.36694e+243
104,36,4.90927e+243
104,37,5.51948e+243
104,38,6.2061e+243
104,39,6.97875e+243
104,40,7.84824e+243
104,41,8.82677e+243
104,42,9.92808e+243
104,43,1.11677e+244
104,44,1.25629e+244
104,45,1.41335e+244
104,46,1.59017e+244
104,47,1.78922e+244
104,48,2.01333e+244
104,49,2.26567e+244
104,50,2.5498e+244
104,51,2.86975e+244
104,52,3.23006e+244
104,53,3.63585e+244
104,54,4.09286e+244
104,55,4.6076e+244
104,56,5.18739e+244
104,57,5.84048e+244
104,58,6.57617e+244
104,59,7.40494e+244
104,60,8.33861e+244
104,61,9.39048e+244
104,62,1.05756e+245
104,63,1.19108e+245
104,64,1.34151e+245
104,65,1.51101e+245
104,66,1.70198e+245
104,67,1.91716e+245
104,68,2.15961e+245
104,69,2.43277e+245
104,70,2.74054e+245
104,71,3.08729e+245
104,72,3.47794e+245
104,73,3.91802e+245
104,74,4.41375e+245
104,75,4.97213e+245
104,76,5.60101e+245
104,77,6.30921e+245
104,78,7.10663e+245
104,79,8.00437e+245
104,80,9.01486e+245
104,81,1.0152e+246
104,82,1.14315e+246
104,83,1.28707e+246
104,84,1.4489e+246
104,85,1.63081e+246
104,86,1.83522e+246
104,87,2.06482e+246
104,88,2.32258e+246
104,89,2.61182e+246
104,90,2.93618e+246
104,91,3.29968e+246
104,92,3.70676e+246
104,93,4.16227e+246
104,94,4.67151e+246
104,95,5.24024e+246
104,96,5.87471e+246
104,97,6.58164e+246
104,98,7.36821e+246
104,99,8.24206e+246
104,100,9.21123e+246
104,101,1.02841e+247
104,102,1.14692e+247
104,103,1.27754e+247
104,104,1.42112e+247
104,105,1.5785e+247
104,106,1.75046e+247
104,107,1.93768e+247
104,108,2.14069e+247
104,109,2.35987e+247
104,110,2.59531e+247
104,111,2.84682e+247
104,112,3.11383e+247
104,113,3.39528e+247
104,114,3.68961e+247
104,115,3.99466e+247
104,116,4.30759e+247
104,117,4.6249e+247
104,118,4.94235e+247
104,119,5.25502e+247
104,120,5.55737e+247
104,121,5.84339e+247
104,122,6.1067e+247
104,123,6.3409e+247
104,124,6.53969e+247
104,125,6.69761e+247
104,126,6.80883e+247
104,127,6.87358e+247
104,128,6.87358e+247
105,0,1.53824e+242
105,1,1.53824e+242
105,2,1.57393e+242
105,3,1.62526e+242
105,4,1.69793e+242
105,5,1.79173e+242
105,6,1.90831e+242
105,7,2.04919e+242
105,8,2.21638e+242
105,9,2.41217e+242
105,10,2.63928e+242
105,11,2.90084e+242
105,12,3.20047e+242
105,13,3.5423e+242
105,14,3.93103e+242
105,15,4.37204e+242
105,16,4.8714e+242
105,17,5.43599e+242
105,18,6.07361e+242
105,19,6.79306e+242
105,20,7.60428e+242
105,21,8.51849e+242
105,22,9.54833e+242
105,23,1.07081e+243
105,24,1.20138e+243
105,25,1.34836e+243
105,26,1.5138e+243
105,27,1.69998e+243
105,28,1.90951e+243
105,29,2.14531e+243
105,30,2.41066e+243
105,31,2.70927e+243
105,32,3.04532e+243
105,33,3.42351e+243
105,34,3.84915e+243
105,35,4.32821e+243
105,36,4.86743e+243
105,37,5.47438e+243
105,38,6.15763e+243
105,39,6.9268e+243
105,40,7.79277e+243
105,41,8.76778e+243
105,42,9.86564e+243
105,43,1.11019e+244
105,44,1.24941e+244
105,45,1.40621e+244
105,46,1.58281e+244
105,47,1.78174e+244
105,48,2.00583e+244
105,49,2.25828e+244
105,50,2.5427e+244
105,51,2.86317e+244
105,52,3.22427e+244
105,53,3.6312e+244
105,54,4.0898e+244
105,55,4.60666e+244
105,56,5.18924e+244
105,57,5.84592e+244
105,58,6.58618e+244
105,59,7.42071e+244
105,60,8.36158e+244
105,61,9.4224e+244
105,62,1.06185e+245
105,63,1.19673e+245
105,64,1.34882e+245
105,65,1.52034e+245
105,66,1.71377e+245
105,67,1.93191e+245
105,68,2.17794e+245
105,69,2.45543e+245
105,70,2.76839e+245
105,71,3.12136e+245
105,72,3.51947e+245
105,73,3.96847e+245
105,74,4.47486e+245
105,75,5.04595e+245
105,76,5.68997e+245
105,77,6.41619e+245
105,78,7.23502e+245
105,79,8.15819e+245
105,80,9.19886e+245
105,81,1.03718e+246
105,82,1.16936e+246
105,83,1.31829e+246
105,84,1.48605e+246
105,85,1.67497e+246
105,86,1.88765e+246
105,87,2.127e+246
105,88,2.39627e+246
105,89,2.69904e+246
105,90,3.03934e+246
105,91,3.42158e+246
105,92,3.85067e+246
105,93,4.33201e+246
105,94,4.87153e+246
105,95,5.47572e+246
105,96,6.15164e+246
105,97,6.90699e+246
105,98,7.75001e+246
105,99,8.68959e+246
105,100,9.73514e+246
105,101,1.08966e+247
105,102,1.21843e+247
105,103,1.36088e+247
105,104,1.51809e+247
105,105,1.69112e+247
105,106,1.88098e+247
105,107,2.08859e+247
105,108,2.31475e+247
105,109,2.56007e+247
105,110,2.82487e+247
105,111,3.10914e+247
105,112,3.41246e+247
105,113,3.73384e+247
105,114,4.0717e+247
105,115,4.42371e+247
105,116,4.78676e+247
105,117,5.15683e+247
105,118,5.52902e+247
105,119,5.8975e+247
105,120,6.25561e+247
105,121,6.59598e+247
105,122,6.91074e+247
105,123,7.19182e+247
105,124,7.43124e+247
105,125,7.62199e+247
105,126,7.75665e+247
105,127,7.83516e+247
105,128,7.83516e+247
106,0,1.50671e+242
106,1,1.50671e+242
106,2,1.54177e+242
106,3,1.59222e+242
106,4,1.66365e+242
106,5,1.75587e+242
106,6,1.87051e+242
106,7,2.00906e+242
106,8,2.17351e+242
106,9,2.36611e+242
106,10,2.58957e+242
106,11,2.84697e+242
106,12,3.14189e+242
106,13,3.47841e+242
106,14,3.86118e+242
106,15,4.29552e+242
106,16,4.78744e+242
106,17,5.34375e+242
106,18,5.97217e+242
106,19,6.68142e+242
106,20,7.48134e+242
106,21,8.38306e+242
106,22,9.39911e+242
106,23,1.05436e+243
106,24,1.18326e+243
106,25,1.3284e+243
106,26,1.49181e+243
106,27,1.67577e+243
106,28,1.88287e+243
106,29,2.11601e+243
106,30,2.37845e+243
106,31,2.67389e+243
106,32,3.00649e+243
106,33,3.38093e+243
106,34,3.80251e+243
106,35,4.27718e+243
106,36,4.81165e+243
106,37,5.41351e+243
106,38,6.09129e+243
106,39,6.85464e+243
106,40,7.71441e+243
106,41,8.68286e+243
106,42,9.77382e+243
106,43,1.10029e+244
106,44,1.23877e+244
106,45,1.3948e+244
106,46,1.57063e+244
106,47,1.76879e+244
106,48,1.99213e+244
106,49,2.24387e+244
106,50,2.52765e+244
106,51,2.84757e+244
106,52,3.20828e+244
106,53,3.615e+244
106,54,4.07365e+244
106,55,4.5909e+244
106,56,5.17429e+244
106,57,5.83233e+244
106,58,6.57464e+244
106,59,7.41209e+244
106,60,8.35694e+244
106,61,9.42306e+244
106,62,1.06261e+245
106,63,1.19838e+245
106,64,1.3516e+245
106,65,1.52454e+245
106,66,1.71975e+245
106,67,1.94011e+245
106,68,2.18887e+245
106,69,2.46972e+245
106,70,2.78679e+245
106,71,3.14478e+245
106,72,3.54898e+245
106,73,4.00538e+245
106,74,4.52071e+245
106,75,5.10259e+245
106,76,5.75961e+245
106,77,6.50146e+245
106,78,7.33906e+245
106,79,8.28472e+245
106,80,9.3523e+245
106,81,1.05574e+246
106,82,1.19177e+246
106,83,1.34528e+246
106,84,1.51849e+246
106,85,1.71391e+246
106,86,1.93431e+246
106,87,2.18284e+246
106,88,2.463e+246
106,89,2.77868e+246
106,90,3.13427e+246
106,91,3.53461e+246
106,92,3.9851e+246
106,93,4.49171e+246
106,94,5.06103e+246
106,95,5.70035e+246
106,96,6.41762e+246
106,97,7.22155e+246
106,98,8.12161e+246
106,99,9.12803e+246
106,100,1.02518e+247
106,101,1.15045e+247
106,102,1.28986e+247
106,103,1.44469e+247
106,104,1.61625e+247
106,105,1.80587e+247
106,106,2.01485e+247
106,107,2.24442e+247
106,108,2.49569e+247
106,109,2.76958e+247
106,110,3.06673e+247
106,111,3.3874e+247
106,112,3.73138e+247
106,113,4.09785e+247
106,114,4.48528e+247
106,115,4.89123e+247
106,116,5.31231e+247
106,117,5.74404e+247
106,118,6.18074e+247
106,119,6.61557e+247
106,120,7.04051e+247
106,121,7.44656e+247
106,122,7.82395e+247
106,123,8.1625e+247
106,124,8.45205e+247
106,125,8.68351e+247
106,126,8.84733e+247
106,127,8.94301e+247
106,128,8.94301e+247
107,0,1.47175e+242
107,1,1.47175e+242
107,2,1.50608e+242
107,3,1.55552e+242
107,4,1.62554e+242
107,5,1.71594e+242
107,6,1.82833e+242
107,7,1.96418e+242
107,8,2.12545e+242
107,9,2.31437e+242
107,10,2.53358e+242
107,11,2.78613e+242
107,12,3.07555e+242
107,13,3.40585e+242
107,14,3.78163e+242
107,15,4.20811e+242
107,16,4.69124e+242
107,17,5.23774e+242
107,18,5.85521e+242
107,19,6.55227e+242
107,20,7.33865e+242
107,21,8.22532e+242
107,22,9.22468e+242
107,23,1.03507e+243
107,24,1.16192e+243
107,25,1.3048e+243
107,26,1.4657e+243
107,27,1.6469e+243
107,28,1.85095e+243
107,29,2.08073e+243
107,30,2.33948e+243
107,31,2.63085e+243
107,32,2.95899e+243
107,33,3.32854e+243
107,34,3.74475e+243
107,35,4.21354e+243
107,36,4.7416e+243
107,37,5.33646e+243
107,38,6.00663e+243
107,39,6.7617e+243
107,40,7.6125e+243
107,41,8.57126e+243
107,42,9.65177e+243
107,43,1.08696e+244
107,44,1.22423e+244
107,45,1.37898e+244
107,46,1.55345e+244
107,47,1.75017e+244
107,48,1.972e+244
107,49,2.22217e+244
107,50,2.50433e+244
107,51,2.8226e+244
107,52,3.18165e+244
107,53,3.58674e+244
107,54,4.04381e+244
107,55,4.55961e+244
107,56,5.14173e+244
107,57,5.79878e+244
107,58,6.54046e+244
107,59,7.37779e+244
107,60,8.32317e+244
107,61,9.39068e+244
107,62,1.05962e+245
107,63,1.19578e+245
107,64,1.34956e+245
107,65,1.52329e+245
107,66,1.71955e+245
107,67,1.9413e+245
107,68,2.19186e+245
107,69,2.47501e+245
107,70,2.795e+245
107,71,3.15666e+245
107,72,3.56544e+245
107,73,4.02752e+245
107,74,4.54987e+245
107,75,5.14038e+245
107,76,5.80797e+245
107,77,6.56272e+245
107,78,7.41602e+245
107,79,8.38075e+245
107,80,9.47145e+245
107,81,1.07045e+246
107,82,1.20985e+246
107,83,1.36742e+246
107,84,1.54552e+246
107,85,1.7468e+246
107,86,1.97424e+246
107,87,2.2312e+246
107,88,2.52144e+246
107,89,2.84919e+246
107,90,3.21916e+246
107,91,3.63666e+246
107,92,4.10758e+246
107,93,4.6385e+246
107,94,5.23671e+246
107,95,5.91031e+246
107,96,6.66822e+246
107,97,7.52027e+246
107,98,8.47721e+246
107,99,9.55077e+246
107,100,1.07537e+247
107,101,1.20995e+247
107,102,1.36029e+247
107,103,1.52792e+247
107,104,1.71445e+247
107,105,1.9215e+247
107,106,2.15074e+247
107,107,2.40377e+247
107,108,2.68207e+247
107,109,2.98699e+247
107,110,3.31955e+247
107,111,3.68042e+247
107,112,4.06972e+247
107,113,4.48689e+247
107,114,4.93055e+247
107,115,5.39828e+247
107,116,5.88648e+247
107,117,6.39018e+247
107,118,6.90293e+247
107,119,7.41671e+247
107,120,7.92195e+247
107,121,8.40764e+247
107,122,8.86161e+247
107,123,9.27101e+247
107,124,9.62277e+247
107,125,9.90507e+247
107,126,1.01054e+248
107,127,1.02227e+248
107,128,1.02227e+248
108,0,1.43335e+242
108,1,1.43335e+242
108,2,1.46688e+242
108,3,1.51517e+242
108,4,1.58358e+242
108,5,1.67192e+242
108,6,1.78176e+242
108,7,1.91456e+242
108,8,2.07222e+242
108,9,2.25693e+242
108,10,2.47129e+242
108,11,2.7183e+242
108,12,3.00141e+242
108,13,3.32458e+242
108,14,3.69231e+242
108,15,4.10974e+242
108,16,4.58272e+242
108,17,5.11784e+242
108,18,5.7226e+242
108,19,6.40547e+242
108,20,7.17602e+242
108,21,8.04506e+242
108,22,9.02479e+242
108,23,1.0129e+243
108,24,1.13732e+243
108,25,1.27751e+243
108,26,1.43542e+243
108,27,1.61331e+243
108,28,1.81369e+243
108,29,2.0394e+243
108,30,2.29364e+243
108,31,2.58004e+243
108,32,2.90268e+243
108,33,3.26615e+243
108,34,3.67566e+243
108,35,4.13707e+243
108,36,4.657e+243
108,37,5.24292e+243
108,38,5.90326e+243
108,39,6.64755e+243
108,40,7.48654e+243
108,41,8.43236e+243
108,42,9.49874e+243
108,43,1.07012e+244
108,44,1.20571e+244
108,45,1.35864e+244
108,46,1.53114e+244
108,47,1.72572e+244
108,48,1.94525e+244
108,49,2.19295e+244
108,50,2.47247e+244
108,51,2.78794e+244
108,52,3.14401e+244
108,53,3.54597e+244
108,54,3.99979e+244
108,55,4.5122e+244
108,56,5.09086e+244
108,57,5.74442e+244
108,58,6.48264e+244
108,59,7.31662e+244
108,60,8.25889e+244
108,61,9.32363e+244
108,62,1.05269e+245
108,63,1.1887e+245
108,64,1.34244e+245
108,65,1.51626e+245
108,66,1.71279e+245
108,67,1.93503e+245
108,68,2.18638e+245
108,69,2.47069e+245
108,70,2.7923e+245
108,71,3.15616e+245
108,72,3.56785e+245
108,73,4.03373e+245
108,74,4.56096e+245
108,75,5.15768e+245
108,76,5.83311e+245
108,77,6.59769e+245
108,78,7.46324e+245
108,79,8.44316e+245
108,80,9.55258e+245
108,81,1.08087e+246
108,82,1.22309e+246
108,83,1.38411e+246
108,84,1.56641e+246
108,85,1.7728e+246
108,86,2.00645e+246
108,87,2.27092e+246
108,88,2.57024e+246
108,89,2.90894e+246
108,90,3.29212e+246
108,91,3.7255e+246
108,92,4.21552e+246
108,93,4.76934e+246
108,94,5.39501e+246
108,95,6.10147e+246
108,96,6.89865e+246
108,97,7.79756e+246
108,98,8.81036e+246
108,99,9.95038e+246
108,100,1.12322e+247
108,101,1.26717e+247
108,102,1.4286e+247
108,103,1.60933e+247
108,104,1.81128e+247
108,105,2.03648e+247
108,106,2.28697e+247
108,107,2.56481e+247
108,108,2.87198e+247
108,109,3.21031e+247
108,110,3.58137e+247
108,111,3.98634e+247
108,112,4.42583e+247
108,113,4.89971e+247
108,114,5.40691e+247
108,115,5.94517e+247
108,116,6.51079e+247
108,117,7.09842e+247
108,118,7.70081e+247
108,119,8.30868e+247
108,120,8.91062e+247
108,121,9.49321e+247
108,122,1.00413e+248
108,123,1.05385e+248
108,124,1.0968e+248
108,125,1.13143e+248
108,126,1.15609e+248
108,127,1.17056e+248
108,128,1.17056e+248
109,0,1.39153e+242
109,1,1.39153e+242
109,2,1.42415e+242
109,3,1.47117e+242
109,4,1.53779e+242
109,5,1.62383e+242
109,6,1.73082e+242
109,7,1.86019e+242
109,8,2.0138e+242
109,9,2.19379e+242
109,10,2.40271e+242
109,11,2.64348e+242
109,12,2.91948e+242
109,13,3.23459e+242
109,14,3.59322e+242
109,15,4.0004e+242
109,16,4.46184e+242
109,17,4.98403e+242
109,18,5.5743e+242
109,19,6.24096e+242
109,20,6.99338e+242
109,21,7.84217e+242
109,22,8.79932e+242
109,23,9.87834e+242
109,24,1.10945e+243
109,25,1.24651e+243
109,26,1.40094e+243
109,27,1.57496e+243
109,28,1.77103e+243
109,29,1.99195e+243
109,30,2.24088e+243
109,31,2.52138e+243
109,32,2.83746e+243
109,33,3.19367e+243
109,34,3.59512e+243
109,35,4.04761e+243
109,36,4.55766e+243
109,37,5.13265e+243
109,38,5.78091e+243
109,39,6.51185e+243
109,40,7.3361e+243
109,41,8.26568e+243
109,42,9.31417e+243
109,43,1.04969e+244
109,44,1.18312e+244
109,45,1.33368e+244
109,46,1.50357e+244
109,47,1.6953e+244
109,48,1.91172e+244
109,49,2.15603e+244
109,50,2.43186e+244
109,51,2.74332e+244
109,52,3.09505e+244
109,53,3.49233e+244
109,54,3.94111e+244
109,55,4.44813e+244
109,56,5.02105e+244
109,57,5.6685e+244
109,58,6.4003e+244
109,59,7.22756e+244
109,60,8.16285e+244
109,61,9.22046e+244
109,62,1.04166e+245
109,63,1.17695e+245
109,64,1.33e+245
109,65,1.50317e+245
109,66,1.69913e+245
109,67,1.92092e+245
109,68,2.17197e+245
109,69,2.4562e+245
109,70,2.77803e+245
109,71,3.14249e+245
109,72,3.55529e+245
109,73,4.0229e+245
109,74,4.55267e+245
109,75,5.15296e+245
109,76,5.83322e+245
109,77,6.60422e+245
109,78,7.47815e+245
109,79,8.46887e+245
109,80,9.5921e+245
109,81,1.08657e+246
109,82,1.23098e+246
109,83,1.39474e+246
109,84,1.58046e+246
109,85,1.79107e+246
109,86,2.02993e+246
109,87,2.3008e+246
109,88,2.60798e+246
109,89,2.95628e+246
109,90,3.35118e+246
109,91,3.79884e+246
109,92,4.30619e+246
109,93,4.88104e+246
109,94,5.53217e+246
109,95,6.26939e+246
109,96,7.1037e+246
109,97,8.04735e+246
109,98,9.11395e+246
109,99,1.03186e+247
109,100,1.16779e+247
109,101,1.32102e+247
109,102,1.49352e+247
109,103,1.68746e+247
109,104,1.90512e+247
109,105,2.14895e+247
109,106,2.42147e+247
109,107,2.72528e+247
109,108,3.06294e+247
109,109,3.43692e+247
109,110,3.84946e+247
109,111,4.30243e+247
109,112,4.79712e+247
109,113,5.33404e+247
109,114,5.91267e+247
109,115,6.53111e+247
109,116,7.1858e+247
109,117,7.87114e+247
109,118,8.57917e+247
109,119,9.29925e+247
109,120,1.00179e+248
109,121,1.07188e+248
109,122,1.13831e+248
109,123,1.19899e+248
109,124,1.25172e+248
109,125,1.29446e+248
109,126,1.32503e+248
109,127,1.34301e+248
109,128,1.34301e+248
110,0,1.34631e+242
110,1,1.34631e+242
110,2,1.37794e+242
110,3,1.42356e+242
110,4,1.4882e+242
110,5,1.57169e+242
110,6,1.67553e+242
110,7,1.8011e+242
110,8,1.95022e+242
110,9,2.12498e+242
110,10,2.32785e+242
110,11,2.56169e+242
110,12,2.82978e+242
110,13,3.13591e+242
110,14,3.48438e+242
110,15,3.8801e+242
110,16,4.32864e+242
110,17,4.83633e+242
110,18,5.41032e+242
110,19,6.05873e+242
110,20,6.79072e+242
110,21,7.61665e+242
110,22,8.54824e+242
110,23,9.59869e+242
110,24,1.0783e+243
110,25,1.21179e+243
110,26,1.36225e+243
110,27,1.53183e+243
110,28,1.72296e+243
110,29,1.93837e+243
110,30,2.18116e+243
110,31,2.45481e+243
110,32,2.76328e+243
110,33,3.11101e+243
110,34,3.50304e+243
110,35,3.94504e+243
110,36,4.44344e+243
110,37,5.00548e+243
110,38,5.63937e+243
110,39,6.35435e+243
110,40,7.16091e+243
110,41,8.07087e+243
110,42,9.09763e+243
110,43,1.02563e+244
110,44,1.1564e+244
110,45,1.30401e+244
110,46,1.47066e+244
110,47,1.65881e+244
110,48,1.87128e+244
110,49,2.11125e+244
110,50,2.3823e+244
110,51,2.68852e+244
110,52,3.03451e+244
110,53,3.42551e+244
110,54,3.86742e+244
110,55,4.36697e+244
110,56,4.93176e+244
110,57,5.57041e+244
110,58,6.29269e+244
110,59,7.10971e+244
110,60,8.03402e+244
110,61,9.07991e+244
110,62,1.02636e+245
110,63,1.16034e+245
110,64,1.31202e+245
110,65,1.48376e+245
110,66,1.67827e+245
110,67,1.8986e+245
110,68,2.1482e+245
110,69,2.43104e+245
110,70,2.75159e+245
110,71,3.11494e+245
110,72,3.52689e+245
110,73,3.99401e+245
110,74,4.5238e+245
110,75,5.12476e+245
110,76,5.80657e+245
110,77,6.58025e+245
110,78,7.45831e+245
110,79,8.45501e+245
110,80,9.58653e+245
110,81,1.08713e+246
110,82,1.23303e+246
110,83,1.39874e+246
110,84,1.58696e+246
110,85,1.80078e+246
110,86,2.0437e+246
110,87,2.31969e+246
110,88,2.63327e+246
110,89,2.98957e+246
110,90,3.39439e+246
110,91,3.85431e+246
110,92,4.3768e+246
110,93,4.97028e+246
110,94,5.64424e+246
110,95,6.40942e+246
110,96,7.27787e+246
110,97,8.26313e+246
110,98,9.38036e+246
110,99,1.06465e+247
110,100,1.20803e+247
110,101,1.37026e+247
110,102,1.55364e+247
110,103,1.76066e+247
110,104,1.99405e+247
110,105,2.25673e+247
110,106,2.55177e+247
110,107,2.8824e+247
110,108,3.25188e+247
110,109,3.66346e+247
110,110,4.12023e+247
110,111,4.62494e+247
110,112,5.17983e+247
110,113,5.78632e+247
110,114,6.44473e+247
110,115,7.15388e+247
110,116,7.91066e+247
110,117,8.7095e+247
110,118,9.54189e+247
110,119,1.03959e+248
110,120,1.12557e+248
110,121,1.21016e+248
110,122,1.29099e+248
110,123,1.36542e+248
110,124,1.43057e+248
110,125,1.48369e+248
110,126,1.52186e+248
110,127,1.5444e+248
110,128,1.5444e+248
111,0,1.29772e+242
111,1,1.29772e+242
111,2,1.32829e+242
111,3,1.37237e+242
111,4,1.43484e+242
111,5,1.51555e+242
111,6,1.61594e+242
111,7,1.73735e+242
111,8,1.88155e+242
111,9,2.05056e+242
111,10,2.24678e+242
111,11,2.47299e+242
111,12,2.73238e+242
111,13,3.02861e+242
111,14,3.36587e+242
111,15,3.74893e+242
111,16,4.1832e+242
111,17,4.67482e+242
111,18,5.23076e+242
111,19,5.8589e+242
111,20,6.56815e+242
111,21,7.3686e+242
111,22,8.27165e+242
111,23,9.29015e+242
111,24,1.04387e+243
111,25,1.17336e+243
111,26,1.31935e+243
111,27,1.48393e+243
111,28,1.66948e+243
111,29,1.87865e+243
111,30,2.11447e+243
111,31,2.38035e+243
111,32,2.68013e+243
111,33,3.01817e+243
111,34,3.39939e+243
111,35,3.82934e+243
111,36,4.3143e+243
111,37,4.86136e+243
111,38,5.47855e+243
111,39,6.17495e+243
111,40,6.96081e+243
111,41,7.84775e+243
111,42,8.84888e+243
111,43,9.97907e+243
111,44,1.12551e+244
111,45,1.26961e+244
111,46,1.43235e+244
111,47,1.61618e+244
111,48,1.82385e+244
111,49,2.0585e+244
111,50,2.32367e+244
111,51,2.62339e+244
111,52,2.9622e+244
111,53,3.34526e+244
111,54,3.77845e+244
111,55,4.26838e+244
111,56,4.8226e+244
111,57,5.44965e+244
111,58,6.15924e+244
111,59,6.96236e+244
111,60,7.87153e+244
111,61,8.90095e+244
111,62,1.00667e+245
111,63,1.13872e+245
111,64,1.28832e+245
111,65,1.45784e+245
111,66,1.64996e+245
111,67,1.86776e+245
111,68,2.11471e+245
111,69,2.39477e+245
111,70,2.71245e+245
111,71,3.07288e+245
111,72,3.4819e+245
111,73,3.94617e+245
111,74,4.47325e+245
111,75,5.07179e+245
111,76,5.75161e+245
111,77,6.52392e+245
111,78,7.40148e+245
111,79,8.39887e+245
111,80,9.53268e+245
111,81,1.08218e+246
111,82,1.22879e+246
111,83,1.39555e+246
111,84,1.58526e+246
111,85,1.80113e+246
111,86,2.0468e+246
111,87,2.32643e+246
111,88,2.64474e+246
111,89,3.00714e+246
111,90,3.41975e+246
111,91,3.88958e+246
111,92,4.42454e+246
111,93,5.03368e+246
111,94,5.72721e+246
111,95,6.51675e+246
111,96,7.41544e+246
111,97,8.43809e+246
111,98,9.60145e+246
111,99,1.09243e+247
111,100,1.24278e+247
111,101,1.41355e+247
111,102,1.60735e+247
111,103,1.82708e+247
111,104,2.07591e+247
111,105,2.35731e+247
111,106,2.67498e+247
111,107,3.03286e+247
111,108,3.43505e+247
111,109,3.88574e+247
111,110,4.38906e+247
111,111,4.94892e+247
111,112,5.56878e+247
111,113,6.25135e+247
111,114,6.99823e+247
111,115,7.80939e+247
111,116,8.68262e+247
111,117,9.61286e+247
111,118,1.05914e+248
111,119,1.16051e+248
111,120,1.26358e+248
111,121,1.36598e+248
111,122,1.46477e+248
111,123,1.55656e+248
111,124,1.63757e+248
111,125,1.7041e+248
111,126,1.75216e+248
111,127,1.78067e+248
111,128,1.78067e+248
112,0,1.24584e+242
112,1,1.24584e+242
112,2,1.27523e+242
112,3,1.31765e+242
112,4,1.37778e+242
112,5,1.45547e+242
112,6,1.55211e+242
112,7,1.669e+242
112,8,1.80785e+242
112,9,1.9706e+242
112,10,2.15959e+242
112,11,2.37748e+242
112,12,2.62737e+242
112,13,2.91279e+242
112,14,3.2378e+242
112,15,3.60701e+242
112,16,4.02564e+242
112,17,4.49964e+242
112,18,5.03576e+242
112,19,5.64162e+242
112,20,6.32586e+242
112,21,7.09823e+242
112,22,7.96977e+242
112,23,8.95297e+242
112,24,1.00619e+243
112,25,1.13125e+243
112,26,1.27228e+243
112,27,1.4313e+243
112,28,1.61062e+243
112,29,1.81283e+243
112,30,2.04085e+243
112,31,2.29801e+243
112,32,2.58805e+243
112,33,2.91518e+243
112,34,3.28421e+243
112,35,3.70053e+243
112,36,4.17025e+243
112,37,4.7003e+243
112,38,5.29848e+243
112,39,5.97365e+243
112,40,6.7358e+243
112,41,7.59627e+243
112,42,8.56788e+243
112,43,9.66513e+243
112,44,1.09045e+244
112,45,1.23045e+244
112,46,1.38862e+244
112,47,1.56737e+244
112,48,1.76938e+244
112,49,1.99773e+244
112,50,2.2559e+244
112,51,2.54783e+244
112,52,2.87799e+244
112,53,3.25146e+244
112,54,3.674e+244
112,55,4.15213e+244
112,56,4.69329e+244
112,57,5.30589e+244
112,58,5.99951e+244
112,59,6.78501e+244
112,60,7.67477e+244
112,61,8.68281e+244
112,62,9.82512e+244
112,63,1.11199e+245
112,64,1.25877e+245
112,65,1.42521e+245
112,66,1.61399e+245
112,67,1.82816e+245
112,68,2.07118e+245
112,69,2.34701e+245
112,70,2.66016e+245
112,71,3.01577e+245
112,72,3.41968e+245
112,73,3.87858e+245
112,74,4.40009e+245
112,75,4.99291e+245
112,76,5.66695e+245
112,77,6.43355e+245
112,78,7.30566e+245
112,79,8.29804e+245
112,80,9.4276e+245
112,81,1.07136e+246
112,82,1.21782e+246
112,83,1.38465e+246
112,84,1.57473e+246
112,85,1.79137e+246
112,86,2.03834e+246
112,87,2.31993e+246
112,88,2.64108e+246
112,89,3.00741e+246
112,90,3.42537e+246
112,91,3.90231e+246
112,92,4.44662e+246
112,93,5.06789e+246
112,94,5.77703e+246
112,95,6.58652e+246
112,96,7.51053e+246
112,97,8.56518e+246
112,98,9.76878e+246
112,99,1.11421e+247
112,100,1.27084e+247
112,101,1.44943e+247
112,102,1.65294e+247
112,103,1.88466e+247
112,104,2.14828e+247
112,105,2.44784e+247
112,106,2.78775e+247
112,107,3.17278e+247
112,108,3.60798e+247
112,109,4.09867e+247
112,110,4.65024e+247
112,111,5.26805e+247
112,112,5.95717e+247
112,113,6.72205e+247
112,114,7.56609e+247
112,115,8.49104e+247
112,116,9.49629e+247
112,117,1.05779e+248
112,118,1.17276e+248
112,119,1.29316e+248
112,120,1.41692e+248
112,121,1.54124e+248
112,122,1.66248e+248
112,123,1.7763e+248
112,124,1.87772e+248
112,125,1.96172e+248
112,126,2.02281e+248
112,127,2.05922e+248
112,128,2.05922e+248
113,0,1.19071e+242
113,1,1.19071e+242
113,2,1.21885e+242
113,3,1.25949e+242
113,4,1.31709e+242
113,5,1.39152e+242
113,6,1.48412e+242
113,7,1.59614e+242
113,8,1.72921e+242
113,9,1.88521e+242
113,10,2.06637e+242
113,11,2.27527e+242
113,12,2.51488e+242
113,13,2.78861e+242
113,14,3.10034e+242
113,15,3.45451e+242
113,16,3.85617e+242
113,17,4.31103e+242
113,18,4.82558e+242
113,19,5.40718e+242
113,20,6.06413e+242
113,21,6.80585e+242
113,22,7.64297e+242
113,23,8.58753e+242
113,24,9.65311e+242
113,25,1.08551e+243
113,26,1.22108e+243
113,27,1.37399e+243
113,28,1.54645e+243
113,29,1.74097e+243
113,30,1.96039e+243
113,31,2.2079e+243
113,32,2.48712e+243
113,33,2.80214e+243
113,34,3.1576e+243
113,35,3.55873e+243
113,36,4.01143e+243
113,37,4.52243e+243
113,38,5.09928e+243
113,39,5.75057e+243
113,40,6.48601e+243
113,41,7.31659e+243
113,42,8.25475e+243
113,43,9.31459e+243
113,44,1.05121e+244
113,45,1.18653e+244
113,46,1.33948e+244
113,47,1.51239e+244
113,48,1.70788e+244
113,49,1.92894e+244
113,50,2.17898e+244
113,51,2.46183e+244
113,52,2.78186e+244
113,53,3.14404e+244
113,54,3.554e+244
113,55,4.01812e+244
113,56,4.54368e+244
113,57,5.13893e+244
113,58,5.81326e+244
113,59,6.57735e+244
113,60,7.44332e+244
113,61,8.425e+244
113,62,9.53811e+244
113,63,1.08005e+245
113,64,1.22327e+245
113,65,1.38577e+245
113,66,1.57022e+245
113,67,1.77961e+245
113,68,2.0174e+245
113,69,2.2875e+245
113,70,2.59439e+245
113,71,2.94319e+245
113,72,3.33971e+245
113,73,3.79062e+245
113,74,4.30354e+245
113,75,4.88717e+245
113,76,5.55145e+245
113,77,6.30776e+245
113,78,7.16912e+245
113,79,8.15044e+245
113,80,9.26877e+245
113,81,1.05436e+246
113,82,1.19975e+246
113,83,1.36559e+246
113,84,1.55482e+246
113,85,1.77083e+246
113,86,2.01747e+246
113,87,2.29918e+246
113,88,2.62105e+246
113,89,2.9889e+246
113,90,3.40943e+246
113,91,3.89032e+246
113,92,4.44035e+246
113,93,5.06964e+246
113,94,5.78974e+246
113,95,6.61391e+246
113,96,7.55731e+246
113,97,8.63731e+246
113,98,9.87374e+246
113,99,1.12892e+247
113,100,1.29095e+247
113,101,1.4764e+247
113,102,1.68857e+247
113,103,1.93121e+247
113,104,2.20851e+247
113,105,2.52516e+247
113,106,2.88634e+247
113,107,3.29772e+247
113,108,3.76548e+247
113,109,4.2962e+247
113,110,4.89684e+247
113,111,5.57451e+247
113,112,6.33633e+247
113,113,7.18903e+247
113,114,8.13851e+247
113,115,9.18911e+247
113,116,1.03427e+248
113,117,1.15976e+248
113,118,1.29468e+248
113,119,1.43765e+248
113,120,1.58643e+248
113,121,1.73772e+248
113,122,1.8871e+248
113,123,2.02901e+248
113,124,2.15689e+248
113,125,2.26387e+248
113,126,2.34232e+248
113,127,2.38936e+248
113,128,2.38936e+248
114,0,1.13242e+242
114,1,1.13242e+242
114,2,1.15923e+242
114,3,1.19795e+242
114,4,1.25285e+242
114,5,1.3238e+242
114,6,1.41207e+242
114,7,1.51887e+242
114,8,1.64575e+242
114,9,1.7945e+242
114,10,1.96728e+242
114,11,2.16652e+242
114,12,2.39509e+242
114,13,2.65623e+242
114,14,2.95368e+242
114,15,3.29167e+242
114,16,3.67503e+242
114,17,4.10924e+242
114,18,4.60052e+242
114,19,5.1559e+242
114,20,5.78335e+242
114,21,6.49189e+242
114,22,7.29172e+242
114,23,8.19437e+242
114,24,9.21287e+242
114,25,1.0362e+243
114,26,1.16583e+243
114,27,1.31208e+243
114,28,1.47706e+243
114,29,1.66319e+243
114,30,1.87318e+243
114,31,2.11012e+243
114,32,2.37748e+243
114,33,2.6792e+243
114,34,3.01973e+243
114,35,3.40411e+243
114,36,3.83804e+243
114,37,4.32796e+243
114,38,4.88119e+243
114,39,5.50599e+243
114,40,6.21173e+243
114,41,7.009e+243
114,42,7.90983e+243
114,43,8.92783e+243
114,44,1.00784e+244
114,45,1.13791e+244
114,46,1.28497e+244
114,47,1.45128e+244
114,48,1.63938e+244
114,49,1.85217e+244
114,50,2.09294e+244
114,51,2.36542e+244
114,52,2.67385e+244
114,53,3.02305e+244
114,54,3.41848e+244
114,55,3.86637e+244
114,56,4.37378e+244
114,57,4.94876e+244
114,58,5.60046e+244
114,59,6.33927e+244
114,60,7.17707e+244
114,61,8.12733e+244
114,62,9.20543e+244
114,63,1.04289e+245
114,64,1.18177e+245
114,65,1.33945e+245
114,66,1.51854e+245
114,67,1.722e+245
114,68,1.95322e+245
114,69,2.21605e+245
114,70,2.51491e+245
114,71,2.85484e+245
114,72,3.24161e+245
114,73,3.68182e+245
114,74,4.18302e+245
114,75,4.75385e+245
114,76,5.40421e+245
114,77,6.14543e+245
114,78,6.99052e+245
114,79,7.95437e+245
114,80,9.05409e+245
114,81,1.03093e+246
114,82,1.17425e+246
114,83,1.33797e+246
114,84,1.52505e+246
114,85,1.73891e+246
114,86,1.98349e+246
114,87,2.2633e+246
114,88,2.58356e+246
114,89,2.95025e+246
114,90,3.37026e+246
114,91,3.85154e+246
114,92,4.40323e+246
114,93,5.03586e+246
114,94,5.76155e+246
114,95,6.59426e+246
114,96,7.55007e+246
114,97,8.64748e+246
114,98,9.90777e+246
114,99,1.13554e+247
114,100,1.30183e+247
114,101,1.49287e+247
114,102,1.71233e+247
114,103,1.96439e+247
114,104,2.25378e+247
114,105,2.58585e+247
114,106,2.96661e+247
114,107,3.40274e+247
114,108,3.90162e+247
114,109,4.47135e+247
114,110,5.12065e+247
114,111,5.85879e+247
114,112,6.69542e+247
114,113,7.64022e+247
114,114,8.70238e+247
114,115,9.88988e+247
114,116,1.12083e+248
114,117,1.26595e+248
114,118,1.42393e+248
114,119,1.59354e+248
114,120,1.77242e+248
114,121,1.95687e+248
114,122,2.14153e+248
114,123,2.3194e+248
114,124,2.4818e+248
114,125,2.61932e+248
114,126,2.72118e+248
114,127,2.78276e+248
114,128,2.78276e+248
115,0,1.07107e+242
115,1,1.07107e+242
115,2,1.09647e+242
115,3,1.13316e+242
115,4,1.18518e+242
115,5,1.25242e+242
115,6,1.3361e+242
115,7,1.43733e+242
115,8,1.55761e+242
115,9,1.69865e+242
115,10,1.86247e+242
115,11,2.05142e+242
115,12,2.2682e+242
115,13,2.51591e+242
115,14,2.79808e+242
115,15,3.11877e+242
115,16,3.48255e+242
115,17,3.89465e+242
115,18,4.36098e+242
115,19,4.88824e+242
115,20,5.48403e+242
115,21,6.15692e+242
115,22,6.91664e+242
115,23,7.77417e+242
115,24,8.74196e+242
115,25,9.83404e+242
115,26,1.10663e+243
115,27,1.24567e+243
115,28,1.40257e+243
115,29,1.5796e+243
115,30,1.77938e+243
115,31,2.00484e+243
115,32,2.25932e+243
115,33,2.54656e+243
115,34,2.87082e+243
115,35,3.23694e+243
115,36,3.65035e+243
115,37,4.11723e+243
115,38,4.64458e+243
115,39,5.24031e+243
115,40,5.9134e+243
115,41,6.67401e+243
115,42,7.53367e+243
115,43,8.50543e+243
115,44,9.60412e+243
115,45,1.08465e+244
115,46,1.22517e+244
115,47,1.38413e+244
115,48,1.56398e+244
115,49,1.76752e+244
115,50,1.9979e+244
115,51,2.25873e+244
115,52,2.55408e+244
115,53,2.88861e+244
115,54,3.26758e+244
115,55,3.69702e+244
115,56,4.18374e+244
115,57,4.73553e+244
115,58,5.36124e+244
115,59,6.07094e+244
115,60,6.87613e+244
115,61,7.78988e+244
115,62,8.82713e+244
115,63,1.00049e+245
115,64,1.13426e+245
115,65,1.28623e+245
115,66,1.45895e+245
115,67,1.6553e+245
115,68,1.87857e+245
115,69,2.13256e+245
115,70,2.42158e+245
115,71,2.75056e+245
115,72,3.12518e+245
115,73,3.55191e+245
115,74,4.03817e+245
115,75,4.59249e+245
115,76,5.22462e+245
115,77,5.94579e+245
115,78,6.76884e+245
115,79,7.70858e+245
115,80,8.78198e+245
115,81,1.00086e+246
115,82,1.14109e+246
115,83,1.30148e+246
115,84,1.48501e+246
115,85,1.69512e+246
115,86,1.93577e+246
115,87,2.21152e+246
115,88,2.52766e+246
115,89,2.89027e+246
115,90,3.3064e+246
115,91,3.78417e+246
115,92,4.33299e+246
115,93,4.96373e+246
115,94,5.68896e+246
115,95,6.52326e+246
115,96,7.48345e+246
115,97,8.58905e+246
115,98,9.8626e+246
115,99,1.13302e+247
115,100,1.30221e+247
115,101,1.49729e+247
115,102,1.72229e+247
115,103,1.98181e+247
115,104,2.28113e+247
115,105,2.62629e+247
115,106,3.02413e+247
115,107,3.48241e+247
115,108,4.00985e+247
115,109,4.61619e+247
115,110,5.31221e+247
115,111,6.1097e+247
115,112,7.02135e+247
115,113,8.06052e+247
115,114,9.24067e+247
115,115,1.05747e+248
115,116,1.20734e+248
115,117,1.3744e+248
115,118,1.55873e+248
115,119,1.75946e+248
115,120,1.97435e+248
115,121,2.19936e+248
115,122,2.42824e+248
115,123,2.65224e+248
115,124,2.85998e+248
115,125,3.03852e+248
115,126,3.17244e+248
115,127,3.25431e+248
115,128,3.25431e+248
116,0,1.00674e+242
116,1,1.00674e+242
116,2,1.03065e+242
116,3,1.06519e+242
116,4,1.11418e+242
116,5,1.17749e+242
116,6,1.25629e+242
116,7,1.35164e+242
116,8,1.46493e+242
116,9,1.59779e+242
116,10,1.75213e+242
116,11,1.93015e+242
116,12,2.13442e+242
116,13,2.36786e+242
116,14,2.63381e+242
116,15,2.9361e+242
116,16,3.27906e+242
116,17,3.66762e+242
116,18,4.10738e+242
116,19,4.60467e+242
116,20,5.16668e+242
116,21,5.80153e+242
116,22,6.5184e+242
116,23,7.32772e+242
116,24,8.24124e+242
116,25,9.27228e+242
116,26,1.04359e+243
116,27,1.17491e+243
116,28,1.32311e+243
116,29,1.49038e+243
116,30,1.67917e+243
116,31,1.89228e+243
116,32,2.13286e+243
116,33,2.40448e+243
116,34,2.71118e+243
116,35,3.05753e+243
116,36,3.44873e+243
116,37,3.89063e+243
116,38,4.38988e+243
116,39,4.95402e+243
116,40,5.59158e+243
116,41,6.31224e+243
116,42,7.12696e+243
116,43,8.0482e+243
116,44,9.09005e+243
116,45,1.02686e+244
116,46,1.16019e+244
116,47,1.31106e+244
116,48,1.48183e+244
116,49,1.67514e+244
116,50,1.89403e+244
116,51,2.14193e+244
116,52,2.42276e+244
116,53,2.74094e+244
116,54,3.10155e+244
116,55,3.51034e+244
116,56,3.97386e+244
116,57,4.49956e+244
116,58,5.09595e+244
116,59,5.77272e+244
116,60,6.5409e+244
116,61,7.41309e+244
116,62,8.40367e+244
116,63,9.52902e+244
116,64,1.08079e+245
116,65,1.22617e+245
116,66,1.39148e+245
116,67,1.57952e+245
116,68,1.7935e+245
116,69,2.03707e+245
116,70,2.31441e+245
116,71,2.63035e+245
116,72,2.99037e+245
116,73,3.40079e+245
116,74,3.86885e+245
116,75,4.40287e+245
116,76,5.0124e+245
116,77,5.70841e+245
116,78,6.50353e+245
116,79,7.4123e+245
116,80,8.45144e+245
116,81,9.64023e+245
116,82,1.10009e+246
116,83,1.25591e+246
116,84,1.43444e+246
116,85,1.6391e+246
116,86,1.87384e+246
116,87,2.14324e+246
116,88,2.45259e+246
116,89,2.80802e+246
116,90,3.21664e+246
116,91,3.68668e+246
116,92,4.2277e+246
116,93,4.85082e+246
116,94,5.56893e+246
116,95,6.39703e+246
116,96,7.35258e+246
116,97,8.45588e+246
116,98,9.73057e+246
116,99,1.12042e+247
116,100,1.29087e+247
116,101,1.48813e+247
116,102,1.71653e+247
116,103,1.98108e+247
116,104,2.28759e+247
116,105,2.64274e+247
116,106,3.05426e+247
116,107,3.53099e+247
116,108,4.08306e+247
116,109,4.72199e+247
116,110,5.46085e+247
116,111,6.31429e+247
116,112,7.29859e+247
116,113,8.4315e+247
116,114,9.73186e+247
116,115,1.12188e+248
116,116,1.29104e+248
116,117,1.48216e+248
116,118,1.69611e+248
116,119,1.93272e+248
116,120,2.1902e+248
116,121,2.46449e+248
116,122,2.74856e+248
116,123,3.03178e+248
116,124,3.29938e+248
116,125,3.53364e+248
116,126,3.71223e+248
116,127,3.82308e+248
116,128,3.82308e+248
117,0,9.39623e+241
117,1,9.39623e+241
117,2,9.61958e+241
117,3,9.94242e+241
117,4,1.04003e+242
117,5,1.09921e+242
117,6,1.17288e+242
117,7,1.26202e+242
117,8,1.36795e+242
117,9,1.49218e+242
117,10,1.63651e+242
117,11,1.80301e+242
117,12,1.99407e+242
117,13,2.21244e+242
117,14,2.46126e+242
117,15,2.7441e+242
117,16,3.06504e+242
117,17,3.42869e+242
117,18,3.84032e+242
117,19,4.30586e+242
117,20,4.83206e+242
117,21,5.42655e+242
117,22,6.09795e+242
117,23,6.85605e+242
117,24,7.71189e+242
117,25,8.67798e+242
117,26,9.76848e+242
117,27,1.09994e+243
117,28,1.23888e+243
117,29,1.39572e+243
117,30,1.57278e+243
117,31,1.77268e+243
117,32,1.9984e+243
117,33,2.25329e+243
117,34,2.54116e+243
117,35,2.86632e+243
117,36,3.23365e+243
117,37,3.64869e+243
117,38,4.1177e+243
117,39,4.6478e+243
117,40,5.24703e+243
117,41,5.92453e+243
117,42,6.69066e+243
117,43,7.55718e+243
117,44,8.53742e+243
117,45,9.64653e+243
117,46,1.09017e+244
117,47,1.23225e+244
117,48,1.3931e+244
117,49,1.57525e+244
117,50,1.78157e+244
117,51,2.0153e+244
117,52,2.28017e+244
117,53,2.58039e+244
117,54,2.92076e+244
117,55,3.30675e+244
117,56,3.74458e+244
117,57,4.24135e+244
117,58,4.80516e+244
117,59,5.44522e+244
117,60,6.17206e+244
117,61,6.9977e+244
117,62,7.93584e+244
117,63,9.00216e+244
117,64,1.02146e+245
117,65,1.15935e+245
117,66,1.31624e+245
117,67,1.49481e+245
117,68,1.69812e+245
117,69,1.92969e+245
117,70,2.19355e+245
117,71,2.49432e+245
117,72,2.8373e+245
117,73,3.22858e+245
117,74,3.67515e+245
117,75,4.18506e+245
117,76,4.76755e+245
117,77,5.43327e+245
117,78,6.19448e+245
117,79,7.06532e+245
117,80,8.06208e+245
117,81,9.20359e+245
117,82,1.05116e+246
117,83,1.20112e+246
117,84,1.37315e+246
117,85,1.57061e+246
117,86,1.79741e+246
117,87,2.05806e+246
117,88,2.35783e+246
117,89,2.7028e+246
117,90,3.10006e+246
117,91,3.55787e+246
117,92,4.08584e+246
117,93,4.69516e+246
117,94,5.3989e+246
117,95,6.21234e+246
117,96,7.1533e+246
117,97,8.24266e+246
117,98,9.50485e+246
117,99,1.09685e+247
117,100,1.2667e+247
117,101,1.46397e+247
117,102,1.69325e+247
117,103,1.95991e+247
117,104,2.27023e+247
117,105,2.63152e+247
117,106,3.05232e+247
117,107,3.54257e+247
117,108,4.1138e+247
117,109,4.77943e+247
117,110,5.55491e+247
117,111,6.45807e+247
117,112,7.50923e+247
117,113,8.73128e+247
117,114,1.01494e+248
117,115,1.17907e+248
117,116,1.36826e+248
117,117,1.58508e+248
117,118,1.83157e+248
117,119,2.10873e+248
117,120,2.41579e+248
117,121,2.74927e+248
117,122,3.10177e+248
117,123,3.46092e+248
117,124,3.80797e+248
117,125,4.11888e+248
117,126,4.36093e+248
117,127,4.51462e+248
117,128,4.51462e+248
118,0,8.697e+241
118,1,8.697e+241
118,2,8.90388e+241
118,3,9.20303e+241
118,4,9.62732e+241
118,5,1.01759e+242
118,6,1.08587e+242
118,7,1.1685e+242
118,8,1.2667e+242
118,9,1.38188e+242
118,10,1.51571e+242
118,11,1.6701e+242
118,12,1.84729e+242
118,13,2.04983e+242
118,14,2.28062e+242
118,15,2.543e+242
118,16,2.84076e+242
118,17,3.17819e+242
118,18,3.56018e+242
118,19,3.99226e+242
118,20,4.4807e+242
118,21,5.03259e+242
118,22,5.65599e+242
118,23,6.35997e+242
118,24,7.15485e+242
118,25,8.05225e+242
118,26,9.06538e+242
118,27,1.02091e+243
118,28,1.15004e+243
118,29,1.29582e+243
118,30,1.46043e+243
118,31,1.64631e+243
118,32,1.85622e+243
118,33,2.09331e+243
118,34,2.36113e+243
118,35,2.6637e+243
118,36,3.00559e+243
118,37,3.39195e+243
118,38,3.82866e+243
118,39,4.32234e+243
118,40,4.88054e+243
118,41,5.5118e+243
118,42,6.2258e+243
118,43,7.03356e+243
118,44,7.94755e+243
118,45,8.98197e+243
118,46,1.01529e+244
118,47,1.14787e+244
118,48,1.29802e+244
118,49,1.46809e+244
118,50,1.66078e+244
118,51,1.87915e+244
118,52,2.12669e+244
118,53,2.40735e+244
118,54,2.72565e+244
118,55,3.08674e+244
118,56,3.49648e+244
118,57,3.96155e+244
118,58,4.48958e+244
118,59,5.08926e+244
118,60,5.77053e+244
118,61,6.54473e+244
118,62,7.42481e+244
118,63,8.4256e+244
118,64,9.56402e+244
118,65,1.08595e+245
118,66,1.23341e+245
118,67,1.40134e+245
118,68,1.59265e+245
118,69,1.81067e+245
118,70,2.05924e+245
118,71,2.34276e+245
118,72,2.66627e+245
118,73,3.0356e+245
118,74,3.45742e+245
118,75,3.93941e+245
118,76,4.49045e+245
118,77,5.12073e+245
118,78,5.84203e+245
118,79,6.66794e+245
118,80,7.61417e+245
118,81,8.69887e+245
118,82,9.94305e+245
118,83,1.13711e+246
118,84,1.30111e+246
118,85,1.48959e+246
118,86,1.70634e+246
118,87,1.95579e+246
118,88,2.24307e+246
118,89,2.57418e+246
118,90,2.9561e+246
118,91,3.39698e+246
118,92,3.90635e+246
118,93,4.49534e+246
118,94,5.17702e+246
118,95,5.96669e+246
118,96,6.88234e+246
118,97,7.9451e+246
118,98,9.17983e+246
118,99,1.06158e+247
118,100,1.22876e+247
118,101,1.42358e+247
118,102,1.65084e+247
118,103,1.9162e+247
118,104,2.22633e+247
118,105,2.5891e+247
118,106,3.01377e+247
118,107,3.51129e+247
118,108,4.09457e+247
118,109,4.77883e+247
118,110,5.58204e+247
118,111,6.5253e+247
118,112,7.6333e+247
118,113,8.93462e+247
118,114,1.04619e+248
118,115,1.22515e+248
118,116,1.43425e+248
118,117,1.67749e+248
118,118,1.95857e+248
118,119,2.28032e+248
118,120,2.64381e+248
118,121,3.0471e+248
118,122,3.48345e+248
118,123,3.93946e+248
118,124,4.39216e+248
118,125,4.80966e+248
118,126,5.14375e+248
118,127,5.36289e+248
118,128,5.36289e+248
119,0,7.97398e+241
119,1,7.97398e+241
119,2,8.16367e+241
119,3,8.43811e+241
119,4,8.8274e+241
119,5,9.33078e+241
119,6,9.95739e+241
119,7,1.07158e+242
119,8,1.16171e+242
119,9,1.26744e+242
119,10,1.39029e+242
119,11,1.53204e+242
119,12,1.69472e+242
119,13,1.88069e+242
119,14,2.09263e+242
119,15,2.33361e+242
119,16,2.60709e+242
119,17,2.91706e+242
119,18,3.26798e+242
119,19,3.66498e+242
119,20,4.1138e+242
119,21,4.621e+242
119,22,5.19398e+242
119,23,5.84112e+242
119,24,6.57191e+242
119,25,7.39707e+242
119,26,8.32877e+242
119,27,9.38075e+242
119,28,1.05686e+243
119,29,1.19098e+243
119,30,1.34245e+243
119,31,1.51352e+243
119,32,1.70674e+243
119,33,1.92502e+243
119,34,2.17163e+243
119,35,2.45028e+243
119,36,2.76521e+243
119,37,3.12117e+243
119,38,3.52359e+243
119,39,3.97861e+243
119,40,4.49319e+243
119,41,5.07524e+243
119,42,5.73373e+243
119,43,6.47885e+243
119,44,7.32217e+243
119,45,8.27682e+243
119,46,9.35774e+243
119,47,1.05819e+244
119,48,1.19686e+244
119,49,1.35398e+244
119,50,1.53204e+244
119,51,1.73389e+244
119,52,1.96276e+244
119,53,2.22233e+244
119,54,2.51681e+244
119,55,2.85099e+244
119,56,3.23031e+244
119,57,3.661e+244
119,58,4.15016e+244
119,59,4.70591e+244
119,60,5.33751e+244
119,61,6.05555e+244
119,62,6.87211e+244
119,63,7.80106e+244
119,64,8.85823e+244
119,65,1.00618e+245
119,66,1.14324e+245
119,67,1.29941e+245
119,68,1.4774e+245
119,69,1.68035e+245
119,70,1.91187e+245
119,71,2.1761e+245
119,72,2.47778e+245
119,73,2.82239e+245
119,74,3.21624e+245
119,75,3.66659e+245
119,76,4.18181e+245
119,77,4.77157e+245
119,78,5.44702e+245
119,79,6.22107e+245
119,80,7.10866e+245
119,81,8.12705e+245
119,82,9.2963e+245
119,83,1.06397e+246
119,84,1.21841e+246
119,85,1.3961e+246
119,86,1.6007e+246
119,87,1.83645e+246
119,88,2.10832e+246
119,89,2.4221e+246
119,90,2.78458e+246
119,91,3.20369e+246
119,92,3.68873e+246
119,93,4.25061e+246
119,94,4.90218e+246
119,95,5.65855e+246
119,96,6.53753e+246
119,97,7.56019e+246
119,98,8.75141e+246
119,99,1.01406e+247
119,100,1.17628e+247
119,101,1.36594e+247
119,102,1.58795e+247
119,103,1.84816e+247
119,104,2.15354e+247
119,105,2.51234e+247
119,106,2.93446e+247
119,107,3.43168e+247
119,108,4.01812e+247
119,109,4.7107e+247
119,110,5.52973e+247
119,111,6.49957e+247
119,112,7.64934e+247
119,113,9.01361e+247
119,114,1.06331e+248
119,115,1.25546e+248
119,116,1.48314e+248
119,117,1.75209e+248
119,118,2.06823e+248
119,119,2.43706e+248
119,120,2.86267e+248
119,121,3.34623e+248
119,122,3.88349e+248
119,123,4.46194e+248
119,124,5.05527e+248
119,125,5.62318e+248
119,126,6.09441e+248
119,127,6.4197e+248
119,128,6.4197e+248
120,0,7.22258e+241
120,1,7.22258e+241
120,2,7.39437e+241
120,3,7.64309e+241
120,4,7.99596e+241
120,5,8.45231e+241
120,6,9.02045e+241
120,7,9.7081e+241
120,8,1.05255e+242
120,9,1.14843e+242
120,10,1.25985e+242
120,11,1.38842e+242
120,12,1.53599e+242
120,13,1.70469e+242
120,14,1.89697e+242
120,15,2.11561e+242
120,16,2.36378e+242
120,17,2.64507e+242
120,18,2.96357e+242
120,19,3.32391e+242
120,20,3.73135e+242
120,21,4.19182e+242
120,22,4.71208e+242
120,23,5.29975e+242
120,24,5.96345e+242
120,25,6.71296e+242
120,26,7.55935e+242
120,27,8.51513e+242
120,28,9.59448e+242
120,29,1.08134e+243
120,30,1.21902e+243
120,31,1.37453e+243
120,32,1.55021e+243
120,33,1.7487e+243
120,34,1.97299e+243
120,35,2.22647e+243
120,36,2.51298e+243
120,37,2.83689e+243
120,38,3.20314e+243
120,39,3.61733e+243
120,40,4.08582e+243
120,41,4.61585e+243
120,42,5.2156e+243
120,43,5.8944e+243
120,44,6.6628e+243
120,45,7.53284e+243
120,46,8.51817e+243
120,47,9.63432e+243
120,48,1.0899e+244
120,49,1.23322e+244
120,50,1.39569e+244
120,51,1.57991e+244
120,52,1.78884e+244
120,53,2.02588e+244
120,54,2.29486e+244
120,55,2.60018e+244
120,56,2.94686e+244
120,57,3.34061e+244
120,58,3.78796e+244
120,59,4.29638e+244
120,60,4.87438e+244
120,61,5.53171e+244
120,62,6.27952e+244
120,63,7.13057e+244
120,64,8.09948e+244
120,65,9.20298e+244
120,66,1.04603e+245
120,67,1.18934e+245
120,68,1.35275e+245
120,69,1.53918e+245
120,70,1.75195e+245
120,71,1.9949e+245
120,72,2.27245e+245
120,73,2.58968e+245
120,74,2.95244e+245
120,75,3.3675e+245
120,76,3.84266e+245
120,77,4.38694e+245
120,78,5.01075e+245
120,79,5.72615e+245
120,80,6.54714e+245
120,81,7.48991e+245
120,82,8.57328e+245
120,83,9.81911e+245
120,84,1.12528e+246
120,85,1.29041e+246
120,86,1.48074e+246
120,87,1.70031e+246
120,88,1.95382e+246
120,89,2.24681e+246
120,90,2.58573e+246
120,91,2.97818e+246
120,92,3.43307e+246
120,93,3.96092e+246
120,94,4.57414e+246
120,95,5.28735e+246
120,96,6.11793e+246
120,97,7.08641e+246
120,98,8.21725e+246
120,99,9.5395e+246
120,100,1.10878e+247
120,101,1.29035e+247
120,102,1.50359e+247
120,103,1.75443e+247
120,104,2.04995e+247
120,105,2.39867e+247
120,106,2.81086e+247
120,107,3.29893e+247
120,108,3.87793e+247
120,109,4.56618e+247
120,110,5.38601e+247
120,111,6.36469e+247
120,112,7.53548e+247
120,113,8.9388e+247
120,114,1.06234e+248
120,115,1.26476e+248
120,116,1.50797e+248
120,117,1.79982e+248
120,118,2.14899e+248
120,119,2.56459e+248
120,120,3.05521e+248
120,121,3.62736e+248
120,122,4.28236e+248
120,123,5.01234e+248
120,124,5.79087e+248
120,125,6.57121e+248
120,126,7.2492e+248
120,127,7.7507e+248
120,128,7.7507e+248
121,0,6.45602e+241
121,1,6.45602e+241
121,2,6.60927e+241
121,3,6.83137e+241
121,4,7.14656e+241
121,5,7.55427e+241
121,6,8.0619e+241
121,7,8.67637e+241
121,8,9.40681e+241
121,9,1.02637e+242
121,10,1.12595e+242
121,11,1.24087e+242
121,12,1.37278e+242
121,13,1.52359e+242
121,14,1.69548e+242
121,15,1.89096e+242
121,16,2.11285e+242
121,17,2.36438e+242
121,18,2.6492e+242
121,19,2.97148e+242
121,20,3.3359e+242
121,21,3.74781e+242
121,22,4.21323e+242
121,23,4.73901e+242
121,24,5.33288e+242
121,25,6.00361e+242
121,26,6.76111e+242
121,27,7.61662e+242
121,28,8.58284e+242
121,29,9.67418e+242
121,30,1.09069e+243
121,31,1.22996e+243
121,32,1.3873e+243
121,33,1.5651e+243
121,34,1.76604e+243
121,35,1.99316e+243
121,36,2.24992e+243
121,37,2.54024e+243
121,38,2.86855e+243
121,39,3.2399e+243
121,40,3.66001e+243
121,41,4.13537e+243
121,42,4.67337e+243
121,43,5.28237e+243
121,44,5.9719e+243
121,45,6.75278e+243
121,46,7.6373e+243
121,47,8.63947e+243
121,48,9.7752e+243
121,49,1.10626e+244
121,50,1.25223e+244
121,51,1.41778e+244
121,52,1.60559e+244
121,53,1.8187e+244
121,54,2.0606e+244
121,55,2.33526e+244
121,56,2.64719e+244
121,57,3.00158e+244
121,58,3.40433e+244
121,59,3.86219e+244
121,60,4.38288e+244
121,61,4.97522e+244
121,62,5.64931e+244
121,63,6.41673e+244
121,64,7.29074e+244
121,65,8.28652e+244
121,66,9.42152e+244
121,67,1.07157e+245
121,68,1.21922e+245
121,69,1.38772e+245
121,70,1.58012e+245
121,71,1.79992e+245
121,72,2.05113e+245
121,73,2.33841e+245
121,74,2.66711e+245
121,75,3.0434e+245
121,76,3.47443e+245
121,77,3.96846e+245
121,78,4.53505e+245
121,79,5.18528e+245
121,80,5.932e+245
121,81,6.79013e+245
121,82,7.77702e+245
121,83,8.91285e+245
121,84,1.02211e+246
121,85,1.17293e+246
121,86,1.34694e+246
121,87,1.5479e+246
121,88,1.78018e+246
121,89,2.04894e+246
121,90,2.36023e+246
121,91,2.72116e+246
121,92,3.14013e+246
121,93,3.62705e+246
121,94,4.19364e+246
121,95,4.85379e+246
121,96,5.62403e+246
121,97,6.52402e+246
121,98,7.5772e+246
121,99,8.81159e+246
121,100,1.02608e+247
121,101,1.1965e+247
121,102,1.39726e+247
121,103,1.6342e+247
121,104,1.91437e+247
121,105,2.24631e+247
121,106,2.64041e+247
121,107,3.10937e+247
121,108,3.66879e+247
121,109,4.33788e+247
121,110,5.14043e+247
121,111,6.10595e+247
121,112,7.27109e+247
121,113,8.68132e+247
121,114,1.03928e+248
121,115,1.24747e+248
121,116,1.50109e+248
121,117,1.81025e+248
121,118,2.18683e+248
121,119,2.64445e+248
121,120,3.19791e+248
121,121,3.86199e+248
121,122,4.6483e+248
121,123,5.56087e+248
121,124,6.58136e+248
121,125,7.66877e+248
121,126,8.67364e+248
121,127,9.51407e+248
121,128,9.51407e+248
122,0,5.6534e+241
122,1,5.6534e+241
122,2,5.78744e+241
122,3,5.98198e+241
122,4,6.25817e+241
122,5,6.61551e+241
122,6,7.0605e+241
122,7,7.5992e+241
122,8,8.23962e+241
122,9,8.99097e+241
122,10,9.86418e+241
122,11,1.08719e+242
122,12,1.20287e+242
122,13,1.33514e+242
122,14,1.48591e+242
122,15,1.65738e+242
122,16,1.85203e+242
122,17,2.0727e+242
122,18,2.3226e+242
122,19,2.60538e+242
122,20,2.92518e+242
122,21,3.28667e+242
122,22,3.69518e+242
122,23,4.1567e+242
122,24,4.67804e+242
122,25,5.26691e+242
122,26,5.93203e+242
122,27,6.68329e+242
122,28,7.53187e+242
122,29,8.49043e+242
122,30,9.57334e+242
122,31,1.07968e+243
122,32,1.21794e+243
122,33,1.37418e+243
122,34,1.55078e+243
122,35,1.75041e+243
122,36,1.97613e+243
122,37,2.23139e+243
122,38,2.52009e+243
122,39,2.84668e+243
122,40,3.21621e+243
122,41,3.63441e+243
122,42,4.10777e+243
122,43,4.64371e+243
122,44,5.25061e+243
122,45,5.93802e+243
122,46,6.71682e+243
122,47,7.59936e+243
122,48,8.59969e+243
122,49,9.73384e+243
122,50,1.102e+244
122,51,1.2479e+244
122,52,1.41345e+244
122,53,1.60135e+244
122,54,1.81468e+244
122,55,2.05695e+244
122,56,2.33216e+244
122,57,2.64491e+244
122,58,3.00043e+244
122,59,3.40471e+244
122,60,3.86458e+244
122,61,4.38788e+244
122,62,4.98358e+244
122,63,5.66197e+244
122,64,6.43481e+244
122,65,7.31563e+244
122,66,8.31992e+244
122,67,9.46551e+244
122,68,1.07728e+245
122,69,1.22655e+245
122,70,1.39705e+245
122,71,1.59191e+245
122,72,1.81472e+245
122,73,2.06963e+245
122,74,2.36144e+245
122,75,2.69566e+245
122,76,3.0787e+245
122,77,3.51796e+245
122,78,4.02203e+245
122,79,4.60085e+245
122,80,5.266e+245
122,81,6.03089e+245
122,82,6.91117e+245
122,83,7.92506e+245
122,84,9.0938e+245
122,85,1.04422e+246
122,86,1.19994e+246
122,87,1.37993e+246
122,88,1.5882e+246
122,89,1.82942e+246
122,90,2.10913e+246
122,91,2.43383e+246
122,92,2.81123e+246
122,93,3.25044e+246
122,94,3.76227e+246
122,95,4.35957e+246
122,96,5.05767e+246
122,97,5.87487e+246
122,98,6.83308e+246
122,99,7.9586e+246
122,100,9.28303e+246
122,101,1.08445e+247
122,102,1.26891e+247
122,103,1.48728e+247
122,104,1.74634e+247
122,105,2.05441e+247
122,106,2.42168e+247
122,107,2.86071e+247
122,108,3.38712e+247
122,109,4.02037e+247
122,110,4.78485e+247
122,111,5.71128e+247
122,112,6.83839e+247
122,113,8.21516e+247
122,114,9.90337e+247
122,115,1.19809e+248
122,116,1.45458e+248
122,117,1.77202e+248
122,118,2.16561e+248
122,119,2.654e+248
122,120,3.25956e+248
122,121,4.00832e+248
122,122,4.92769e+248
122,123,6.04353e+248
122,124,7.35963e+248
122,125,8.86118e+248
122,126,1.03515e+249
122,127,1.17455e+249
122,128,1.17455e+249
123,0,4.85646e+241
123,1,4.85646e+241
123,2,4.97079e+241
123,3,5.1371e+241
123,4,5.37334e+241
123,5,5.67908e+241
123,6,6.05989e+241
123,7,6.52093e+241
123,8,7.06907e+241
123,9,7.71218e+241
123,10,8.45963e+241
123,11,9.32224e+241
123,12,1.03125e+242
123,13,1.14448e+242
123,14,1.27356e+242
123,15,1.42036e+242
123,16,1.58702e+242
123,17,1.77595e+242
123,18,1.98993e+242
123,19,2.23208e+242
123,20,2.50593e+242
123,21,2.81552e+242
123,22,3.16538e+242
123,23,3.56068e+242
123,24,4.00724e+242
123,25,4.51168e+242
123,26,5.08149e+242
123,27,5.72513e+242
123,28,6.45222e+242
123,29,7.27361e+242
123,30,8.20164e+242
123,31,9.25024e+242
123,32,1.04353e+243
123,33,1.17746e+243
123,34,1.32886e+243
123,35,1.50002e+243
123,36,1.69357e+243
123,37,1.91247e+243
123,38,2.16009e+243
123,39,2.44023e+243
123,40,2.75725e+243
123,41,3.11606e+243
123,42,3.52226e+243
123,43,3.9822e+243
123,44,4.50313e+243
123,45,5.09325e+243
123,46,5.76192e+243
123,47,6.51977e+243
123,48,7.37891e+243
123,49,8.35314e+243
123,50,9.45815e+243
123,51,1.07119e+244
123,52,1.21347e+244
123,53,1.37498e+244
123,54,1.55839e+244
123,55,1.76672e+244
123,56,2.00344e+244
123,57,2.2725e+244
123,58,2.57841e+244
123,59,2.92636e+244
123,60,3.32225e+244
123,61,3.77285e+244
123,62,4.28593e+244
123,63,4.87038e+244
123,64,5.53638e+244
123,65,6.29565e+244
123,66,7.16161e+244
123,67,8.14969e+244
123,68,9.27766e+244
123,69,1.05659e+245
123,70,1.2038e+245
123,71,1.3721e+245
123,72,1.56461e+245
123,73,1.78495e+245
123,74,2.03727e+245
123,75,2.3264e+245
123,76,2.65791e+245
123,77,3.03826e+245
123,78,3.47495e+245
123,79,3.97666e+245
123,80,4.5535e+245
123,81,5.21724e+245
123,82,5.98157e+245
123,83,6.86248e+245
123,84,7.87863e+245
123,85,9.05186e+245
123,86,1.04077e+246
123,87,1.19763e+246
123,88,1.37927e+246
123,89,1.58986e+246
123,90,1.83429e+246
123,91,2.11833e+246
123,92,2.44884e+246
123,93,2.83395e+246
123,94,3.28331e+246
123,95,3.80845e+246
123,96,4.42314e+246
123,97,5.14386e+246
123,98,5.99043e+246
123,99,6.9867e+246
123,100,8.16149e+246
123,101,9.54966e+246
123,102,1.11936e+247
123,103,1.31449e+247
123,104,1.54668e+247
123,105,1.82371e+247
123,106,2.1552e+247
123,107,2.5531e+247
123,108,3.0324e+247
123,109,3.612e+247
123,110,4.31583e+247
123,111,5.17438e+247
123,112,6.22669e+247
123,113,7.52281e+247
123,114,9.12714e+247
123,115,1.11227e+248
123,116,1.36167e+248
123,117,1.67478e+248
123,118,2.06962e+248
123,119,2.56964e+248
123,120,3.20536e+248
123,121,4.01661e+248
123,122,5.05359e+248
123,123,6.3818e+248
123,124,8.05742e+248
123,125,1.01875e+249
123,126,1.25216e+249
123,127,1.55344e+249
123,128,1.55344e+249
124,0,3.99573e+241
124,1,3.99573e+241
124,2,4.08967e+241
124,3,4.22678e+241
124,4,4.42166e+241
124,5,4.67401e+241
124,6,4.98836e+241
124,7,5.36901e+241
124,8,5.82161e+241
124,9,6.35267e+241
124,10,6.96992e+241
124,11,7.68233e+241
124,12,8.50022e+241
124,13,9.43548e+241
124,14,1.05017e+242
124,15,1.17144e+242
124,16,1.30912e+242
124,17,1.46522e+242
124,18,1.64202e+242
124,19,1.84211e+242
124,20,2.06843e+242
124,21,2.32428e+242
124,22,2.61345e+242
124,23,2.9402e+242
124,24,3.30935e+242
124,25,3.72639e+242
124,26,4.19751e+242
124,27,4.72972e+242
124,28,5.33098e+242
124,29,6.0103e+242
124,30,6.77787e+242
124,31,7.64526e+242
124,32,8.62557e+242
124,33,9.73366e+242
124,34,1.09864e+243
124,35,1.24028e+243
124,36,1.40046e+243
124,37,1.58164e+243
124,38,1.78661e+243
124,39,2.01853e+243
124,40,2.28101e+243
124,41,2.57812e+243
124,42,2.91452e+243
124,43,3.29548e+243
124,44,3.72699e+243
124,45,4.21589e+243
124,46,4.76993e+243
124,47,5.39795e+243
124,48,6.11001e+243
124,49,6.91756e+243
124,50,7.83367e+243
124,51,8.8732e+243
124,52,1.00531e+244
124,53,1.13928e+244
124,54,1.29143e+244
124,55,1.46428e+244
124,56,1.66072e+244
124,57,1.88404e+244
124,58,2.13799e+244
124,59,2.4269e+244
124,60,2.75568e+244
124,61,3.12997e+244
124,62,3.55625e+244
124,63,4.04194e+244
124,64,4.59552e+244
124,65,5.22678e+244
124,66,5.94692e+244
124,67,6.76884e+244
124,68,7.70737e+244
124,69,8.77957e+244
124,70,1.00051e+245
124,71,1.14067e+245
124,72,1.30104e+245
124,73,1.48465e+245
124,74,1.69499e+245
124,75,1.9361e+245
124,76,2.21266e+245
124,77,2.53009e+245
124,78,2.89469e+245
124,79,3.31376e+245
124,80,3.79582e+245
124,81,4.35077e+245
124,82,4.99015e+245
124,83,5.72745e+245
124,84,6.57844e+245
124,85,7.56157e+245
124,86,8.6985e+245
124,87,1.00146e+246
124,88,1.15399e+246
124,89,1.33096e+246
124,90,1.53654e+246
124,91,1.77565e+246
124,92,2.05415e+246
124,93,2.37898e+246
124,94,2.75842e+246
124,95,3.20238e+246
124,96,3.72271e+246
124,97,4.33364e+246
124,98,5.05232e+246
124,99,5.89947e+246
124,100,6.90017e+246
124,101,8.08491e+246
124,102,9.4909e+246
124,103,1.11637e+247
124,104,1.31593e+247
124,105,1.55471e+247
124,106,1.84134e+247
124,107,2.18664e+247
124,108,2.60427e+247
124,109,3.11158e+247
124,110,3.73077e+247
124,111,4.49042e+247
124,112,5.42749e+247
124,113,6.59003e+247
124,114,8.04075e+247
124,115,9.86197e+247
124,116,1.21624e+248
124,117,1.50865e+248
124,118,1.88284e+248
124,119,2.36524e+248
124,120,2.99224e+248
124,121,3.81493e+248
124,122,4.90501e+248
124,123,6.36653e+248
124,124,8.32715e+248
124,125,1.09928e+249
124,126,1.42677e+249
124,127,1.84459e+249
124,128,1.84459e+249
125,0,3.19561e+241
125,1,3.19561e+241
125,2,3.2691e+241
125,3,3.37693e+241
125,4,3.53038e+241
125,5,3.72917e+241
125,6,3.97689e+241
125,7,4.27687e+241
125,8,4.63357e+241
125,9,5.05211e+241
125,10,5.53857e+241
125,11,6.10001e+241
125,12,6.74458e+241
125,13,7.48161e+241
125,14,8.32184e+241
125,15,9.27746e+241
125,16,1.03624e+242
125,17,1.15925e+242
125,18,1.29857e+242
125,19,1.45623e+242
125,20,1.63456e+242
125,21,1.83617e+242
125,22,2.06403e+242
125,23,2.32151e+242
125,24,2.6124e+242
125,25,2.94103e+242
125,26,3.31228e+242
125,27,3.73169e+242
125,28,4.20553e+242
125,29,4.74089e+242
125,30,5.34584e+242
125,31,6.02948e+242
125,32,6.80215e+242
125,33,7.67559e+242
125,34,8.66307e+242
125,35,9.77967e+242
125,36,1.10425e+243
125,37,1.24709e+243
125,38,1.40871e+243
125,39,1.59158e+243
125,40,1.79857e+243
125,41,2.03289e+243
125,42,2.29821e+243
125,43,2.5987e+243
125,44,2.93911e+243
125,45,3.32481e+243
125,46,3.76196e+243
125,47,4.25752e+243
125,48,4.81946e+243
125,49,5.45683e+243
125,50,6.17995e+243
125,51,7.0006e+243
125,52,7.9322e+243
125,53,8.99005e+243
125,54,1.01916e+244
125,55,1.15569e+244
125,56,1.31087e+244
125,57,1.48731e+244
125,58,1.68799e+244
125,59,1.91631e+244
125,60,2.1762e+244
125,61,2.47211e+244
125,62,2.80919e+244
125,63,3.1933e+244
125,64,3.6312e+244
125,65,4.13064e+244
125,66,4.70051e+244
125,67,5.35107e+244
125,68,6.09409e+244
125,69,6.94314e+244
125,70,7.91384e+244
125,71,9.02424e+244
125,72,1.02952e+245
125,73,1.17506e+245
125,74,1.34184e+245
125,75,1.53308e+245
125,76,1.75251e+245
125,77,2.00444e+245
125,78,2.29391e+245
125,79,2.62675e+245
125,80,3.00977e+245
125,81,3.45087e+245
125,82,3.95931e+245
125,83,4.54588e+245
125,84,5.22321e+245
125,85,6.00612e+245
125,86,6.91198e+245
125,87,7.96124e+245
125,88,9.17797e+245
125,89,1.05906e+246
125,90,1.22326e+246
125,91,1.4144e+246
125,92,1.63719e+246
125,93,1.89727e+246
125,94,2.20135e+246
125,95,2.55748e+246
125,96,2.97532e+246
125,97,3.46647e+246
125,98,4.04496e+246
125,99,4.72778e+246
125,100,5.53553e+246
125,101,6.49338e+246
125,102,7.63209e+246
125,103,8.9895e+246
125,104,1.06124e+247
125,105,1.25588e+247
125,106,1.49017e+247
125,107,1.77326e+247
125,108,2.11682e+247
125,109,2.53575e+247
125,110,3.04925e+247
125,111,3.68223e+247
125,112,4.46721e+247
125,113,5.44683e+247
125,114,6.67742e+247
125,115,8.23386e+247
125,116,1.02166e+248
125,117,1.27617e+248
125,118,1.60568e+248
125,119,2.03657e+248
125,120,2.60705e+248
125,121,3.37518e+248
125,122,4.43221e+248
125,123,5.94762e+248
125,124,8.17068e+248
125,125,1.20174e+249
125,126,1.72494e+249
125,127,3.42117e+249
125,128,3.42117e+249
126,0,2.23395e+241
126,1,2.23395e+241
126,2,2.28555e+241
126,3,2.36187e+241
126,4,2.47058e+241
126,5,2.61154e+241
126,6,2.78723e+241
126,7,3.00004e+241
126,8,3.25311e+241
126,9,3.55008e+241
126,10,3.89529e+241
126,11,4.29373e+241
126,12,4.75121e+241
126,13,5.27438e+241
126,14,5.87085e+241
126,15,6.54931e+241
126,16,7.31966e+241
126,17,8.19314e+241
126,18,9.18256e+241
126,19,1.03024e+242
126,20,1.15691e+242
126,21,1.30013e+242
126,22,1.46202e+242
126,23,1.64497e+242
126,24,1.85168e+242
126,25,2.08523e+242
126,26,2.34909e+242
126,27,2.64722e+242
126,28,2.98406e+242
126,29,3.36468e+242
126,30,3.7948e+242
126,31,4.28092e+242
126,32,4.8304e+242
126,33,5.45159e+242
126,34,6.15395e+242
126,35,6.94822e+242
126,36,7.84659e+242
126,37,8.86287e+242
126,38,1.00128e+243
126,39,1.13141e+243
126,40,1.27871e+243
126,41,1.44547e+243
126,42,1.63432e+243
126,43,1.84822e+243
126,44,2.09055e+243
126,45,2.36515e+243
126,46,2.6764e+243
126,47,3.02929e+243
126,48,3.42947e+243
126,49,3.88342e+243
126,50,4.39849e+243
126,51,4.98308e+243
126,52,5.64677e+243
126,53,6.40049e+243
126,54,7.25672e+243
126,55,8.22969e+243
126,56,9.3357e+243
126,57,1.05934e+244
126,58,1.2024e+244
126,59,1.36519e+244
126,60,1.55051e+244
126,61,1.76154e+244
126,62,2.00196e+244
126,63,2.27596e+244
126,64,2.58838e+244
126,65,2.94476e+244
126,66,3.35146e+244
126,67,3.81581e+244
126,68,4.34625e+244
126,69,4.95248e+244
126,70,5.6457e+244
126,71,6.43883e+244
126,72,7.34678e+244
126,73,8.38679e+244
126,74,9.5788e+244
126,75,1.09459e+245
126,76,1.25148e+245
126,77,1.43167e+245
126,78,1.63875e+245
126,79,1.87692e+245
126,80,2.15107e+245
126,81,2.4669e+245
126,82,2.83104e+245
126,83,3.25129e+245
126,84,3.73673e+245
126,85,4.29804e+245
126,86,4.94776e+245
126,87,5.70065e+245
126,88,6.57408e+245
126,89,7.5886e+245
126,90,8.76852e+245
126,91,1.01427e+246
126,92,1.17453e+246
126,93,1.36174e+246
126,94,1.58077e+246
126,95,1.83747e+246
126,96,2.13889e+246
126,97,2.49349e+246
126,98,2.91153e+246
126,99,3.40544e+246
126,100,3.99037e+246
126,101,4.68479e+246
126,102,5.51142e+246
126,103,6.49822e+246
126,104,7.67991e+246
126,105,9.09979e+246
126,106,1.08123e+247
126,107,1.28862e+247
126,108,1.54096e+247
126,109,1.84953e+247
126,110,2.22896e+247
126,111,2.69833e+247
126,112,3.28267e+247
126,113,4.01502e+247
126,114,4.93928e+247
126,115,6.11423e+247
126,116,7.61914e+247
126,117,9.56197e+247
126,118,1.20915e+248
126,119,1.54153e+248
126,120,1.98299e+248
126,121,2.57572e+248
126,122,3.38765e+248
126,123,4.50187e+248
126,124,6.17257e+248
126,125,8.26442e+248
126,126,1.34634e+249
126,127,1.17593e+249
126,128,1.17593e+249
127,0,1.57857e+241
127,1,1.57857e+241
127,2,1.61207e+241
127,3,1.66259e+241
127,4,1.7348e+241
127,5,1.82848e+241
127,6,1.94531e+241
127,7,2.08679e+241
127,8,2.25503e+241
127,9,2.45242e+241
127,10,2.68183e+241
127,11,2.94657e+241
127,12,3.25046e+241
127,13,3.59791e+241
127,14,3.99395e+241
127,15,4.44434e+241
127,16,4.95563e+241
127,17,5.53526e+241
127,18,6.19168e+241
127,19,6.93451e+241
127,20,7.77462e+241
127,21,8.72437e+241
127,22,9.79773e+241
127,23,1.10106e+242
127,24,1.23808e+242
127,25,1.39288e+242
127,26,1.56775e+242
127,27,1.76532e+242
127,28,1.98853e+242
127,29,2.24073e+242
127,30,2.52573e+242
127,31,2.84782e+242
127,32,3.21189e+242
127,33,3.62346e+242
127,34,4.08882e+242
127,35,4.61508e+242
127,36,5.21032e+242
127,37,5.8837e+242
127,38,6.64565e+242
127,39,7.50797e+242
127,40,8.4841e+242
127,41,9.5893e+242
127,42,1.08409e+243
127,43,1.22587e+243
127,44,1.3865e+243
127,45,1.56854e+243
127,46,1.77489e+243
127,47,2.00886e+243
127,48,2.27422e+243
127,49,2.57526e+243
127,50,2.91687e+243
127,51,3.30464e+243
127,52,3.74492e+243
127,53,4.24498e+243
127,54,4.81312e+243
127,55,5.45881e+243
127,56,6.19288e+243
127,57,7.02771e+243
127,58,7.97748e+243
127,59,9.0584e+243
127,60,1.0289e+244
127,61,1.16907e+244
127,62,1.32878e+244
127,63,1.51083e+244
127,64,1.71843e+244
127,65,1.95528e+244
127,66,2.22563e+244
127,67,2.53436e+244
127,68,2.88709e+244
127,69,3.2903e+244
127,70,3.75146e+244
127,71,4.27919e+244
127,72,4.88345e+244
127,73,5.57574e+244
127,74,6.3694e+244
127,75,7.27985e+244
127,76,8.32498e+244
127,77,9.52556e+244
127,78,1.09057e+245
127,79,1.24935e+245
127,80,1.43217e+245
127,81,1.64285e+245
127,82,1.88583e+245
127,83,2.16633e+245
127,84,2.49046e+245
127,85,2.86539e+245
127,86,3.29953e+245
127,87,3.8028e+245
127,88,4.3869e+245
127,89,5.06565e+245
127,90,5.85542e+245
127,91,6.77565e+245
127,92,7.84947e+245
127,93,9.1045e+245
127,94,1.05737e+246
127,95,1.22968e+246
127,96,1.43213e+246
127,97,1.67048e+246
127,98,1.95169e+246
127,99,2.28422e+246
127,100,2.67838e+246
127,101,3.14679e+246
127,102,3.70498e+246
127,103,4.37213e+246
127,104,5.17212e+246
127,105,6.13481e+246
127,106,7.29784e+246
127,107,8.70903e+246
127,108,1.04296e+247
127,109,1.25385e+247
127,110,1.51384e+247
127,111,1.83633e+247
127,112,2.23899e+247
127,113,2.74522e+247
127,114,3.38615e+247
127,115,4.20348e+247
127,116,5.25324e+247
127,117,6.61076e+247
127,118,8.37686e+247
127,119,1.06834e+248
127,120,1.36966e+248
127,121,1.75894e+248
127,122,2.2507e+248
127,123,2.8121e+248
127,124,3.37979e+248
127,125,3.24344e+248
127,126,2.35236e+248
127,127,-9.68954e+248
127,128,-9.68954e+248
128,0,0
128,1,0
128,2,0
128,3,0
128,4,0
128,5,0
128,6,0
128,7,0
128,8,0
128,9,0
128,10,0
128,11,0
128,12,0
128,13,0
128,14,0
128,15,0
128,16,0
128,17,0
128,18,0
128,19,0
128,20,0
128,21,0
128,22,0
128,23,0
128,24,0
128,25,0
128,26,0
128,27,0
128,28,0
128,29,0
128,30,0
128,31,0
128,32,0
128,33,0
128,34,0
128,35,0
128,36,0
128,37,0
128,38,0
128,39,0
128,40,0
128,41,0
128,42,0
128,43,0
128,44,0
128,45,0
128,46,0
128,47,0
128,48,0
128,49,0
128,50,0
128,51,0
128,52,0
128,53,0
128,54,0
128,55,0
128,56,0
128,57,0
128,58,0
128,59,0
128,60,0
128,61,0
128,62,0
128,63,0
128,64,0
128,65,0
128,66,0
128,67,0
128,68,0
128,69,0
128,70,0
128,71,0
128,72,0
128,73,0
128,74,0
128,75,0
128,76,0
128,77,0
128,78,0
128,79,0
128,80,0
128,81,0
128,82,0
128,83,0
128,84,0
128,85,0
128,86,0
128,87,0
128,88,0
128,89,0
128,90,0
128,91,0
128,92,0
128,93,0
128,94,0
128,95,0
128,96,0
128,97,0
128,98,0
128,99,0
128,100,0
128,101,0
128,102,0
128,103,0
128,104,0
128,105,0
128,106,0
128,107,0
128,108,0
128,109,0
128,110,0
128,111,0
128,112,0
128,113,0
128,114,0
128,115,0
128,116,0
128,117,0
128,118,0
128,119,0
128,120,0
128,121,0
128,122,0
128,123,0
128,124,0
128,125,0
128,126,0
128,127,0
128,128,0
