row,column,value
0,0,0
0,1,0
0,2,0
0,3,0
0,4,0
0,5,0
0,6,0
0,7,0
0,8,0
0,9,0
0,10,0
0,11,0
0,12,0
0,13,0
0,14,0
0,15,0
0,16,0
0,17,0
0,18,0
0,19,0
0,20,0
0,21,0
0,22,0
0,23,0
0,24,0
0,25,0
0,26,0
0,27,0
0,28,0
0,29,0
0,30,0
0,31,0
0,32,0
0,33,0
0,34,0
0,35,0
0,36,0
0,37,0
0,38,0
0,39,0
0,40,0
0,41,0
0,42,0
0,43,0
0,44,0
0,45,0
0,46,0
0,47,0
0,48,0
0,49,0
0,50,0
0,51,0
0,52,0
0,53,0
0,54,0
0,55,0
0,56,0
0,57,0
0,58,0
0,59,0
0,60,0
0,61,0
0,62,0
0,63,0
0,64,0
0,65,0
0,66,0
0,67,0
0,68,0
0,69,0
0,70,0
0,71,0
0,72,0
0,73,0
0,74,0
0,75,0
0,76,0
0,77,0
0,78,0
0,79,0
0,80,0
0,81,0
0,82,0
0,83,0
0,84,0
0,85,0
0,86,0
0,87,0
0,88,0
0,89,0
0,90,0
0,91,0
0,92,0
0,93,0
0,94,0
0,95,0
0,96,0
0,97,0
0,98,0
0,99,0
0,100,0
0,101,0
0,102,0
0,103,0
0,104,0
0,105,0
0,106,0
0,107,0
0,108,0
0,109,0
0,110,0
0,111,0
0,112,0
0,113,0
0,114,0
0,115,0
0,116,0
0,117,0
0,118,0
0,119,0
0,120,0
0,121,0
0,122,0
0,123,0
0,124,0
0,125,0
0,126,0
0,127,0
0,128,0
1,0,0
1,1,0.00178814
1,2,0.00537766
1,3,0.011553
1,4,0.0190155
1,5,0.0271612
1,6,0.0353036
1,7,0.0429679
1,8,0.0497817
1,9,0.055484
1,10,0.0598941
1,11,0.0628951
1,12,0.0644178
1,13,0.0644268
1,14,0.0629103
1,15,0.0598729
1,16,0.0553281
1,17,0.0492929
1,18,0.0417841
1,19,0.0328146
1,20,0.0223924
1,21,0.0105185
1,22,-0.00281276
1,23,-0.017614
1,24,-0.033904
1,25,-0.0517071
1,26,-0.0710521
1,27,-0.0919705
1,28,-0.114496
1,29,-0.138661
1,30,-0.164497
1,31,-0.192032
1,32,-0.221288
1,33,-0.252283
1,34,-0.285025
1,35,-0.319512
1,36,-0.355734
1,37,-0.393667
1,38,-0.433274
1,39,-0.474506
1,40,-0.517298
1,41,-0.561568
1,42,-0.607219
1,43,-0.654138
1,44,-0.702192
1,45,-0.751233
1,46,-0.801093
1,47,-0.851587
1,48,-0.902513
1,49,-0.953649
1,50,-1.00476
1,51,-1.05559
1,52,-1.10588
1,53,-1.15533
1,54,-1.20367
1,55,-1.25057
1,56,-1.29574
1,57,-1.33884
1,58,-1.37956
1,59,-1.41757
1,60,-1.45253
1,61,-1.48413
1,62,-1.51206
1,63,-1.536
1,64,-1.55567
1,65,-1.57078
1,66,-1.58109
1,67,-1.58634
1,68,-1.58634
1,69,-1.58088
1,70,-1.56981
1,71,-1.55304
1,72,-1.53049
1,73,-1.50216
1,74,-1.46807
1,75,-1.42833
1,76,-1.38306
1,77,-1.33246
1,78,-1.27679
1,79,-1.21634
1,80,-1.15147
1,81,-1.08259
1,82,-1.01015
1,83,-0.934643
1,84,-0.856615
1,85,-0.77664
1,86,-0.695319
1,87,-0.613277
1,88,-0.531153
1,89,-0.449594
1,90,-0.369241
1,91,-0.290728
1,92,-0.214663
1,93,-0.141629
1,94,-0.0721668
1,95,-0.0067702
1,96,0.0541216
1,97,0.110138
1,98,0.160976
1,99,0.2064
1,100,0.246248
1,101,0.280428
1,102,0.308921
1,103,0.331776
1,104,0.34911
1,105,0.361098
1,106,0.367973
1,107,0.370015
1,108,0.367543
1,109,0.36091
1,110,0.350477
1,111,0.336618
1,112,0.319713
1,113,0.300142
1,114,0.278289
1,115,0.254543
1,116,0.229296
1,117,0.202952
1,118,0.175939
1,119,0.148719
1,120,0.121804
1,121,0.095779
1,122,0.0713081
1,123,0.049172
1,124,0.0301992
1,125,0.0153981
1,126,0.00530784
1,127,0.00112015
1,128,0
2,0,0
2,1,0.00401966
2,2,0.0108454
2,3,0.0213871
2,4,0.0337082
2,5,0.0468995
2,6,0.0599096
2,7,0.0719685
2,8,0.082449
2,9,0.0908889
2,10,0.0969518
2,11,0.100406
2,12,0.101102
2,13,0.098947
2,14,0.0938961
2,15,0.0859337
2,16,0.0750627
2,17,0.0612952
2,18,0.0446453
2,19,0.0251234
2,20,0.00273356
2,21,-0.02253
2,22,-0.0506814
2,23,-0.0817455
2,24,-0.115756
2,25,-0.152754
2,26,-0.192788
2,27,-0.235906
2,28,-0.28216
2,29,-0.331598
2,30,-0.384261
2,31,-0.440185
2,32,-0.499391
2,33,-0.561888
2,34,-0.627669
2,35,-0.696705
2,36,-0.768949
2,37,-0.844326
2,38,-0.92274
2,39,-1.00406
2,40,-1.08815
2,41,-1.1748
2,42,-1.26381
2,43,-1.35494
2,44,-1.4479
2,45,-1.54238
2,46,-1.63804
2,47,-1.73451
2,48,-1.83138
2,49,-1.92822
2,50,-2.02457
2,51,-2.11993
2,52,-2.21381
2,53,-2.30565
2,54,-2.39493
2,55,-2.48106
2,56,-2.56349
2,57,-2.64161
2,58,-2.71486
2,59,-2.78265
2,60,-2.8444
2,61,-2.89956
2,62,-2.94757
2,63,-2.98792
2,64,-3.02011
2,65,-3.04369
2,66,-3.05822
2,67,-3.06334
2,68,-3.05869
2,69,-3.04401
2,70,-3.01908
2,71,-2.98377
2,72,-2.93803
2,73,-2.88189
2,74,-2.81546
2,75,-2.73894
2,76,-2.65262
2,77,-2.55687
2,78,-2.45217
2,79,-2.33906
2,80,-2.21819
2,81,-2.09029
2,82,-1.95615
2,83,-1.81665
2,84,-1.67273
2,85,-1.52539
2,86,-1.37566
2,87,-1.22463
2,88,-1.0734
2,89,-0.923091
2,90,-0.77481
2,91,-0.629657
2,92,-0.488698
2,93,-0.352952
2,94,-0.223377
2,95,-0.10086
2,96,0.0138061
2,97,0.119919
2,98,0.216911
2,99,0.304323
2,100,0.381819
2,101,0.449185
2,102,0.506331
2,103,0.553286
2,104,0.590197
2,105,0.617318
2,106,0.635006
2,107,0.643707
2,108,0.643938
2,109,0.6363
2,110,0.621423
2,111,0.599966
2,112,0.57261
2,113,0.540051
2,114,0.503001
2,115,0.462183
2,116,0.418343
2,117,0.37225
2,118,0.324716
2,119,0.276613
2,120,0.228887
2,121,0.18259
2,122,0.138878
2,123,0.0990462
2,124,0.0644125
2,125,0.0365022
2,126,0.0160935
2,127,0.00519815
2,128,0
3,0,0
3,1,0.00568789
3,2,0.0147749
3,3,0.0281785
3,4,0.0434033
3,5,0.0593359
3,6,0.0746984
3,7,0.0885401
3,8,0.10007
3,9,0.108689
3,10,0.113943
3,11,0.115508
3,12,0.11316
3,13,0.10675
3,14,0.0961901
3,15,0.0814348
3,16,0.0624628
3,17,0.0392678
3,18,0.0118489
3,19,-0.0197969
3,20,-0.0556771
3,21,-0.0958075
3,22,-0.140215
3,23,-0.188935
3,24,-0.242014
3,25,-0.299504
3,26,-0.361462
3,27,-0.427944
3,28,-0.499004
3,29,-0.57469
3,30,-0.655036
3,31,-0.740064
3,32,-0.829775
3,33,-0.924148
3,34,-1.02313
3,35,-1.12666
3,36,-1.23461
3,37,-1.34684
3,38,-1.46318
3,39,-1.58339
3,40,-1.70721
3,41,-1.83434
3,42,-1.96443
3,43,-2.09708
3,44,-2.23187
3,45,-2.3683
3,46,-2.50586
3,47,-2.64399
3,48,-2.78208
3,49,-2.91951
3,50,-3.05559
3,51,-3.18963
3,52,-3.32089
3,53,-3.44865
3,54,-3.57212
3,55,-3.69053
3,56,-3.8031
3,57,-3.90904
3,58,-4.00757
3,59,-4.09792
3,60,-4.17934
3,61,-4.25112
3,62,-4.31254
3,63,-4.36295
3,64,-4.40174
3,65,-4.42835
3,66,-4.44227
3,67,-4.44304
3,68,-4.43028
3,69,-4.40371
3,70,-4.36313
3,71,-4.30843
3,72,-4.23963
3,73,-4.15682
3,74,-4.06021
3,75,-3.95013
3,76,-3.827
3,77,-3.69137
3,78,-3.54387
3,79,-3.38526
3,80,-3.21642
3,81,-3.03829
3,82,-2.85193
3,83,-2.65849
3,84,-2.4592
3,85,-2.25533
3,86,-2.04825
3,87,-1.83935
3,88,-1.63006
3,89,-1.42183
3,90,-1.2161
3,91,-1.01431
3,92,-0.817856
3,93,-0.62808
3,94,-0.446262
3,95,-0.273593
3,96,-0.11116
3,97,0.0400653
3,98,0.179245
3,99,0.305716
3,100,0.418961
3,101,0.51862
3,102,0.604492
3,103,0.676534
3,104,0.734856
3,105,0.779716
3,106,0.81151
3,107,0.830762
3,108,0.8381
3,109,0.83427
3,110,0.820098
3,111,0.796452
3,112,0.764246
3,113,0.724427
3,114,0.677976
3,115,0.6259
3,116,0.569241
3,117,0.509084
3,118,0.446568
3,119,0.382904
3,120,0.319393
3,121,0.257446
3,122,0.19858
3,123,0.144454
3,124,0.0967186
3,125,0.0572969
3,126,0.0272012
3,127,0.00960597
3,128,0
4,0,0
4,1,0.00667594
4,2,0.0170202
4,3,0.03185
4,4,0.0482367
4,5,0.0649111
4,6,0.0804491
4,7,0.0937929
4,8,0.104054
4,9,0.110546
4,10,0.112736
4,11,0.110232
4,12,0.102747
4,13,0.0900826
4,14,0.0721106
4,15,0.0487477
4,16,0.0199423
4,17,-0.0143386
4,18,-0.0541188
4,19,-0.099418
4,20,-0.150261
4,21,-0.206679
4,22,-0.268711
4,23,-0.336404
4,24,-0.409812
4,25,-0.488992
4,26,-0.574
4,27,-0.664889
4,28,-0.761702
4,29,-0.864471
4,30,-0.973207
4,31,-1.0879
4,32,-1.20851
4,33,-1.33496
4,34,-1.46715
4,35,-1.60492
4,36,-1.7481
4,37,-1.89643
4,38,-2.04962
4,39,-2.20735
4,40,-2.36923
4,41,-2.53479
4,42,-2.70357
4,43,-2.87499
4,44,-3.04847
4,45,-3.22335
4,46,-3.39893
4,47,-3.57448
4,48,-3.74919
4,49,-3.92226
4,50,-4.09283
4,51,-4.26
4,52,-4.42286
4,53,-4.5805
4,54,-4.73198
4,55,-4.87635
4,56,-5.01267
4,57,-5.14001
4,58,-5.25745
4,59,-5.36411
4,60,-5.45912
4,61,-5.54166
4,62,-5.61096
4,63,-5.66628
4,64,-5.70697
4,65,-5.73241
4,66,-5.74209
4,67,-5.73555
4,68,-5.7124
4,69,-5.67242
4,70,-5.61547
4,71,-5.5415
4,72,-5.4506
4,73,-5.34296
4,74,-5.21888
4,75,-5.07881
4,76,-4.92329
4,77,-4.75298
4,78,-4.56868
4,79,-4.37129
4,80,-4.16182
4,81,-3.94141
4,82,-3.71129
4,83,-3.47276
4,84,-3.22726
4,85,-2.97625
4,86,-2.72131
4,87,-2.46403
4,88,-2.20605
4,89,-1.94906
4,90,-1.69473
4,91,-1.44471
4,92,-1.20065
4,93,-0.964128
4,94,-0.736666
4,95,-0.519694
4,96,-0.314534
4,97,-0.122387
4,98,0.0556832
4,99,0.218775
4,100,0.366193
4,101,0.497417
4,102,0.612105
4,103,0.7101
4,104,0.791429
4,105,0.856294
4,106,0.905067
4,107,0.938275
4,108,0.956594
4,109,0.96082
4,110,0.951911
4,111,0.930881
4,112,0.898813
4,113,0.856847
4,114,0.806174
4,115,0.748033
4,116,0.683712
4,117,0.614556
4,118,0.541973
4,119,0.467452
4,120,0.392574
4,121,0.319028
4,122,0.248605
4,123,0.183238
4,124,0.124839
4,125,0.0757042
4,126,0.0371269
4,127,0.0135726
4,128,0
5,0,0
5,1,0.00700767
5,2,0.0176544
5,3,0.0325661
5,4,0.0485429
5,5,0.064189
5,6,0.0779896
5,7,0.0888253
5,8,0.095756
5,9,0.0980458
5,10,0.0951173
5,11,0.086529
5,12,0.0719508
5,13,0.0511478
5,14,0.0239515
5,15,-0.00975673
5,16,-0.0500617
5,17,-0.0970224
5,18,-0.150688
5,19,-0.211101
5,20,-0.278307
5,21,-0.352352
5,22,-0.433289
5,23,-0.521173
5,24,-0.616059
5,25,-0.718002
5,26,-0.82705
5,27,-0.943239
5,28,-1.06659
5,29,-1.19711
5,30,-1.33475
5,31,-1.47947
5,32,-1.63116
5,33,-1.78969
5,34,-1.95486
5,35,-2.12643
5,36,-2.30412
5,37,-2.48757
5,38,-2.67637
5,39,-2.87006
5,40,-3.0681
5,41,-3.26991
5,42,-3.47483
5,43,-3.68216
5,44,-3.89114
5,45,-4.10094
5,46,-4.3107
5,47,-4.51951
5,48,-4.72641
5,49,-4.93042
5,50,-5.13052
5,51,-5.32568
5,52,-5.51483
5,53,-5.69691
5,54,-5.87086
5,55,-6.03562
5,56,-6.19015
5,57,-6.33342
5,58,-6.46443
5,59,-6.58224
5,60,-6.68593
5,61,-6.77463
5,62,-6.84756
5,63,-6.90396
5,64,-6.94317
5,65,-6.96462
5,66,-6.96779
5,67,-6.95226
5,68,-6.91773
5,69,-6.86402
5,70,-6.79107
5,71,-6.69892
5,72,-6.58772
5,73,-6.45775
5,74,-6.30941
5,75,-6.14322
5,76,-5.95982
5,77,-5.75996
5,78,-5.54455
5,79,-5.31456
5,80,-5.07113
5,81,-4.81548
5,82,-4.54894
5,83,-4.27294
5,84,-3.98902
5,85,-3.69876
5,86,-3.40385
5,87,-3.10602
5,88,-2.80707
5,89,-2.50879
5,90,-2.21301
5,91,-1.92157
5,92,-1.63627
5,93,-1.35886
5,94,-1.09105
5,95,-0.834456
5,96,-0.5906
5,97,-0.360877
5,98,-0.146545
5,99,0.0512912
5,100,0.231701
5,101,0.393997
5,102,0.537679
5,103,0.662448
5,104,0.76821
5,105,0.85507
5,106,0.923325
5,107,0.973458
5,108,1.00613
5,109,1.02214
5,110,1.02249
5,111,1.00829
5,112,0.98075
5,113,0.941141
5,114,0.890818
5,115,0.831199
5,116,0.763768
5,117,0.690079
5,118,0.611758
5,119,0.530518
5,120,0.448161
5,121,0.366601
5,122,0.287847
5,123,0.214063
5,124,0.147404
5,125,0.0905384
5,126,0.0450833
5,127,0.0167295
5,128,0
6,0,0
6,1,0.00678486
6,2,0.0168912
6,3,0.030652
6,4,0.0447782
6,5,0.0577822
6,6,0.0681095
6,7,0.0746151
6,8,0.0763416
6,9,0.0725352
6,10,0.062597
6,11,0.0460587
6,12,0.0225678
6,13,-0.0081412
6,14,-0.0462692
6,15,-0.091963
6,16,-0.145336
6,17,-0.206479
6,18,-0.275465
6,19,-0.352364
6,20,-0.437239
6,21,-0.530152
6,22,-0.631165
6,23,-0.740336
6,24,-0.857719
6,25,-0.983356
6,26,-1.11728
6,27,-1.25949
6,28,-1.40999
6,29,-1.56871
6,30,-1.73558
6,31,-1.91048
6,32,-2.09322
6,33,-2.28357
6,34,-2.48126
6,35,-2.68593
6,36,-2.89718
6,37,-3.11454
6,38,-3.33745
6,39,-3.56532
6,40,-3.79746
6,41,-4.03314
6,42,-4.27155
6,43,-4.51183
6,44,-4.75306
6,45,-4.99426
6,46,-5.23441
6,47,-5.47247
6,48,-5.70732
6,49,-5.93785
6,50,-6.16291
6,51,-6.38135
6,52,-6.592
6,53,-6.79372
6,54,-6.98535
6,55,-7.16576
6,56,-7.33386
6,57,-7.48857
6,58,-7.62889
6,59,-7.75383
6,60,-7.86248
6,61,-7.95399
6,62,-8.02757
6,63,-8.08252
6,64,-8.11822
6,65,-8.13412
6,66,-8.12978
6,67,-8.10483
6,68,-8.05907
6,69,-7.99238
6,70,-7.90477
6,71,-7.79634
6,72,-7.66733
6,73,-7.51807
6,74,-7.34902
6,75,-7.16077
6,76,-6.954
6,77,-6.72954
6,78,-6.48833
6,79,-6.23141
6,80,-5.95994
6,81,-5.67521
6,82,-5.3786
6,83,-5.07159
6,84,-4.75576
6,85,-4.43278
6,86,-4.10437
6,87,-3.77236
6,88,-3.43861
6,89,-3.10501
6,90,-2.77349
6,91,-2.44599
6,92,-2.12443
6,93,-1.81071
6,94,-1.50667
6,95,-1.21408
6,96,-0.934633
6,97,-0.66989
6,98,-0.421288
6,99,-0.190113
6,100,0.0225179
6,101,0.21566
6,102,0.388656
6,103,0.541041
6,104,0.672575
6,105,0.783233
6,106,0.873206
6,107,0.94289
6,108,0.992885
6,109,1.02397
6,110,1.0371
6,111,1.03347
6,112,1.01432
6,113,0.981054
6,114,0.935123
6,115,0.878087
6,116,0.81158
6,117,0.737322
6,118,0.657112
6,119,0.572842
6,120,0.486497
6,121,0.400173
6,122,0.316068
6,123,0.236557
6,124,0.164024
6,125,0.101499
6,126,0.0509283
6,127,0.0190284
6,128,0
7,0,0
7,1,0.00609928
7,2,0.0149308
7,3,0.0264298
7,4,0.0373921
7,5,0.0462768
7,6,0.0515426
7,7,0.052051
7,8,0.0468577
7,9,0.035216
7,10,0.016526
7,11,-0.00968267
7,12,-0.0437735
7,13,-0.0860282
7,14,-0.136669
7,15,-0.195869
7,16,-0.26377
7,17,-0.340489
7,18,-0.426127
7,19,-0.520773
7,20,-0.624509
7,21,-0.73741
7,22,-0.859541
7,23,-0.99096
7,24,-1.13171
7,25,-1.28181
7,26,-1.44126
7,27,-1.61004
7,28,-1.78808
7,29,-1.97526
7,30,-2.17145
7,31,-2.37643
7,32,-2.58992
7,33,-2.81162
7,34,-3.04111
7,35,-3.27793
7,36,-3.52155
7,37,-3.77136
7,38,-4.02667
7,39,-4.28674
7,40,-4.55074
7,41,-4.81778
7,42,-5.08691
7,43,-5.35713
7,44,-5.62736
7,45,-5.89651
7,46,-6.16341
7,47,-6.42689
7,48,-6.68573
7,49,-6.93872
7,50,-7.18461
7,51,-7.42218
7,52,-7.65019
7,53,-7.86744
7,54,-8.07275
7,55,-8.26495
7,56,-8.44294
7,57,-8.60565
7,58,-8.75208
7,59,-8.88128
7,60,-8.99236
7,61,-9.08451
7,62,-9.15701
7,63,-9.20921
7,64,-9.24054
7,65,-9.25053
7,66,-9.23881
7,67,-9.20506
7,68,-9.14919
7,69,-9.07113
7,70,-8.97094
7,71,-8.84878
7,72,-8.70491
7,73,-8.53972
7,74,-8.35371
7,75,-8.14747
7,76,-7.92172
7,77,-7.67731
7,78,-7.41517
7,79,-7.13637
7,80,-6.84209
7,81,-6.53359
7,82,-6.21228
7,83,-5.87965
7,84,-5.53729
7,85,-5.18687
7,86,-4.83018
7,87,-4.46903
7,88,-4.10535
7,89,-3.74108
7,90,-3.37822
7,91,-3.01877
7,92,-2.66475
7,93,-2.31817
7,94,-1.98097
7,95,-1.65507
7,96,-1.3423
7,97,-1.04437
7,98,-0.762896
7,99,-0.499326
7,100,-0.25496
7,101,-0.0309107
7,102,0.171883
7,103,0.352791
7,104,0.5114
7,105,0.647538
7,106,0.761259
7,107,0.852849
7,108,0.922814
7,109,0.971875
7,110,1.00092
7,111,1.01113
7,112,1.00381
7,113,0.980392
7,114,0.942423
7,115,0.891556
7,116,0.829543
7,117,0.75823
7,118,0.679554
7,119,0.595553
7,120,0.508364
7,121,0.42024
7,122,0.333547
7,123,0.250854
7,124,0.174767
7,125,0.108639
7,126,0.0547231
7,127,0.0205088
7,128,0
8,0,0
8,1,0.00502688
8,2,0.0119455
8,3,0.0201872
8,4,0.0267904
8,5,0.030201
8,6,0.0289444
8,7,0.021921
8,8,0.00822865
8,9,-0.0128507
8,10,-0.0418943
8,11,-0.0793523
8,12,-0.125586
8,13,-0.180887
8,14,-0.245491
8,15,-0.319594
8,16,-0.403359
8,17,-0.496929
8,18,-0.600424
8,19,-0.713955
8,20,-0.837614
8,21,-0.971484
8,22,-1.11563
8,23,-1.2701
8,24,-1.43491
8,25,-1.61006
8,26,-1.79552
8,27,-1.99119
8,28,-2.19695
8,29,-2.41263
8,30,-2.63798
8,31,-2.87271
8,32,-3.11643
8,33,-3.36872
8,34,-3.62905
8,35,-3.89683
8,36,-4.17139
8,37,-4.45198
8,38,-4.73779
8,39,-5.02791
8,40,-5.32139
8,41,-5.6172
8,42,-5.91425
8,43,-6.2114
8,44,-6.50747
8,45,-6.80123
8,46,-7.09143
8,47,-7.3768
8,48,-7.65604
8,49,-7.92786
8,50,-8.19098
8,51,-8.44412
8,52,-8.68602
8,53,-8.91547
8,54,-9.13127
8,55,-9.3323
8,56,-9.51746
8,57,-9.68572
8,58,-9.83612
8,59,-9.96777
8,60,-10.0798
8,61,-10.1716
8,62,-10.2423
8,63,-10.2915
8,64,-10.3187
8,65,-10.3233
8,66,-10.3053
8,67,-10.2642
8,68,-10.2001
8,69,-10.1129
8,70,-10.0027
8,71,-9.86969
8,72,-9.71419
8,73,-9.53657
8,74,-9.33732
8,75,-9.11704
8,76,-8.87644
8,77,-8.61634
8,78,-8.33767
8,79,-8.04145
8,80,-7.72884
8,81,-7.4011
8,82,-7.05959
8,83,-6.70579
8,84,-6.34126
8,85,-5.96768
8,86,-5.58681
8,87,-5.20049
8,88,-4.81066
8,89,-4.41928
8,90,-4.0284
8,91,-3.64008
8,92,-3.25641
8,93,-2.87948
8,94,-2.51134
8,95,-2.15402
8,96,-1.80949
8,97,-1.4796
8,98,-1.16612
8,99,-0.870678
8,100,-0.594742
8,101,-0.33961
8,102,-0.106385
8,103,0.104035
8,104,0.291026
8,105,0.454246
8,106,0.593601
8,107,0.70924
8,108,0.801555
8,109,0.871176
8,110,0.918931
8,111,0.945905
8,112,0.953432
8,113,0.942968
8,114,0.916113
8,115,0.874586
8,116,0.820224
8,117,0.754971
8,118,0.680877
8,119,0.600098
8,120,0.5149
8,121,0.427677
8,122,0.340946
8,123,0.257452
8,124,0.180006
8,125,0.112232
8,126,0.056649
8,127,0.0212575
8,128,0
9,0,0
9,1,0.00362382
9,2,0.00806913
9,3,0.0121608
9,4,0.0133177
9,5,0.0100122
9,6,0.000889072
9,7,-0.0150793
9,8,-0.0387238
9,9,-0.0707086
9,10,-0.11156
9,11,-0.161701
9,12,-0.221482
9,13,-0.291193
9,14,-0.371077
9,15,-0.461344
9,16,-0.562178
9,17,-0.673736
9,18,-0.796159
9,19,-0.929568
9,20,-1.07406
9,21,-1.22973
9,22,-1.39663
9,23,-1.57477
9,24,-1.76417
9,25,-1.96477
9,26,-2.17649
9,27,-2.39918
9,28,-2.63263
9,29,-2.87659
9,30,-3.13072
9,31,-3.39462
9,32,-3.6678
9,33,-3.9497
9,34,-4.23967
9,35,-4.53699
9,36,-4.84086
9,37,-5.1504
9,38,-5.46464
9,39,-5.78257
9,40,-6.10308
9,41,-6.42502
9,42,-6.74721
9,43,-7.06837
9,44,-7.38725
9,45,-7.70251
9,46,-8.01285
9,47,-8.31692
9,48,-8.61338
9,49,-8.90092
9,50,-9.17822
9,51,-9.44401
9,52,-9.69703
9,53,-9.9361
9,54,-10.1601
9,55,-10.3678
9,56,-10.5583
9,57,-10.7306
9,58,-10.8838
9,59,-11.017
9,60,-11.1296
9,61,-11.2208
9,62,-11.29
9,63,-11.3368
9,64,-11.3607
9,65,-11.3614
9,66,-11.3387
9,67,-11.2923
9,68,-11.2222
9,69,-11.1285
9,70,-11.0111
9,71,-10.8704
9,72,-10.7065
9,73,-10.5199
9,74,-10.311
9,75,-10.0804
9,76,-9.82869
9,77,-9.55674
9,78,-9.26539
9,79,-8.95563
9,80,-8.62855
9,81,-8.28537
9,82,-7.9274
9,83,-7.55607
9,84,-7.17292
9,85,-6.77958
9,86,-6.37779
9,87,-5.9694
9,88,-5.55632
9,89,-5.14054
9,90,-4.72414
9,91,-4.30922
9,92,-3.89793
9,93,-3.49243
9,94,-3.09488
9,95,-2.70741
9,96,-2.33211
9,97,-1.97099
9,98,-1.62596
9,99,-1.29881
9,100,-0.991199
9,101,-0.704598
9,102,-0.440295
9,103,-0.199373
9,104,0.0173273
9,105,0.209183
9,106,0.375954
9,107,0.517625
9,108,0.634461
9,109,0.726975
9,110,0.795926
9,111,0.842278
9,112,0.86734
9,113,0.872582
9,114,0.859625
9,115,0.830237
9,116,0.786316
9,117,0.729882
9,118,0.663075
9,119,0.588153
9,120,0.507492
9,121,0.423611
9,122,0.339164
9,123,0.257055
9,124,0.180271
9,125,0.112652
9,126,0.0569286
9,127,0.0213719
9,128,0
10,0,0
10,1,0.00193085
10,2,0.00340371
10,3,0.00253966
10,4,-0.00274052
10,5,-0.0139001
10,6,-0.0321228
10,7,-0.0583288
10,8,-0.09325
10,9,-0.137467
10,10,-0.191443
10,11,-0.255565
10,12,-0.330158
10,13,-0.4155
10,14,-0.511839
10,15,-0.619391
10,16,-0.738351
10,17,-0.868891
10,18,-1.01116
10,19,-1.16529
10,20,-1.33138
10,21,-1.50951
10,22,-1.69971
10,23,-1.90199
10,24,-2.1163
10,25,-2.34254
10,26,-2.58058
10,27,-2.83018
10,28,-3.09106
10,29,-3.36287
10,30,-3.64517
10,31,-3.93743
10,32,-4.23906
10,33,-4.54937
10,34,-4.86759
10,35,-5.19286
10,36,-5.52425
10,37,-5.86075
10,38,-6.20127
10,39,-6.54468
10,40,-6.88975
10,41,-7.23525
10,42,-7.57987
10,43,-7.92229
10,44,-8.26115
10,45,-8.59508
10,46,-8.92273
10,47,-9.24271
10,48,-9.5537
10,49,-9.85436
10,50,-10.1434
10,51,-10.4195
10,52,-10.6816
10,53,-10.9285
10,54,-11.159
10,55,-11.3721
10,56,-11.567
10,57,-11.7426
10,58,-11.8981
10,59,-12.0329
10,60,-12.1462
10,61,-12.2374
10,62,-12.3061
10,63,-12.3517
10,64,-12.3739
10,65,-12.3725
10,66,-12.3471
10,67,-12.2977
10,68,-12.2242
10,69,-12.1266
10,70,-12.005
10,71,-11.8595
10,72,-11.6905
10,73,-11.4981
10,74,-11.2828
10,75,-11.0452
10,76,-10.7858
10,77,-10.5054
10,78,-10.2047
10,79,-9.88476
10,80,-9.5465
10,81,-9.19108
10,82,-8.81976
10,83,-8.43392
10,84,-8.03502
10,85,-7.62468
10,86,-7.20458
10,87,-6.77655
10,88,-6.34249
10,89,-5.9044
10,90,-5.46436
10,91,-5.02452
10,92,-4.58708
10,93,-4.15428
10,94,-3.72835
10,95,-3.31154
10,96,-2.90605
10,97,-2.51405
10,98,-2.13759
10,99,-1.77864
10,100,-1.43903
10,101,-1.12041
10,102,-0.824279
10,103,-0.551892
10,104,-0.304295
10,105,-0.0822806
10,106,0.113611
10,107,0.283182
10,108,0.426543
10,109,0.544084
10,110,0.636457
10,111,0.704553
10,112,0.749559
10,113,0.772953
10,114,0.776366
10,115,0.761593
10,116,0.730576
10,117,0.685399
10,118,0.628273
10,119,0.561544
10,120,0.487687
10,121,0.40933
10,122,0.329251
10,123,0.250489
10,124,0.176182
10,125,0.110322
10,126,0.0558016
10,127,0.0209523
10,128,0
11,0,0
11,1,-2.30508e-05
11,2,-0.00197436
11,3,-0.0085261
11,4,-0.021146
11,5,-0.0411961
11,6,-0.0696402
11,7,-0.10726
11,8,-0.154653
11,9,-0.212297
11,10,-0.280582
11,11,-0.359841
11,12,-0.450366
11,13,-0.55242
11,14,-0.66624
11,15,-0.792048
11,16,-0.930041
11,17,-1.0804
11,18,-1.24328
11,19,-1.41881
11,20,-1.60708
11,21,-1.80815
11,22,-2.02203
11,23,-2.2487
11,24,-2.48805
11,25,-2.73994
11,26,-3.00413
11,27,-3.28033
11,28,-3.56816
11,29,-3.86716
11,30,-4.17679
11,31,-4.49641
11,32,-4.82529
11,33,-5.16263
11,34,-5.50753
11,35,-5.859
11,36,-6.21601
11,37,-6.57741
11,38,-6.94201
11,39,-7.30858
11,40,-7.67581
11,41,-8.04236
11,42,-8.40688
11,43,-8.76799
11,44,-9.12428
11,45,-9.47436
11,46,-9.81687
11,47,-10.1504
11,48,-10.4737
11,49,-10.7854
11,50,-11.0843
11,51,-11.3692
11,52,-11.6389
11,53,-11.8923
11,54,-12.1284
11,55,-12.3463
11,56,-12.5451
11,57,-12.724
11,58,-12.8821
11,59,-13.0189
11,60,-13.1338
11,61,-13.2261
11,62,-13.2955
11,63,-13.3416
11,64,-13.3639
11,65,-13.3623
11,66,-13.3366
11,67,-13.2866
11,68,-13.2122
11,69,-13.1134
11,70,-12.9903
11,71,-12.8429
11,72,-12.6715
11,73,-12.4763
11,74,-12.2577
11,75,-12.016
11,76,-11.7519
11,77,-11.466
11,78,-11.159
11,79,-10.8316
11,80,-10.485
11,81,-10.1201
11,82,-9.73803
11,83,-9.3402
11,84,-8.92799
11,85,-8.50292
11,86,-8.06667
11,87,-7.62099
11,88,-7.16779
11,89,-6.70905
11,90,-6.24687
11,91,-5.78342
11,92,-5.32094
11,93,-4.86174
11,94,-4.40815
11,95,-3.96251
11,96,-3.52715
11,97,-3.10437
11,98,-2.6964
11,99,-2.30536
11,100,-1.93327
11,101,-1.58198
11,102,-1.25317
11,103,-0.948313
11,104,-0.668648
11,105,-0.415162
11,106,-0.18858
11,107,0.0106728
11,108,0.182437
11,109,0.326983
11,110,0.44483
11,111,0.536795
11,112,0.603928
11,113,0.647669
11,114,0.669652
11,115,0.671688
11,116,0.655755
11,117,0.623983
11,118,0.578648
11,119,0.522171
11,120,0.457115
11,121,0.386205
11,122,0.31233
11,123,0.238641
11,124,0.168395
11,125,0.105681
11,126,0.0535087
11,127,0.0200957
11,128,0
12,0,0
12,1,-0.0022163
12,2,-0.00800482
12,3,-0.0209109
12,4,-0.0416909
12,5,-0.0715732
12,6,-0.111257
12,7,-0.161348
12,8,-0.222282
12,9,-0.294418
12,10,-0.378057
12,11,-0.473469
12,12,-0.580903
12,13,-0.700596
12,14,-0.832774
12,15,-0.977652
12,16,-1.13543
12,17,-1.30628
12,18,-1.49037
12,19,-1.6878
12,20,-1.89866
12,21,-2.12298
12,22,-2.36074
12,23,-2.61186
12,24,-2.87618
12,25,-3.15349
12,26,-3.44348
12,27,-3.74576
12,28,-4.05985
12,29,-4.3852
12,30,-4.72113
12,31,-5.06689
12,32,-5.42166
12,33,-5.78449
12,34,-6.15437
12,35,-6.53021
12,36,-6.91086
12,37,-7.29507
12,38,-7.68158
12,39,-8.06904
12,40,-8.4561
12,41,-8.84138
12,42,-9.22345
12,43,-9.60093
12,44,-9.97239
12,45,-10.3365
12,46,-10.6918
12,47,-11.037
12,48,-11.3708
12,49,-11.692
12,50,-11.9994
12,51,-12.2918
12,52,-12.5682
12,53,-12.8275
12,54,-13.0689
12,55,-13.2915
12,56,-13.4943
12,57,-13.6768
12,58,-13.8382
12,59,-13.978
12,60,-14.0955
12,61,-14.1903
12,62,-14.262
12,63,-14.3102
12,64,-14.3346
12,65,-14.335
12,66,-14.311
12,67,-14.2627
12,68,-14.1898
12,69,-14.0923
12,70,-13.9701
12,71,-13.8234
12,72,-13.6523
12,73,-13.4568
12,74,-13.2374
12,75,-12.9944
12,76,-12.7282
12,77,-12.4393
12,78,-12.1284
12,79,-11.7962
12,80,-11.4436
12,81,-11.0716
12,82,-10.6812
12,83,-10.2736
12,84,-9.85014
12,85,-9.41236
12,86,-8.96182
12,87,-8.50025
12,88,-8.02951
12,89,-7.55157
12,90,-7.06852
12,91,-6.58256
12,92,-6.09598
12,93,-5.61113
12,94,-5.13042
12,95,-4.65631
12,96,-4.19125
12,97,-3.73767
12,98,-3.29797
12,99,-2.87445
12,100,-2.46932
12,101,-2.08462
12,102,-1.72226
12,103,-1.3839
12,104,-1.07099
12,105,-0.784748
12,106,-0.526079
12,107,-0.295611
12,108,-0.0936669
12,109,0.0797469
12,110,0.224983
12,111,0.342752
12,112,0.434022
12,113,0.500104
12,114,0.542639
12,115,0.563444
12,116,0.564524
12,117,0.548052
12,118,0.516359
12,119,0.471934
12,120,0.41742
12,121,0.35563
12,122,0.289544
12,123,0.222407
12,124,0.157569
12,125,0.0991638
12,126,0.0502831
12,127,0.0188945
12,128,0
13,0,0
13,1,-0.00463126
13,2,-0.0146366
13,3,-0.0345058
13,4,-0.0641922
13,5,-0.104759
13,6,-0.156595
13,7,-0.220095
13,8,-0.295514
13,9,-0.383075
13,10,-0.482975
13,11,-0.595412
13,12,-0.720582
13,13,-0.858692
13,14,-1.00995
13,15,-1.17455
13,16,-1.3527
13,17,-1.54456
13,18,-1.75027
13,19,-1.96994
13,20,-2.20362
13,21,-2.45132
13,22,-2.71295
13,23,-2.9884
13,24,-3.27743
13,25,-3.57976
13,26,-3.89498
13,27,-4.22262
13,28,-4.5621
13,29,-4.91274
13,30,-5.27378
13,31,-5.64434
13,32,-6.02348
13,33,-6.41016
13,34,-6.80325
13,35,-7.20157
13,36,-7.60386
13,37,-8.00881
13,38,-8.41508
13,39,-8.82128
13,40,-9.22601
13,41,-9.62784
13,42,-10.0254
13,43,-10.4172
13,44,-10.8018
13,45,-11.1781
13,46,-11.5445
13,47,-11.8998
13,48,-12.2428
13,49,-12.5724
13,50,-12.8873
13,51,-13.1866
13,52,-13.4692
13,53,-13.7343
13,54,-13.9809
13,55,-14.2083
13,56,-14.4157
13,57,-14.6025
13,58,-14.7681
13,59,-14.9118
13,60,-15.0333
13,61,-15.132
13,62,-15.2076
13,63,-15.2596
13,64,-15.2879
13,65,-15.292
13,66,-15.2719
13,67,-15.2273
13,68,-15.158
13,69,-15.0639
13,70,-14.9449
13,71,-14.8011
13,72,-14.6324
13,73,-14.439
13,74,-14.2211
13,75,-13.979
13,76,-13.7129
13,77,-13.4234
13,78,-13.1109
13,79,-12.7761
13,80,-12.4198
13,81,-12.0428
13,82,-11.646
13,83,-11.2307
13,84,-10.798
13,85,-10.3494
13,86,-9.88636
13,87,-9.41055
13,88,-8.9238
13,89,-8.42804
13,90,-7.92536
13,91,-7.41797
13,92,-6.90818
13,93,-6.39839
13,94,-5.89111
13,95,-5.38887
13,96,-4.89425
13,97,-4.40984
13,98,-3.93818
13,99,-3.48176
13,100,-3.043
13,101,-2.62415
13,102,-2.22732
13,103,-1.85441
13,104,-1.50711
13,105,-1.18684
13,106,-0.894715
13,107,-0.631583
13,108,-0.397947
13,109,-0.193992
13,110,-0.0195528
13,111,0.125842
13,112,0.243091
13,113,0.333363
13,114,0.398255
13,115,0.439596
13,116,0.459412
13,117,0.459914
13,118,0.443486
13,119,0.412679
13,120,0.370208
13,121,0.318964
13,122,0.26201
13,123,0.202663
13,124,0.144343
13,125,0.0911877
13,126,0.0463458
13,127,0.0174351
13,128,0
14,0,0
14,1,-0.00725276
14,2,-0.0218251
14,3,-0.0492131
14,4,-0.0884818
14,5,-0.140497
14,6,-0.205288
14,7,-0.28302
14,8,-0.373742
14,9,-0.477528
14,10,-0.594458
14,11,-0.724644
14,12,-0.86823
14,13,-1.02538
14,14,-1.19628
14,15,-1.3811
14,16,-1.58004
14,17,-1.79325
14,18,-2.02085
14,19,-2.26291
14,20,-2.51947
14,21,-2.79047
14,22,-3.0758
14,23,-3.37525
14,24,-3.68854
14,25,-4.01528
14,26,-4.355
14,27,-4.70711
14,28,-5.07093
14,29,-5.44568
14,30,-5.83048
14,31,-6.22437
14,32,-6.62628
14,33,-7.03508
14,34,-7.44956
14,35,-7.86844
14,36,-8.29041
14,37,-8.71409
14,38,-9.13809
14,39,-9.56099
14,40,-9.98137
14,41,-10.3978
14,42,-10.8089
14,43,-11.2132
14,44,-11.6095
14,45,-11.9963
14,46,-12.3725
14,47,-12.7368
14,48,-13.088
14,49,-13.4251
14,50,-13.747
14,51,-14.0527
14,52,-14.3414
14,53,-14.6122
14,54,-14.8643
14,55,-15.097
14,56,-15.3096
14,57,-15.5015
14,58,-15.6721
14,59,-15.821
14,60,-15.9476
14,61,-16.0515
14,62,-16.1324
14,63,-16.1898
14,64,-16.2235
14,65,-16.2332
14,66,-16.2185
14,67,-16.1793
14,68,-16.1154
14,69,-16.0265
14,70,-15.9126
14,71,-15.7736
14,72,-15.6093
14,73,-15.42
14,74,-15.2056
14,75,-14.9663
14,76,-14.7024
14,77,-14.4143
14,78,-14.1022
14,79,-13.7669
14,80,-13.4089
14,81,-13.0289
14,82,-12.6279
14,83,-12.2068
14,84,-11.7668
14,85,-11.3092
14,86,-10.8355
14,87,-10.3471
14,88,-9.84592
14,89,-9.33381
14,90,-8.81283
14,91,-8.28516
14,92,-7.75316
14,93,-7.21926
14,94,-6.68603
14,95,-6.1561
14,96,-5.63216
14,97,-5.11694
14,98,-4.61316
14,99,-4.12349
14,100,-3.65056
14,101,-3.19683
14,102,-2.76466
14,103,-2.3562
14,104,-1.97335
14,105,-1.61779
14,106,-1.29088
14,107,-0.993672
14,108,-0.726883
14,109,-0.490886
14,110,-0.285691
14,111,-0.110965
14,112,0.0339898
14,113,0.150195
14,114,0.239129
14,115,0.302627
14,116,0.342736
14,117,0.361706
14,118,0.361969
14,119,0.346136
14,120,0.316991
14,121,0.277497
14,122,0.230787
14,123,0.180236
14,124,0.129316
14,125,0.0821416
14,126,0.0419007
14,127,0.0157963
14,128,0
15,0,0
15,1,-0.0100667
15,2,-0.029528
15,3,-0.0649403
15,4,-0.114396
15,5,-0.178527
15,6,-0.256974
15,7,-0.349644
15,8,-0.456364
15,9,-0.577039
15,10,-0.711625
15,11,-0.860143
15,12,-1.02267
15,13,-1.19933
15,14,-1.39027
15,15,-1.59566
15,16,-1.81565
15,17,-2.05037
15,18,-2.29994
15,19,-2.56438
15,20,-2.84368
15,21,-3.13775
15,22,-3.44641
15,23,-3.76938
15,24,-4.1063
15,25,-4.45669
15,26,-4.82
15,27,-5.19552
15,28,-5.5825
15,29,-5.98003
15,30,-6.38715
15,31,-6.80279
15,32,-7.2258
15,33,-7.65497
15,34,-8.089
15,35,-8.52656
15,36,-8.96629
15,37,-9.40676
15,38,-9.84657
15,39,-10.2843
15,40,-10.7185
15,41,-11.1478
15,42,-11.5708
15,43,-11.9861
15,44,-12.3925
15,45,-12.7888
15,46,-13.1736
15,47,-13.5459
15,48,-13.9046
15,49,-14.2487
15,50,-14.5772
15,51,-14.8892
15,52,-15.184
15,53,-15.4607
15,54,-15.7186
15,55,-15.957
15,56,-16.1754
15,57,-16.3731
15,58,-16.5497
15,59,-16.7046
15,60,-16.8374
15,61,-16.9476
15,62,-17.035
15,63,-17.099
15,64,-17.1394
15,65,-17.1559
15,66,-17.1481
15,67,-17.1157
15,68,-17.0586
15,69,-16.9765
15,70,-16.8692
15,71,-16.7365
15,72,-16.5783
15,73,-16.3946
15,74,-16.1855
15,75,-15.9509
15,76,-15.691
15,77,-15.4061
15,78,-15.0965
15,79,-14.7626
15,80,-14.4049
15,81,-14.024
15,82,-13.6207
15,83,-13.1959
15,84,-12.7506
15,85,-12.286
15,86,-11.8034
15,87,-11.3043
15,88,-10.7905
15,89,-10.2636
15,90,-9.72584
15,91,-9.17928
15,92,-8.62627
15,93,-8.06928
15,94,-7.51093
15,95,-6.95394
15,96,-6.4011
15,97,-5.85528
15,98,-5.31936
15,99,-4.79622
15,100,-4.28868
15,101,-3.79946
15,102,-3.33114
15,103,-2.88615
15,104,-2.46666
15,105,-2.07459
15,106,-1.71156
15,107,-1.37889
15,108,-1.07751
15,109,-0.807996
15,110,-0.57056
15,111,-0.365019
15,112,-0.190823
15,113,-0.0470564
15,114,0.0675342
15,115,0.154711
15,116,0.216549
15,117,0.255336
15,118,0.273554
15,119,0.273875
15,120,0.259148
15,121,0.232404
15,122,0.19684
15,123,0.155881
15,124,0.113035
15,125,0.0723782
15,126,0.0371315
15,127,0.0140488
15,128,0
16,0,0
16,1,-0.0130587
16,2,-0.0377033
16,3,-0.0815922
16,4,-0.141763
16,5,-0.21859
16,6,-0.311288
16,7,-0.419486
16,8,-0.542769
16,9,-0.680866
16,10,-0.833593
16,11,-1.00088
16,12,-1.18272
16,13,-1.3792
16,14,-1.59044
16,15,-1.81655
16,16,-2.05769
16,17,-2.31395
16,18,-2.58539
16,19,-2.87202
16,20,-3.17378
16,21,-3.4905
16,22,-3.82195
16,23,-4.16778
16,24,-4.52754
16,25,-4.90067
16,26,-5.2865
16,27,-5.68427
16,28,-6.09308
16,29,-6.51198
16,30,-6.93989
16,31,-7.37566
16,32,-7.81807
16,33,-8.26583
16,34,-8.7176
16,35,-9.172
16,36,-9.62764
16,37,-10.0831
16,38,-10.5369
16,39,-10.9877
16,40,-11.4341
16,41,-11.8746
16,42,-12.3081
16,43,-12.7331
16,44,-13.1485
16,45,-13.5531
16,46,-13.9457
16,47,-14.3253
16,48,-14.6909
16,49,-15.0416
16,50,-15.3765
16,51,-15.6947
16,52,-15.9955
16,53,-16.2783
16,54,-16.5422
16,55,-16.7868
16,56,-17.0115
16,57,-17.2156
16,58,-17.3987
16,59,-17.5604
16,60,-17.7002
16,61,-17.8176
16,62,-17.9123
16,63,-17.9838
16,64,-18.0319
16,65,-18.0561
16,66,-18.0562
16,67,-18.0318
16,68,-17.9826
16,69,-17.9084
16,70,-17.8089
16,71,-17.6838
16,72,-17.5331
16,73,-17.3566
16,74,-17.1542
16,75,-16.926
16,76,-16.6718
16,77,-16.392
16,78,-16.0867
16,79,-15.7561
16,80,-15.4007
16,81,-15.0209
16,82,-14.6174
16,83,-14.191
16,84,-13.7425
16,85,-13.273
16,86,-12.7837
16,87,-12.276
16,88,-11.7514
16,89,-11.2117
16,90,-10.6589
16,91,-10.0951
16,92,-9.5226
16,93,-8.94384
16,94,-8.3615
16,95,-7.77834
16,96,-7.19729
16,97,-6.62132
16,98,-6.05348
16,99,-5.49684
16,100,-4.95444
16,101,-4.42925
16,102,-3.92412
16,103,-3.44172
16,104,-2.98454
16,105,-2.55479
16,106,-2.15437
16,107,-1.78485
16,108,-1.44744
16,109,-1.14296
16,110,-0.871809
16,111,-0.633998
16,112,-0.429128
16,113,-0.256401
16,114,-0.114666
16,115,-0.00233879
16,116,0.0825847
16,117,0.142439
16,118,0.179754
16,119,0.197265
16,120,0.197889
16,121,0.184722
16,122,0.161024
16,123,0.130263
16,124,0.0959805
16,125,0.0622067
16,126,0.0321986
16,127,0.0122539
16,128,0
17,0,0
17,1,-0.0162135
17,2,-0.0463046
17,3,-0.0990651
17,4,-0.170406
17,5,-0.260416
17,6,-0.367854
17,7,-0.492053
17,8,-0.63234
17,9,-0.788253
17,10,-0.959467
17,11,-1.1458
17,12,-1.3472
17,13,-1.56366
17,14,-1.79528
17,15,-2.04215
17,16,-2.30436
17,17,-2.58199
17,18,-2.87507
17,19,-3.18354
17,20,-3.50729
17,21,-3.84611
17,22,-4.19966
17,23,-4.56754
17,24,-4.9492
17,25,-5.344
17,26,-5.75119
17,27,-6.16989
17,28,-6.59915
17,29,-7.03791
17,30,-7.48502
17,31,-7.93927
17,32,-8.39936
17,33,-8.86396
17,34,-9.3317
17,35,-9.80117
17,36,-10.271
17,37,-10.7396
17,38,-11.2058
17,39,-11.6681
17,40,-12.1251
17,41,-12.5756
17,42,-13.0182
17,43,-13.4517
17,44,-13.8751
17,45,-14.2871
17,46,-14.6867
17,47,-15.073
17,48,-15.445
17,49,-15.8019
17,50,-16.1429
17,51,-16.4672
17,52,-16.774
17,53,-17.0629
17,54,-17.3331
17,55,-17.584
17,56,-17.8152
17,57,-18.0261
17,58,-18.2162
17,59,-18.385
17,60,-18.5322
17,61,-18.6572
17,62,-18.7598
17,63,-18.8394
17,64,-18.8957
17,65,-18.9284
17,66,-18.937
17,67,-18.9213
17,68,-18.8808
17,69,-18.8154
17,70,-18.7247
17,71,-18.6085
17,72,-18.4664
17,73,-18.2983
17,74,-18.1041
17,75,-17.8837
17,76,-17.6369
17,77,-17.3639
17,78,-17.0647
17,79,-16.7394
17,80,-16.3883
17,81,-16.0118
17,82,-15.6103
17,83,-15.1845
17,84,-14.7351
17,85,-14.263
17,86,-13.7693
17,87,-13.2553
17,88,-12.7223
17,89,-12.172
17,90,-11.6063
17,91,-11.0272
17,92,-10.437
17,93,-9.83816
17,94,-9.23329
17,95,-8.62524
17,96,-8.01699
17,97,-7.41165
17,98,-6.81241
17,99,-6.22253
17,100,-5.64527
17,101,-5.08384
17,102,-4.54138
17,103,-4.02086
17,104,-3.52508
17,105,-3.05654
17,106,-2.61748
17,107,-2.20978
17,108,-1.83493
17,109,-1.494
17,110,-1.18766
17,111,-0.916111
17,112,-0.679136
17,113,-0.476078
17,114,-0.30588
17,115,-0.167089
17,116,-0.0577834
17,117,0.0243317
17,118,0.081807
17,119,0.117444
17,120,0.134227
17,121,0.135325
17,122,0.124061
17,123,0.103947
17,124,0.0785599
17,125,0.0518878
17,126,0.0272365
17,127,0.0104629
17,128,0
18,0,0
18,1,-0.0195131
18,2,-0.0552797
18,3,-0.117249
18,4,-0.200138
18,5,-0.303725
18,6,-0.426287
18,7,-0.566839
18,8,-0.724441
18,9,-0.898432
18,10,-1.08834
18,11,-1.29387
18,12,-1.51489
18,13,-1.75136
18,14,-2.0033
18,15,-2.27078
18,16,-2.55386
18,17,-2.85256
18,18,-3.16686
18,19,-3.49668
18,20,-3.84181
18,21,-4.20199
18,22,-4.57682
18,23,-4.96579
18,24,-5.36829
18,25,-5.78359
18,26,-6.21085
18,27,-6.64912
18,28,-7.09735
18,29,-7.55443
18,30,-8.01912
18,31,-8.49017
18,32,-8.96624
18,33,-9.44596
18,34,-9.92794
18,35,-10.4108
18,36,-10.893
18,37,-11.3733
18,38,-11.8503
18,39,-12.3226
18,40,-12.7889
18,41,-13.248
18,42,-13.6986
18,43,-14.1396
18,44,-14.5699
18,45,-14.9885
18,46,-15.3945
18,47,-15.7868
18,48,-16.1647
18,49,-16.5274
18,50,-16.8742
18,51,-17.2042
18,52,-17.517
18,53,-17.8118
18,54,-18.0882
18,55,-18.3454
18,56,-18.5831
18,57,-18.8008
18,58,-18.9979
18,59,-19.174
18,60,-19.3287
18,61,-19.4615
18,62,-19.5721
18,63,-19.66
18,64,-19.7248
18,65,-19.7663
18,66,-19.7838
18,67,-19.7772
18,68,-19.7461
18,69,-19.6902
18,70,-19.609
18,71,-19.5024
18,72,-19.37
18,73,-19.2115
18,74,-19.0268
18,75,-18.8156
18,76,-18.5778
18,77,-18.3132
18,78,-18.0219
18,79,-17.7039
18,80,-17.3592
18,81,-16.9882
18,82,-16.5911
18,83,-16.1683
18,84,-15.7205
18,85,-15.2484
18,86,-14.7529
18,87,-14.2351
18,88,-13.6962
18,89,-13.1379
18,90,-12.5617
18,91,-11.9698
18,92,-11.3641
18,93,-10.7472
18,94,-10.1217
18,95,-9.49043
18,96,-8.85641
18,97,-8.22286
18,98,-7.59311
18,99,-6.97058
18,100,-6.35877
18,101,-5.76113
18,102,-5.18108
18,103,-4.62193
18,104,-4.08677
18,105,-3.57848
18,106,-3.09963
18,107,-2.65245
18,108,-2.23875
18,109,-1.85992
18,110,-1.51689
18,111,-1.21012
18,112,-0.939582
18,113,-0.704797
18,114,-0.504825
18,115,-0.338311
18,116,-0.203457
18,117,-0.0979911
18,118,-0.0193454
18,119,0.0352873
18,120,0.0689576
18,121,0.0849051
18,122,0.0865263
18,123,0.077383
18,124,0.0610987
18,125,0.0416302
18,126,0.0223524
18,127,0.0087165
18,128,0
19,0,0
19,1,-0.022937
19,2,-0.0645719
19,3,-0.136025
19,4,-0.230761
19,5,-0.348223
19,6,-0.486182
19,7,-0.643323
19,8,-0.818424
19,9,-1.01062
19,10,-1.21929
19,11,-1.44403
19,12,-1.68462
19,13,-1.94095
19,14,-2.21302
19,15,-2.50082
19,16,-2.8044
19,17,-3.12371
19,18,-3.4587
19,19,-3.8092
19,20,-4.17498
19,21,-4.55567
19,22,-4.9508
19,23,-5.35981
19,24,-5.78198
19,25,-6.21651
19,26,-6.66247
19,27,-7.11885
19,28,-7.58454
19,29,-8.05834
19,30,-8.53899
19,31,-9.02518
19,32,-9.51555
19,33,-10.0087
19,34,-10.5033
19,35,-10.9978
19,36,-11.491
19,37,-11.9814
19,38,-12.4677
19,39,-12.9486
19,40,-13.4229
19,41,-13.8894
19,42,-14.3469
19,43,-14.7943
19,44,-15.2307
19,45,-15.6551
19,46,-16.0666
19,47,-16.4644
19,48,-16.8476
19,49,-17.2156
19,50,-17.5676
19,51,-17.903
19,52,-18.2213
19,53,-18.5217
19,54,-18.8038
19,55,-19.0671
19,56,-19.3111
19,57,-19.5352
19,58,-19.739
19,59,-19.9222
19,60,-20.0841
19,61,-20.2246
19,62,-20.343
19,63,-20.4391
19,64,-20.5124
19,65,-20.5627
19,66,-20.5893
19,67,-20.5921
19,68,-20.5706
19,69,-20.5246
19,70,-20.4536
19,71,-20.3573
19,72,-20.2354
19,73,-20.0876
19,74,-19.9135
19,75,-19.7128
19,76,-19.4854
19,77,-19.2311
19,78,-18.9495
19,79,-18.6408
19,80,-18.3047
19,81,-17.9414
19,82,-17.5511
19,83,-17.134
19,84,-16.6904
19,85,-16.221
19,86,-15.7265
19,87,-15.2078
19,88,-14.666
19,89,-14.1025
19,90,-13.5187
19,91,-12.9166
19,92,-12.2981
19,93,-11.6657
19,94,-11.0219
19,95,-10.3695
19,96,-9.71158
19,97,-9.05143
19,98,-8.39248
19,99,-7.73833
19,100,-7.09265
19,101,-6.45917
19,102,-5.8416
19,103,-5.24354
19,104,-4.66848
19,105,-4.11964
19,106,-3.59999
19,107,-3.11212
19,108,-2.65822
19,109,-2.24004
19,110,-1.85882
19,111,-1.5153
19,112,-1.20972
19,113,-0.941768
19,114,-0.710674
19,115,-0.515179
19,116,-0.353602
19,117,-0.223751
19,118,-0.12303
19,119,-0.0485938
19,120,0.00264097
19,121,0.0339614
19,122,0.0488409
19,123,0.050905
19,124,0.043838
19,125,0.031588
19,126,0.0176252
19,127,0.00704443
19,128,0
20,0,0
20,1,-0.0264631
20,2,-0.0741197
20,3,-0.155268
20,4,-0.262067
20,5,-0.393603
20,6,-0.547122
20,7,-0.720966
20,8,-0.913626
20,9,-1.12403
20,10,-1.35139
20,11,-1.59521
20,12,-1.85516
20,13,-2.1311
20,14,-2.42294
20,15,-2.73066
20,16,-3.05422
20,17,-3.39356
20,18,-3.74855
20,19,-4.11897
20,20,-4.5045
20,21,-4.90473
20,22,-5.3191
20,23,-5.74696
20,24,-6.18754
20,25,-6.63995
20,26,-7.1032
20,27,-7.5762
20,28,-8.05778
20,29,-8.54671
20,30,-9.04169
20,31,-9.54138
20,32,-10.0444
20,33,-10.5494
20,34,-11.0549
20,35,-11.5596
20,36,-12.0621
20,37,-12.5612
20,38,-13.0554
20,39,-13.5436
20,40,-14.0247
20,41,-14.4974
20,42,-14.9607
20,43,-15.4136
20,44,-15.8551
20,45,-16.2844
20,46,-16.7007
20,47,-17.1031
20,48,-17.4909
20,49,-17.8634
20,50,-18.2201
20,51,-18.5602
20,52,-18.8833
20,53,-19.1887
20,54,-19.476
20,55,-19.7446
20,56,-19.9942
20,57,-20.2242
20,58,-20.4342
20,59,-20.6238
20,60,-20.7926
20,61,-20.9401
20,62,-21.066
20,63,-21.1699
20,64,-21.2515
20,65,-21.3103
20,66,-21.3459
20,67,-21.358
20,68,-21.3463
20,69,-21.3105
20,70,-21.2501
20,71,-21.1647
20,72,-21.054
20,73,-20.9177
20,74,-20.7553
20,75,-20.5665
20,76,-20.351
20,77,-20.1084
20,78,-19.8385
20,79,-19.541
20,80,-19.2157
20,81,-18.8626
20,82,-18.4815
20,83,-18.0727
20,84,-17.6362
20,85,-17.1725
20,86,-16.6821
20,87,-16.1656
20,88,-15.624
20,89,-15.0585
20,90,-14.4703
20,91,-13.8611
20,92,-13.233
20,93,-12.588
20,94,-11.9286
20,95,-11.2577
20,96,-10.5783
20,97,-9.8936
20,98,-9.20725
20,99,-8.52295
20,100,-7.84455
20,101,-7.17602
20,102,-6.52136
20,103,-5.8845
20,104,-5.26928
20,105,-4.67934
20,106,-4.11805
20,107,-3.58843
20,108,-3.09308
20,109,-2.63414
20,110,-2.21324
20,111,-1.83145
20,112,-1.48927
20,113,-1.18667
20,114,-0.923047
20,115,-0.697279
20,116,-0.507775
20,117,-0.352464
20,118,-0.228768
20,119,-0.133786
20,120,-0.06438
20,121,-0.0172039
20,122,0.0112663
20,123,0.0247243
20,124,0.0269329
20,125,0.0218605
20,126,0.0131056
20,127,0.00546558
20,128,0
21,0,0
21,1,-0.0300669
21,2,-0.083857
21,3,-0.174842
21,4,-0.293834
21,5,-0.439544
21,6,-0.608675
21,7,-0.799218
21,8,-1.00937
21,9,-1.23785
21,10,-1.48372
21,11,-1.74634
21,12,-2.02534
21,13,-2.32047
21,14,-2.63162
21,15,-2.9587
21,16,-3.30162
21,17,-3.66027
21,18,-4.03445
21,19,-4.42389
21,20,-4.82819
21,21,-5.24688
21,22,-5.67932
21,23,-6.12479
21,24,-6.58244
21,25,-7.05131
21,26,-7.53037
21,27,-8.01846
21,28,-8.51437
21,29,-9.01683
21,30,-9.52452
21,31,-10.0361
21,32,-10.5501
21,33,-11.0653
21,34,-11.5803
21,35,-12.0936
21,36,-12.604
21,37,-13.1103
21,38,-13.6111
21,39,-14.1054
21,40,-14.5919
21,41,-15.0697
21,42,-15.5377
21,43,-15.995
21,44,-16.4406
21,45,-16.8739
21,46,-17.2939
21,47,-17.7
21,48,-18.0915
21,49,-18.4678
21,50,-18.8281
21,51,-19.1721
21,52,-19.4991
21,53,-19.8086
21,54,-20.1001
21,55,-20.3733
21,56,-20.6276
21,57,-20.8626
21,58,-21.0779
21,59,-21.2731
21,60,-21.4478
21,61,-21.6017
21,62,-21.7344
21,63,-21.8456
21,64,-21.9348
21,65,-22.0017
21,66,-22.046
21,67,-22.0674
21,68,-22.0654
21,69,-22.0398
21,70,-21.9902
21,71,-21.9162
21,72,-21.8174
21,73,-21.6934
21,74,-21.5437
21,75,-21.3679
21,76,-21.1656
21,77,-20.9364
21,78,-20.6798
21,79,-20.3955
21,80,-20.0832
21,81,-19.7426
21,82,-19.3735
21,83,-18.9757
21,84,-18.5492
21,85,-18.0943
21,86,-17.6112
21,87,-17.1003
21,88,-16.5624
21,89,-15.9983
21,90,-15.4092
21,91,-14.7966
21,92,-14.1621
21,93,-13.5079
21,94,-12.8363
21,95,-12.1499
21,96,-11.4518
21,97,-10.7453
21,98,-10.0338
21,99,-9.32138
21,100,-8.6119
21,101,-7.90959
21,102,-7.21872
21,103,-6.54355
21,104,-5.8883
21,105,-5.25702
21,106,-4.65352
21,107,-4.08128
21,108,-3.54336
21,109,-3.04236
21,110,-2.58033
21,111,-2.15873
21,112,-1.77841
21,113,-1.43962
21,114,-1.14199
21,115,-0.884584
21,116,-0.665912
21,117,-0.48401
21,118,-0.336381
21,119,-0.220083
21,120,-0.131911
21,121,-0.0684451
21,122,-0.026084
21,123,-0.00106589
21,124,0.0104546
21,125,0.0124942
21,126,0.0088166
21,127,0.00398837
21,128,0
22,0,0
22,1,-0.0337222
22,2,-0.0937126
22,3,-0.194606
22,4,-0.325832
22,5,-0.485713
22,6,-0.670397
22,7,-0.877519
22,8,-1.10498
22,9,-1.35128
22,10,-1.61533
22,11,-1.89639
22,12,-2.19397
22,13,-2.50778
22,14,-2.83764
22,15,-3.1834
22,16,-3.54493
22,17,-3.92205
22,18,-4.31451
22,19,-4.72197
22,20,-5.14396
22,21,-5.57993
22,22,-6.02919
22,23,-6.49094
22,24,-6.96427
22,25,-7.44816
22,26,-7.94152
22,27,-8.44315
22,28,-8.95181
22,29,-9.46621
22,30,-9.985
22,31,-10.5068
22,32,-11.0304
22,33,-11.5542
22,34,-12.077
22,35,-12.5975
22,36,-13.1144
22,37,-13.6265
22,38,-14.1326
22,39,-14.6316
22,40,-15.1224
22,41,-15.6041
22,42,-16.0756
22,43,-16.5361
22,44,-16.9848
22,45,-17.4209
22,46,-17.8436
22,47,-18.2524
22,48,-18.6464
22,49,-19.0253
22,50,-19.3882
22,51,-19.7349
22,52,-20.0647
22,53,-20.3771
22,54,-20.6718
22,55,-20.9483
22,56,-21.2061
22,57,-21.445
22,58,-21.6645
22,59,-21.8642
22,60,-22.0439
22,61,-22.2032
22,62,-22.3418
22,63,-22.4594
22,64,-22.5556
22,65,-22.6301
22,66,-22.6826
22,67,-22.7128
22,68,-22.7204
22,69,-22.705
22,70,-22.6663
22,71,-22.6039
22,72,-22.5174
22,73,-22.4063
22,74,-22.2702
22,75,-22.1084
22,76,-21.9207
22,77,-21.7063
22,78,-21.4648
22,79,-21.1957
22,80,-20.8985
22,81,-20.5728
22,82,-20.2181
22,83,-19.8342
22,84,-19.4208
22,85,-18.9778
22,86,-18.5053
22,87,-18.0035
22,88,-17.4729
22,89,-16.914
22,90,-16.3278
22,91,-15.7155
22,92,-15.0787
22,93,-14.4191
22,94,-13.7388
22,95,-13.0406
22,96,-12.3272
22,97,-11.6019
22,98,-10.8682
22,99,-10.1302
22,100,-9.39178
22,101,-8.65749
22,102,-7.9318
22,103,-7.2193
22,104,-6.52457
22,105,-5.85209
22,106,-5.20614
22,107,-4.59068
22,108,-4.0093
22,109,-3.46508
22,110,-2.96056
22,111,-2.49766
22,112,-2.07764
22,113,-1.70108
22,114,-1.36792
22,115,-1.07743
22,116,-0.828276
22,117,-0.618595
22,118,-0.445994
22,119,-0.307543
22,120,-0.199963
22,121,-0.119748
22,122,-0.0632032
22,123,-0.0264724
22,124,-0.00560377
22,125,0.00348474
22,126,0.00475568
22,127,0.00261138
22,128,0
23,0,0
23,1,-0.037401
23,2,-0.103611
23,3,-0.21441
23,4,-0.357822
23,5,-0.53177
23,6,-0.731838
23,7,-0.955303
23,8,-1.19977
23,9,-1.46353
23,10,-1.74533
23,11,-2.04431
23,12,-2.3599
23,13,-2.69175
23,14,-3.03961
23,15,-3.40327
23,16,-3.78256
23,17,-4.17722
23,18,-4.58694
23,19,-5.01132
23,20,-5.44984
23,21,-5.90185
23,22,-6.36661
23,23,-6.84326
23,24,-7.33083
23,25,-7.82825
23,26,-8.33437
23,27,-8.84799
23,28,-9.36783
23,29,-9.89258
23,30,-10.4209
23,31,-10.9514
23,32,-11.4829
23,33,-12.0138
23,34,-12.5431
23,35,-13.0693
23,36,-13.5912
23,37,-14.1078
23,38,-14.6178
23,39,-15.1202
23,40,-15.614
23,41,-16.0983
23,42,-16.5721
23,43,-17.0346
23,44,-17.4851
23,45,-17.9228
23,46,-18.347
23,47,-18.7571
23,48,-19.1525
23,49,-19.5325
23,50,-19.8968
23,51,-20.2448
23,52,-20.576
23,53,-20.89
23,54,-21.1864
23,55,-21.4649
23,56,-21.7249
23,57,-21.9663
23,58,-22.1887
23,59,-22.3917
23,60,-22.5752
23,61,-22.7388
23,62,-22.8822
23,63,-23.0052
23,64,-23.1075
23,65,-23.1889
23,66,-23.249
23,67,-23.2875
23,68,-23.3042
23,69,-23.2989
23,70,-23.2711
23,71,-23.2205
23,72,-23.1466
23,73,-23.049
23,74,-22.927
23,75,-22.7803
23,76,-22.6082
23,77,-22.41
23,78,-22.1852
23,79,-21.9331
23,80,-21.6531
23,81,-21.3445
23,82,-21.0069
23,83,-20.6396
23,84,-20.2422
23,85,-19.8144
23,86,-19.356
23,87,-18.8669
23,88,-18.3473
23,89,-17.7976
23,90,-17.2183
23,91,-16.6105
23,92,-15.9754
23,93,-15.3145
23,94,-14.6298
23,95,-13.9237
23,96,-13.1988
23,97,-12.4584
23,98,-11.7059
23,99,-10.9453
23,100,-10.1808
23,101,-9.41692
23,102,-8.65836
23,103,-7.91002
23,104,-7.17687
23,105,-6.46379
23,106,-5.77555
23,107,-5.11663
23,108,-4.49116
23,109,-3.90278
23,110,-3.35457
23,111,-2.84897
23,112,-2.38772
23,113,-1.97182
23,114,-1.60154
23,115,-1.27645
23,116,-0.995422
23,117,-0.756704
23,118,-0.558002
23,119,-0.396465
23,120,-0.268756
23,121,-0.171268
23,122,-0.100198
23,123,-0.0515732
23,124,-0.0213067
23,125,-0.00521298
23,126,0.000898078
23,127,0.00132491
23,128,0
24,0,0
24,1,-0.0410735
24,2,-0.113475
24,3,-0.234099
24,4,-0.389559
24,5,-0.577367
24,6,-0.792544
24,7,-1.03201
24,8,-1.29306
24,9,-1.5738
24,10,-1.87279
24,11,-2.18909
24,12,-2.52202
24,13,-2.87117
24,14,-3.23621
24,15,-3.6169
24,16,-4.01298
24,17,-4.42415
24,18,-4.85004
24,19,-5.29017
24,20,-5.74396
24,21,-6.21071
24,22,-6.68961
24,23,-7.17974
24,24,-7.68007
24,25,-8.18951
24,26,-8.70688
24,27,-9.23093
24,28,-9.76037
24,29,-10.2939
24,30,-10.8302
24,31,-11.3679
24,32,-11.9057
24,33,-12.4423
24,34,-12.9764
24,35,-13.5069
24,36,-14.0325
24,37,-14.5521
24,38,-15.0647
24,39,-15.5691
24,40,-16.0646
24,41,-16.5501
24,42,-17.0249
24,43,-17.4881
24,44,-17.939
24,45,-18.3769
24,46,-18.8012
24,47,-19.2112
24,48,-19.6065
24,49,-19.9863
24,50,-20.3504
24,51,-20.6982
24,52,-21.0293
24,53,-21.3433
24,54,-21.6399
24,55,-21.9187
24,56,-22.1795
24,57,-22.4219
24,58,-22.6457
24,59,-22.8506
24,60,-23.0365
24,61,-23.2031
24,62,-23.3501
24,63,-23.4775
24,64,-23.5849
24,65,-23.6723
24,66,-23.7392
24,67,-23.7854
24,68,-23.8109
24,69,-23.8152
24,70,-23.7982
24,71,-23.7593
24,72,-23.6982
24,73,-23.6144
24,74,-23.5073
24,75,-23.3763
24,76,-23.2208
24,77,-23.04
24,78,-22.8333
24,79,-22.5999
24,80,-22.339
24,81,-22.0498
24,82,-21.7316
24,83,-21.3836
24,84,-21.0051
24,85,-20.5957
24,86,-20.1548
24,87,-19.682
24,88,-19.1774
24,89,-18.6408
24,90,-18.0727
24,91,-17.4737
24,92,-16.8447
24,93,-16.187
24,94,-15.5023
24,95,-14.7927
24,96,-14.0607
24,97,-13.3093
24,98,-12.542
24,99,-11.7625
24,100,-10.9752
24,101,-10.1846
24,102,-9.39568
24,103,-8.61359
24,104,-7.84361
24,105,-7.09105
24,106,-6.36115
24,107,-5.65894
24,108,-4.98911
24,109,-4.35592
24,110,-3.76304
24,111,-3.2135
24,112,-2.70957
24,113,-2.25277
24,114,-1.8438
24,115,-1.48254
24,116,-1.16814
24,117,-0.899038
24,118,-0.67303
24,119,-0.487359
24,120,-0.338693
24,121,-0.223317
24,122,-0.1373
24,123,-0.0765334
24,124,-0.0367661
24,125,-0.0136732
24,126,-0.00279711
24,127,0.000112648
24,128,0
25,0,0
25,1,-0.044709
25,2,-0.123222
25,3,-0.253516
25,4,-0.420795
25,5,-0.622156
25,6,-0.852061
25,7,-1.10707
25,8,-1.38419
25,9,-1.68131
25,10,-1.99686
25,11,-2.32975
25,12,-2.67925
25,13,-3.04485
25,14,-3.42617
25,15,-3.82291
25,16,-4.23475
25,17,-4.66133
25,18,-5.10221
25,19,-5.55686
25,20,-6.02463
25,21,-6.50476
25,22,-6.99638
25,23,-7.49853
25,24,-8.01015
25,25,-8.53009
25,26,-9.05716
25,27,-9.59008
25,28,-10.1276
25,29,-10.6683
25,30,-11.211
25,31,-11.7544
25,32,-12.297
25,33,-12.8378
25,34,-13.3754
25,35,-13.9086
25,36,-14.4364
25,37,-14.9577
25,38,-15.4714
25,39,-15.9766
25,40,-16.4723
25,41,-16.9577
25,42,-17.432
25,43,-17.8944
25,44,-18.3442
25,45,-18.7809
25,46,-19.2037
25,47,-19.6121
25,48,-20.0055
25,49,-20.3836
25,50,-20.7458
25,51,-21.0918
25,52,-21.4211
25,53,-21.7334
25,54,-22.0285
25,55,-22.3061
25,56,-22.5658
25,57,-22.8076
25,58,-23.0313
25,59,-23.2366
25,60,-23.4234
25,61,-23.5916
25,62,-23.7411
25,63,-23.8716
25,64,-23.9831
25,65,-24.0754
25,66,-24.1484
25,67,-24.2015
25,68,-24.2351
25,69,-24.2487
25,70,-24.242
25,71,-24.2148
25,72,-24.1665
25,73,-24.0967
25,74,-24.0047
25,75,-23.8901
25,76,-23.752
25,77,-23.5896
25,78,-23.4023
25,79,-23.189
25,80,-22.9489
25,81,-22.6811
25,82,-22.3846
25,83,-22.0584
25,84,-21.7017
25,85,-21.3137
25,86,-20.8936
25,87,-20.4409
25,88,-19.955
25,89,-19.4357
25,90,-18.883
25,91,-18.2972
25,92,-17.6789
25,93,-17.0291
25,94,-16.3491
25,95,-15.6407
25,96,-14.9063
25,97,-14.1486
25,98,-13.3707
25,99,-12.5766
25,100,-11.7703
25,101,-10.9566
25,102,-10.1405
25,103,-9.32735
25,104,-8.52274
25,105,-7.73238
25,106,-6.96199
25,107,-6.21713
25,108,-5.5031
25,109,-4.8248
25,110,-4.18655
25,111,-3.59203
25,112,-3.04415
25,113,-2.54499
25,114,-2.09573
25,115,-1.69672
25,116,-1.34741
25,117,-1.04647
25,118,-0.791867
25,119,-0.580908
25,120,-0.410328
25,121,-0.276334
25,122,-0.174846
25,123,-0.101598
25,124,-0.0521482
25,125,-0.0219976
25,126,-0.00638238
25,127,-0.00104595
25,128,0
26,0,0
26,1,-0.0482761
26,2,-0.132771
26,3,-0.272502
26,4,-0.45128
26,5,-0.665791
26,6,-0.909942
26,7,-1.17994
26,8,-1.47251
26,9,-1.78533
26,10,-2.11668
26,11,-2.46536
26,12,-2.83056
26,13,-3.21168
26,14,-3.6083
26,15,-4.02004
26,16,-4.44653
26,17,-4.88734
26,18,-5.34198
26,19,-5.80986
26,20,-6.29026
26,21,-6.78237
26,22,-7.28529
26,23,-7.79799
26,24,-8.31939
26,25,-8.84831
26,26,-9.38353
26,27,-9.92379
26,28,-10.4678
26,29,-11.0142
26,30,-11.5618
26,31,-12.1093
26,32,-12.6553
26,33,-13.1987
26,34,-13.7383
26,35,-14.2729
26,36,-14.8015
26,37,-15.3229
26,38,-15.8363
26,39,-16.3407
26,40,-16.8352
26,41,-17.319
26,42,-17.7913
26,43,-18.2514
26,44,-18.6986
26,45,-19.1323
26,46,-19.552
26,47,-19.9571
26,48,-20.3471
26,49,-20.7216
26,50,-21.0802
26,51,-21.4225
26,52,-21.7483
26,53,-22.0572
26,54,-22.349
26,55,-22.6236
26,56,-22.8807
26,57,-23.1202
26,58,-23.3421
26,59,-23.5462
26,60,-23.7325
26,61,-23.9009
26,62,-24.0513
26,63,-24.1838
26,64,-24.2982
26,65,-24.3944
26,66,-24.4724
26,67,-24.5318
26,68,-24.5727
26,69,-24.5949
26,70,-24.5982
26,71,-24.5823
26,72,-24.5467
26,73,-24.4909
26,74,-24.4143
26,75,-24.3164
26,76,-24.1962
26,77,-24.0531
26,78,-23.8862
26,79,-23.6943
26,80,-23.4766
26,81,-23.2318
26,82,-22.959
26,83,-22.6571
26,84,-22.3247
26,85,-21.9611
26,86,-21.565
26,87,-21.1356
26,88,-20.6722
26,89,-20.1742
26,90,-19.6412
26,91,-19.0731
26,92,-18.4702
26,93,-17.8331
26,94,-17.1628
26,95,-16.4607
26,96,-15.7289
26,97,-14.9697
26,98,-14.1863
26,99,-13.3821
26,100,-12.5613
26,101,-11.7286
26,102,-10.889
26,103,-10.0481
26,104,-9.21165
26,105,-8.38577
26,106,-7.57663
26,107,-6.79031
26,108,-6.03273
26,109,-5.30944
26,110,-4.62549
26,111,-3.98525
26,112,-3.39234
26,113,-2.84947
26,114,-2.35844
26,115,-1.92008
26,116,-1.53428
26,117,-1.2
26,118,-0.915404
26,119,-0.677915
26,120,-0.484335
26,121,-0.33086
26,122,-0.213255
26,123,-0.127076
26,124,-0.0676653
26,125,-0.0303165
26,126,-0.00992263
26,127,-0.00217517
26,128,0
27,0,0
27,1,-0.0517428
27,2,-0.142038
27,3,-0.290897
27,4,-0.480769
27,5,-0.707931
27,6,-0.965748
27,7,-1.25008
27,8,-1.55738
27,9,-1.88513
27,10,-2.23144
27,11,-2.59503
27,12,-2.97497
27,13,-3.37062
27,14,-3.78147
27,15,-4.2071
27,16,-4.64706
27,17,-5.10088
27,18,-5.56799
27,19,-6.04776
27,20,-6.53941
27,21,-7.04209
27,22,-7.55485
27,23,-8.07662
27,24,-8.60629
27,25,-9.14267
27,26,-9.68453
27,27,-10.2306
27,28,-10.7796
27,29,-11.3302
27,30,-11.8812
27,31,-12.4312
27,32,-12.9792
27,33,-13.5237
27,34,-14.0638
27,35,-14.5983
27,36,-15.1262
27,37,-15.6463
27,38,-16.1579
27,39,-16.66
27,40,-17.1517
27,41,-17.6323
27,42,-18.1011
27,43,-18.5572
27,44,-19.0002
27,45,-19.4294
27,46,-19.8442
27,47,-20.2443
27,48,-20.629
27,49,-20.9982
27,50,-21.3513
27,51,-21.6882
27,52,-22.0086
27,53,-22.3123
27,54,-22.599
27,55,-22.8688
27,56,-23.1215
27,57,-23.3571
27,58,-23.5756
27,59,-23.7769
27,60,-23.9612
27,61,-24.1283
27,62,-24.2784
27,63,-24.4114
27,64,-24.5275
27,65,-24.6265
27,66,-24.7085
27,67,-24.7732
27,68,-24.8207
27,69,-24.8509
27,70,-24.8636
27,71,-24.8585
27,72,-24.8352
27,73,-24.7933
27,74,-24.7321
27,75,-24.651
27,76,-24.5493
27,77,-24.4259
27,78,-24.2801
27,79,-24.1106
27,80,-23.9164
27,81,-23.6963
27,82,-23.449
27,83,-23.1732
27,84,-22.8676
27,85,-22.5309
27,86,-22.1618
27,87,-21.7591
27,88,-21.3218
27,89,-20.8489
27,90,-20.3397
27,91,-19.7938
27,92,-19.211
27,93,-18.5915
27,94,-17.9359
27,95,-17.2453
27,96,-16.5213
27,97,-15.766
27,98,-14.9821
27,99,-14.1731
27,100,-13.3427
27,101,-12.4956
27,102,-11.6368
27,103,-10.772
27,104,-9.90715
27,105,-9.04867
27,106,-8.20312
27,107,-7.37711
27,108,-6.57716
27,109,-5.80952
27,110,-5.07994
27,111,-4.39359
27,112,-3.75483
27,113,-3.16712
27,114,-2.63295
27,115,-2.15372
27,116,-1.72984
27,117,-1.36065
27,118,-1.04459
27,119,-0.779237
27,120,-0.561464
27,121,-0.387502
27,122,-0.253004
27,123,-0.153323
27,124,-0.0835622
27,125,-0.0387813
27,126,-0.0134938
27,127,-0.00330342
27,128,0
28,0,0
28,1,-0.0550775
28,2,-0.150941
28,3,-0.308546
28,4,-0.509021
28,5,-0.748245
28,6,-1.01906
28,7,-1.31699
28,8,-1.63822
28,9,-1.98003
28,10,-2.3404
28,11,-2.71792
28,12,-3.11159
28,13,-3.52069
28,14,-3.94465
28,15,-4.38299
28,16,-4.83519
28,17,-5.30074
28,18,-5.77901
28,19,-6.26931
28,20,-6.77081
28,21,-7.28262
28,22,-7.80374
28,23,-8.3331
28,24,-8.86955
28,25,-9.41187
28,26,-9.95885
28,27,-10.5092
28,28,-11.0617
28,29,-11.615
28,30,-12.1678
28,31,-12.719
28,32,-13.2673
28,33,-13.8116
28,34,-14.3507
28,35,-14.8836
28,36,-15.4093
28,37,-15.9267
28,38,-16.4349
28,39,-16.9332
28,40,-17.4206
28,41,-17.8964
28,42,-18.3599
28,43,-18.8105
28,44,-19.2475
28,45,-19.6703
28,46,-20.0786
28,47,-20.4718
28,48,-20.8496
28,49,-21.2116
28,50,-21.5575
28,51,-21.8871
28,52,-22.2003
28,53,-22.4969
28,54,-22.7769
28,55,-23.0402
28,56,-23.2868
28,57,-23.5168
28,58,-23.7302
28,59,-23.9272
28,60,-24.1079
28,61,-24.2724
28,62,-24.4207
28,63,-24.5531
28,64,-24.6696
28,65,-24.7703
28,66,-24.8552
28,67,-24.9242
28,68,-24.9774
28,69,-25.0148
28,70,-25.0362
28,71,-25.0413
28,72,-25.0299
28,73,-25.0015
28,74,-24.9555
28,75,-24.8912
28,76,-24.8079
28,77,-24.7046
28,78,-24.5803
28,79,-24.434
28,80,-24.2643
28,81,-24.07
28,82,-23.8496
28,83,-23.6017
28,84,-23.3248
28,85,-23.0174
28,86,-22.6779
28,87,-22.3049
28,88,-21.897
28,89,-21.4529
28,90,-20.9715
28,91,-20.452
28,92,-19.8938
28,93,-19.2968
28,94,-18.661
28,95,-17.9871
28,96,-17.2763
28,97,-16.5304
28,98,-15.7516
28,99,-14.9431
28,100,-14.1085
28,101,-13.2521
28,102,-12.379
28,103,-11.4947
28,104,-10.6055
28,105,-9.71794
28,106,-8.83894
28,107,-7.97562
28,108,-7.13507
28,109,-6.32422
28,110,-5.54959
28,111,-4.81714
28,112,-4.13207
28,113,-3.49865
28,114,-2.92013
28,115,-2.39862
28,116,-1.93511
28,117,-1.52944
28,118,-1.18037
28,119,-0.885738
28,120,-0.642494
28,121,-0.446913
28,122,-0.294604
28,123,-0.18072
28,124,-0.100104
28,125,-0.0475564
28,126,-0.0171788
28,127,-0.00446178
28,128,0
29,0,0
29,1,-0.0582492
29,2,-0.159401
29,3,-0.325296
29,4,-0.535803
29,5,-0.786416
29,6,-1.06947
29,7,-1.38018
29,8,-1.71445
29,9,-2.06938
29,10,-2.44282
29,11,-2.83325
29,12,-3.23957
29,13,-3.66099
29,14,-4.09689
29,15,-4.54671
29,16,-5.0099
29,17,-5.48587
29,18,-5.97394
29,19,-6.47337
29,20,-6.98331
29,21,-7.5028
29,22,-8.03083
29,23,-8.56629
29,24,-9.10801
29,25,-9.6548
29,26,-10.2054
29,27,-10.7585
29,28,-11.313
29,29,-11.8674
29,30,-12.4207
29,31,-12.9716
29,32,-13.5188
29,33,-14.0613
29,34,-14.598
29,35,-15.1278
29,36,-15.6497
29,37,-16.1628
29,38,-16.6662
29,39,-17.1591
29,40,-17.6406
29,41,-18.11
29,42,-18.5667
29,43,-19.0099
29,44,-19.4393
29,45,-19.8541
29,46,-20.2541
29,47,-20.6387
29,48,-21.0076
29,49,-21.3607
29,50,-21.6976
29,51,-22.0183
29,52,-22.3225
29,53,-22.6104
29,54,-22.8818
29,55,-23.1369
29,56,-23.3758
29,57,-23.5986
29,58,-23.8055
29,59,-23.9967
29,60,-24.1723
29,61,-24.3327
29,62,-24.478
29,63,-24.6084
29,64,-24.7241
29,65,-24.8253
29,66,-24.9122
29,67,-24.9845
29,68,-25.0424
29,69,-25.0861
29,70,-25.1154
29,71,-25.1301
29,72,-25.1299
29,73,-25.1145
29,74,-25.0832
29,75,-25.0355
29,76,-24.9704
29,77,-24.8872
29,78,-24.7847
29,79,-24.6618
29,80,-24.5172
29,81,-24.3495
29,82,-24.1571
29,83,-23.9385
29,84,-23.6919
29,85,-23.4157
29,86,-23.1081
29,87,-22.7674
29,88,-22.3918
29,89,-21.9798
29,90,-21.5299
29,91,-21.0409
29,92,-20.5118
29,93,-19.9419
29,94,-19.3309
29,95,-18.679
29,96,-17.9869
29,97,-17.2559
29,98,-16.488
29,99,-15.6857
29,100,-14.8525
29,101,-13.9923
29,102,-13.1101
29,103,-12.2114
29,104,-11.3024
29,105,-10.3899
29,106,-9.48101
29,107,-8.58337
29,108,-7.70459
29,109,-6.85225
29,110,-6.03366
29,111,-5.2556
29,112,-4.52415
29,113,-3.84446
29,114,-3.22064
29,115,-2.65561
29,116,-2.15102
29,117,-1.7073
29,118,-1.32367
29,119,-0.99825
29,120,-0.72817
29,121,-0.509744
29,122,-0.338575
29,123,-0.20966
29,124,-0.117564
29,125,-0.0568112
29,126,-0.0210631
29,127,-0.00568229
29,128,0
30,0,0
30,1,-0.0612276
30,2,-0.16734
30,3,-0.341003
30,4,-0.560894
30,5,-0.822141
30,6,-1.11661
30,7,-1.43919
30,8,-1.78555
30,9,-2.15261
30,10,-2.53807
30,11,-2.9403
30,12,-3.35814
30,13,-3.79072
30,14,-4.23733
30,15,-4.69738
30,16,-5.17025
30,17,-5.6553
30,18,-6.15181
30,19,-6.65898
30,20,-7.17592
30,21,-7.70165
30,22,-8.23512
30,23,-8.77521
30,24,-9.32074
30,25,-9.87049
30,26,-10.4232
30,27,-10.9777
30,28,-11.5326
30,29,-12.0868
30,30,-12.639
30,31,-13.1881
30,32,-13.7328
30,33,-14.2721
30,34,-14.8048
30,35,-15.3301
30,36,-15.8468
30,37,-16.3541
30,38,-16.8511
30,39,-17.337
30,40,-17.811
30,41,-18.2724
30,42,-18.7206
30,43,-19.1549
30,44,-19.5749
30,45,-19.98
30,46,-20.3699
30,47,-20.7442
30,48,-21.1027
30,49,-21.4451
30,50,-21.7714
30,51,-22.0813
30,52,-22.375
30,53,-22.6525
30,54,-22.9138
30,55,-23.1592
30,56,-23.3889
30,57,-23.603
30,58,-23.8019
30,59,-23.9858
30,60,-24.1551
30,61,-24.3101
30,62,-24.4511
30,63,-24.5783
30,64,-24.6921
30,65,-24.7927
30,66,-24.8803
30,67,-24.9549
30,68,-25.0166
30,69,-25.0656
30,70,-25.1019
30,71,-25.1253
30,72,-25.1357
30,73,-25.1325
30,74,-25.1154
30,75,-25.0836
30,76,-25.0365
30,77,-24.973
30,78,-24.8922
30,79,-24.7928
30,80,-24.6735
30,81,-24.5328
30,82,-24.369
30,83,-24.1806
30,84,-23.9656
30,85,-23.7222
30,86,-23.4484
30,87,-23.1421
30,88,-22.8015
30,89,-22.4245
30,90,-22.0094
30,91,-21.5546
30,92,-21.0586
30,93,-20.5203
30,94,-19.9389
30,95,-19.3141
30,96,-18.6461
30,97,-17.9357
30,98,-17.1843
30,99,-16.3942
30,100,-15.5682
30,101,-14.7101
30,102,-13.8245
30,103,-12.9168
30,104,-11.9931
30,105,-11.0602
30,106,-10.1257
30,107,-9.19734
30,108,-8.28331
30,109,-7.39181
30,110,-6.53091
30,111,-5.70823
30,112,-4.93078
30,113,-4.20465
30,114,-3.53487
30,115,-2.92526
30,116,-2.37828
30,117,-1.89504
30,118,-1.47529
30,119,-1.11755
30,120,-0.819189
30,121,-0.576615
30,122,-0.385423
30,123,-0.240524
30,124,-0.13621
30,125,-0.0667127
30,126,-0.0252307
30,127,-0.00699651
30,128,0
31,0,0
31,1,-0.0639842
31,2,-0.174686
31,3,-0.355528
31,4,-0.584085
31,5,-0.855141
31,6,-1.16011
31,7,-1.4936
31,8,-1.85103
31,9,-2.22915
31,10,-2.62553
31,11,-3.03844
31,12,-3.46662
31,13,-3.90913
31,14,-4.36521
31,15,-4.8342
31,16,-5.31543
31,17,-5.8082
31,18,-6.31176
31,19,-6.82527
31,20,-7.34779
31,21,-7.87832
31,22,-8.41579
31,23,-8.95905
31,24,-9.50692
31,25,-10.0582
31,26,-10.6116
31,27,-11.1659
31,28,-11.72
31,29,-12.2724
31,30,-12.8221
31,31,-13.3679
31,32,-13.9087
31,33,-14.4433
31,34,-14.9707
31,35,-15.4899
31,36,-15.9999
31,37,-16.4999
31,38,-16.989
31,39,-17.4664
31,40,-17.9314
31,41,-18.3832
31,42,-18.8213
31,43,-19.2451
31,44,-19.6541
31,45,-20.0479
31,46,-20.4261
31,47,-20.7886
31,48,-21.1349
31,49,-21.4651
31,50,-21.7791
31,51,-22.0768
31,52,-22.3584
31,53,-22.624
31,54,-22.8738
31,55,-23.1081
31,56,-23.3271
31,57,-23.5313
31,58,-23.7209
31,59,-23.8963
31,60,-24.0581
31,61,-24.2065
31,62,-24.342
31,63,-24.4649
31,64,-24.5757
31,65,-24.6745
31,66,-24.7618
31,67,-24.8377
31,68,-24.9021
31,69,-24.9555
31,70,-24.9979
31,71,-25.0291
31,72,-25.049
31,73,-25.0573
31,74,-25.0535
31,75,-25.037
31,76,-25.0071
31,77,-24.9629
31,78,-24.9032
31,79,-24.827
31,80,-24.7329
31,81,-24.6192
31,82,-24.4844
31,83,-24.3267
31,84,-24.144
31,85,-23.9344
31,86,-23.6957
31,87,-23.4256
31,88,-23.122
31,89,-22.7826
31,90,-22.4052
31,91,-21.9879
31,92,-21.5287
31,93,-21.026
31,94,-20.4787
31,95,-19.8859
31,96,-19.2472
31,97,-18.5629
31,98,-17.8339
31,99,-17.0618
31,100,-16.2491
31,101,-15.3991
31,102,-14.5161
31,103,-13.6052
31,104,-12.6724
31,105,-11.7244
31,106,-10.7689
31,107,-9.81402
31,108,-8.86831
31,109,-7.94057
31,110,-7.03959
31,111,-6.17384
31,112,-5.35124
31,113,-4.57891
31,114,-3.86287
31,115,-3.20792
31,116,-2.61743
31,117,-2.09328
31,118,-1.63591
31,119,-1.24431
31,120,-0.916169
31,121,-0.648071
31,122,-0.435621
31,123,-0.273672
31,124,-0.156294
31,125,-0.0774185
31,126,-0.0297613
31,127,-0.00843424
31,128,0
32,0,0
32,1,-0.0664921
32,2,-0.181369
32,3,-0.368745
32,4,-0.605184
32,5,-0.885156
32,6,-1.19966
32,7,-1.54302
32,8,-1.91046
32,9,-2.29853
32,10,-2.70468
32,11,-3.12708
32,12,-3.56439
32,13,-4.01558
32,14,-4.47986
32,15,-4.95648
32,16,-5.44473
32,17,-5.94387
32,18,-6.4531
32,19,-6.97154
32,20,-7.49822
32,21,-8.03213
32,22,-8.57215
32,23,-9.11716
32,24,-9.66594
32,25,-10.2173
32,26,-10.77
32,27,-11.3228
32,28,-11.8744
32,29,-12.4238
32,30,-12.9696
32,31,-13.5107
32,32,-14.0461
32,33,-14.5746
32,34,-15.0952
32,35,-15.6069
32,36,-16.1089
32,37,-16.6001
32,38,-17.0798
32,39,-17.5472
32,40,-18.0016
32,41,-18.4424
32,42,-18.8689
32,43,-19.2806
32,44,-19.6771
32,45,-20.0581
32,46,-20.4232
32,47,-20.7722
32,48,-21.105
32,49,-21.4215
32,50,-21.7218
32,51,-22.006
32,52,-22.2742
32,53,-22.5266
32,54,-22.7636
32,55,-22.9855
32,56,-23.1928
32,57,-23.3857
32,58,-23.5649
32,59,-23.7308
32,60,-23.8839
32,61,-24.0247
32,62,-24.1536
32,63,-24.2713
32,64,-24.378
32,65,-24.4741
32,66,-24.5601
32,67,-24.6362
32,68,-24.7024
32,69,-24.7592
32,70,-24.8066
32,71,-24.8446
32,72,-24.8731
32,73,-24.8919
32,74,-24.9005
32,75,-24.8983
32,76,-24.8847
32,77,-24.8589
32,78,-24.8197
32,79,-24.7661
32,80,-24.6966
32,81,-24.6096
32,82,-24.5036
32,83,-24.3766
32,84,-24.2265
32,85,-24.0513
32,86,-23.8485
32,87,-23.6159
32,88,-23.3508
32,89,-23.0509
32,90,-22.7136
32,91,-22.3365
32,92,-21.9174
32,93,-21.4541
32,94,-20.945
32,95,-20.3887
32,96,-19.7843
32,97,-19.1314
32,98,-18.4303
32,99,-17.6821
32,100,-16.8888
32,101,-16.0532
32,102,-15.1789
32,103,-14.2709
32,104,-13.3348
32,105,-12.3774
32,106,-11.4061
32,107,-10.4294
32,108,-9.45618
32,109,-8.49572
32,110,-7.55747
32,111,-6.65073
32,112,-5.78439
32,113,-4.96656
32,114,-4.20435
32,115,-3.50361
32,116,-2.86871
32,117,-2.30246
32,118,-1.80605
32,119,-1.37907
32,120,-1.01964
32,121,-0.724583
32,122,-0.489578
32,123,-0.309431
32,124,-0.178046
32,125,-0.0890729
32,126,-0.0347275
32,127,-0.0100226
32,128,0
33,0,0
33,1,-0.0687267
33,2,-0.187328
33,3,-0.380536
33,4,-0.624017
33,5,-0.91195
33,6,-1.23496
33,7,-1.58712
33,8,-1.96343
33,9,-2.3603
33,10,-2.77505
33,11,-3.20573
33,12,-3.65091
33,13,-4.10953
33,14,-4.5807
33,15,-5.06364
33,16,-5.55757
33,17,-6.06172
33,18,-6.57524
33,19,-7.09721
33,20,-7.62666
33,21,-8.16253
33,22,-8.70371
33,23,-9.24904
33,24,-9.79734
33,25,-10.3474
33,26,-10.8979
33,27,-11.4478
33,28,-11.9957
33,29,-12.5406
33,30,-13.0811
33,31,-13.6162
33,32,-14.1448
33,33,-14.6659
33,34,-15.1783
33,35,-15.6812
33,36,-16.1736
33,37,-16.6547
33,38,-17.1236
33,39,-17.5796
33,40,-18.0221
33,41,-18.4503
33,42,-18.8638
33,43,-19.2621
33,44,-19.6447
33,45,-20.0115
33,46,-20.3621
33,47,-20.6964
33,48,-21.0143
33,49,-21.316
33,50,-21.6014
33,51,-21.8708
33,52,-22.1244
33,53,-22.3626
33,54,-22.5857
33,55,-22.7942
33,56,-22.9887
33,57,-23.1695
33,58,-23.3374
33,59,-23.4928
33,60,-23.6363
33,61,-23.7686
33,62,-23.8901
33,63,-24.0015
33,64,-24.1033
33,65,-24.1958
33,66,-24.2796
33,67,-24.355
33,68,-24.422
33,69,-24.4812
33,70,-24.5326
33,71,-24.5764
33,72,-24.6124
33,73,-24.6406
33,74,-24.6604
33,75,-24.6715
33,76,-24.6732
33,77,-24.6647
33,78,-24.6449
33,79,-24.6129
33,80,-24.5671
33,81,-24.5062
33,82,-24.4283
33,83,-24.3316
33,84,-24.2139
33,85,-24.0731
33,86,-23.9066
33,87,-23.712
33,88,-23.4865
33,89,-23.2275
33,90,-22.932
33,91,-22.5974
33,92,-22.2211
33,93,-21.8004
33,94,-21.3332
33,95,-20.8175
33,96,-20.2519
33,97,-19.6353
33,98,-18.9676
33,99,-18.2491
33,100,-17.4811
33,101,-16.6659
33,102,-15.8068
33,103,-14.9079
33,104,-13.9748
33,105,-13.0138
33,106,-12.0325
33,107,-11.0392
33,108,-10.0431
33,109,-9.05399
33,110,-8.08186
33,111,-7.13681
33,112,-6.22864
33,113,-5.36651
33,114,-4.55865
33,115,-3.81203
33,116,-3.13213
33,117,-2.52278
33,118,-1.98604
33,119,-1.52223
33,120,-1.13002
33,121,-0.806539
33,122,-0.547631
33,123,-0.348082
33,124,-0.201667
33,125,-0.101802
33,126,-0.0401931
33,127,-0.0117855
33,128,0
34,0,0
34,1,-0.0706656
34,2,-0.192506
34,3,-0.390797
34,4,-0.640425
34,5,-0.935316
34,6,-1.26575
34,7,-1.62559
34,8,-2.00962
34,9,-2.4141
34,10,-2.83621
34,11,-3.27394
34,12,-3.72575
34,13,-4.19051
34,14,-4.66727
34,15,-5.1552
34,16,-5.65347
34,17,-6.16127
34,18,-6.67771
34,19,-7.20185
34,20,-7.73268
34,21,-8.26914
34,22,-8.81009
34,23,-9.35438
34,24,-9.90082
34,25,-10.4482
34,26,-10.9953
34,27,-11.5408
34,28,-12.0837
34,29,-12.6227
34,30,-13.1567
34,31,-13.6844
34,32,-14.205
34,33,-14.7172
34,34,-15.2202
34,35,-15.7129
34,36,-16.1945
34,37,-16.6641
34,38,-17.1209
34,39,-17.5642
34,40,-17.9933
34,41,-18.4078
34,42,-18.807
34,43,-19.1906
34,44,-19.5581
34,45,-19.9095
34,46,-20.2444
34,47,-20.5629
34,48,-20.8649
34,49,-21.1505
34,50,-21.4201
34,51,-21.6737
34,52,-21.9119
34,53,-22.1349
34,54,-22.3434
34,55,-22.5377
34,56,-22.7186
34,57,-22.8866
34,58,-23.0424
34,59,-23.1866
34,60,-23.3199
34,61,-23.4429
34,62,-23.5563
34,63,-23.6608
34,64,-23.7568
34,65,-23.845
34,66,-23.9257
34,67,-23.9995
34,68,-24.0664
34,69,-24.127
34,70,-24.1815
34,71,-24.23
34,72,-24.2724
34,73,-24.3088
34,74,-24.3387
34,75,-24.3617
34,76,-24.3774
34,77,-24.3849
34,78,-24.3833
34,79,-24.3716
34,80,-24.3485
34,81,-24.3123
34,82,-24.2616
34,83,-24.1943
34,84,-24.1084
34,85,-24.0015
34,86,-23.8711
34,87,-23.7146
34,88,-23.5291
34,89,-23.3117
34,90,-23.0593
34,91,-22.7688
34,92,-22.4373
34,93,-22.0618
34,94,-21.6395
34,95,-21.168
34,96,-20.6453
34,97,-20.0697
34,98,-19.4404
34,99,-18.757
34,100,-18.0202
34,101,-17.2315
34,102,-16.3937
34,103,-15.5104
34,104,-14.5865
34,105,-13.6283
34,106,-12.6429
34,107,-11.6387
34,108,-10.6249
34,109,-9.61174
34,110,-8.60968
34,111,-7.62955
34,112,-6.68202
34,113,-5.77731
34,114,-4.92477
34,115,-4.13257
34,116,-3.4074
34,117,-2.75419
34,118,-2.17602
34,119,-1.67405
34,120,-1.2476
34,121,-0.894235
34,122,-0.610041
34,123,-0.389851
34,124,-0.227327
34,125,-0.115713
34,126,-0.0462124
34,127,-0.013743
34,128,0
35,0,0
35,1,-0.0722893
35,2,-0.196852
35,3,-0.399437
35,4,-0.654274
35,5,-0.955072
35,6,-1.29182
35,7,-1.65817
35,8,-2.04872
35,9,-2.45959
35,10,-2.88785
35,11,-3.33136
35,12,-3.78853
35,13,-4.25814
35,14,-4.73919
35,15,-5.23079
35,16,-5.73207
35,17,-6.24218
35,18,-6.76019
35,19,-7.28514
35,20,-7.816
35,21,-8.35169
35,22,-8.89107
35,23,-9.43298
35,24,-9.97623
35,25,-10.5196
35,26,-11.0619
35,27,-11.6019
35,28,-12.1384
35,29,-12.6703
35,30,-13.1964
35,31,-13.7156
35,32,-14.2268
35,33,-14.729
35,34,-15.2212
35,35,-15.7025
35,36,-16.172
35,37,-16.6289
35,38,-17.0724
35,39,-17.5018
35,40,-17.9165
35,41,-18.316
35,42,-18.6998
35,43,-19.0675
35,44,-19.419
35,45,-19.7539
35,46,-20.0722
35,47,-20.3739
35,48,-20.6591
35,49,-20.928
35,50,-21.1809
35,51,-21.4181
35,52,-21.6401
35,53,-21.8474
35,54,-22.0405
35,55,-22.2201
35,56,-22.3869
35,57,-22.5415
35,58,-22.6847
35,59,-22.8172
35,60,-22.9398
35,61,-23.0531
35,62,-23.1578
35,63,-23.2548
35,64,-23.3445
35,65,-23.4276
35,66,-23.5046
35,67,-23.576
35,68,-23.642
35,69,-23.7032
35,70,-23.7597
35,71,-23.8118
35,72,-23.8596
35,73,-23.9029
35,74,-23.9415
35,75,-23.9752
35,76,-24.0034
35,77,-24.0255
35,78,-24.0406
35,79,-24.0477
35,80,-24.0456
35,81,-24.0329
35,82,-24.0079
35,83,-23.9687
35,84,-23.9134
35,85,-23.8394
35,86,-23.7444
35,87,-23.6255
35,88,-23.4798
35,89,-23.3042
35,90,-23.0953
35,91,-22.85
35,92,-22.5648
35,93,-22.2363
35,94,-21.8615
35,95,-21.4372
35,96,-20.9609
35,97,-20.4304
35,98,-19.844
35,99,-19.2008
35,100,-18.5006
35,101,-17.7444
35,102,-16.934
35,103,-16.0726
35,104,-15.1645
35,105,-14.2154
35,106,-13.2322
35,107,-12.223
35,108,-11.1972
35,109,-10.165
35,110,-9.1375
35,111,-8.12604
35,112,-7.14217
35,113,-6.1971
35,114,-5.30135
35,115,-4.46433
35,116,-3.69396
35,117,-2.99643
35,118,-2.37594
35,119,-1.83462
35,120,-1.37255
35,121,-0.987874
35,122,-0.677004
35,123,-0.434903
35,124,-0.255162
35,125,-0.130892
35,126,-0.0528294
35,127,-0.0159116
35,128,0
36,0,0
36,1,-0.0735811
36,2,-0.200327
36,3,-0.406378
36,4,-0.665447
36,5,-0.971067
36,6,-1.31298
36,7,-1.68464
36,8,-2.08049
36,9,-2.49652
36,10,-2.92967
36,11,-3.3777
36,12,-3.83896
36,13,-4.31213
36,14,-4.79617
36,15,-5.29013
36,16,-5.7931
36,17,-6.30419
36,18,-6.82245
36,19,-7.34688
36,20,-7.87645
36,21,-8.41006
36,22,-8.94657
36,23,-9.48481
36,24,-10.0236
36,25,-10.5617
36,26,-11.098
36,27,-11.6311
36,28,-12.1601
36,29,-12.6836
36,30,-13.2007
36,31,-13.7101
36,32,-14.2108
36,33,-14.7018
36,34,-15.1821
36,35,-15.6508
36,36,-16.1071
36,37,-16.5502
36,38,-16.9792
36,39,-17.3937
36,40,-17.7929
36,41,-18.1765
36,42,-18.5439
36,43,-18.8949
36,44,-19.2293
36,45,-19.547
36,46,-19.8479
36,47,-20.1321
36,48,-20.3999
36,49,-20.6514
36,50,-20.8871
36,51,-21.1074
36,52,-21.3128
36,53,-21.504
36,54,-21.6815
36,55,-21.8461
36,56,-21.9985
36,57,-22.1394
36,58,-22.2698
36,59,-22.3903
36,60,-22.5018
36,61,-22.6051
36,62,-22.7009
36,63,-22.7899
36,64,-22.8729
36,65,-22.9504
36,66,-23.0231
36,67,-23.0915
36,68,-23.1559
36,69,-23.2168
36,70,-23.2744
36,71,-23.3292
36,72,-23.3811
36,73,-23.4301
36,74,-23.4762
36,75,-23.5191
36,76,-23.5583
36,77,-23.5934
36,78,-23.6234
36,79,-23.6476
36,80,-23.6649
36,81,-23.6737
36,82,-23.6727
36,83,-23.66
36,84,-23.6336
36,85,-23.5912
36,86,-23.5302
36,87,-23.4478
36,88,-23.3411
36,89,-23.2068
36,90,-23.0415
36,91,-22.8416
36,92,-22.6034
36,93,-22.3233
36,94,-21.9976
36,95,-21.6229
36,96,-21.196
36,97,-20.714
36,98,-20.1746
36,99,-19.5761
36,100,-18.9177
36,101,-18.1994
36,102,-17.4225
36,103,-16.5892
36,104,-15.7033
36,105,-14.7697
36,106,-13.7951
36,107,-12.7872
36,108,-11.7553
36,109,-10.7097
36,110,-9.66159
36,111,-8.62309
36,112,-7.60641
36,113,-6.62375
36,114,-5.68675
36,115,-4.80608
36,116,-3.991
36,117,-3.24901
36,118,-2.58555
36,119,-2.00386
36,120,-1.50492
36,121,-1.08756
36,122,-0.748646
36,123,-0.483354
36,124,-0.285268
36,125,-0.147408
36,126,-0.0600791
36,127,-0.0183047
36,128,0
37,0,0
37,1,-0.0745276
37,2,-0.202894
37,3,-0.411556
37,4,-0.673852
37,5,-0.983176
37,6,-1.32907
37,7,-1.70483
37,8,-2.10475
37,9,-2.52469
37,10,-2.96146
37,11,-3.41276
37,12,-3.87682
37,13,-4.35228
37,14,-4.83802
37,15,-5.33304
37,16,-5.83641
37,17,-6.34718
37,18,-6.86439
37,19,-7.38702
37,20,-7.91402
37,21,-8.44427
37,22,-8.97664
37,23,-9.50996
37,24,-10.043
37,25,-10.5747
37,26,-11.1037
37,27,-11.6289
37,28,-12.1491
37,29,-12.6632
37,30,-13.17
37,31,-13.6685
37,32,-14.1575
37,33,-14.6363
37,34,-15.1036
37,35,-15.5588
37,36,-16.0009
37,37,-16.4291
37,38,-16.8428
37,39,-17.2414
37,40,-17.6243
37,41,-17.991
37,42,-18.3414
37,43,-18.6749
37,44,-18.9917
37,45,-19.2915
37,46,-19.5745
37,47,-19.8408
37,48,-20.0907
37,49,-20.3245
37,50,-20.5427
37,51,-20.7459
37,52,-20.9345
37,53,-21.1094
37,54,-21.2711
37,55,-21.4206
37,56,-21.5585
37,57,-21.6858
37,58,-21.8033
37,59,-21.9118
37,60,-22.0123
37,61,-22.1054
37,62,-22.192
37,63,-22.273
37,64,-22.3489
37,65,-22.4206
37,66,-22.4886
37,67,-22.5535
37,68,-22.6156
37,69,-22.6754
37,70,-22.7334
37,71,-22.7898
37,72,-22.8448
37,73,-22.8984
37,74,-22.9505
37,75,-23.0011
37,76,-23.0498
37,77,-23.096
37,78,-23.1393
37,79,-23.1787
37,80,-23.2132
37,81,-23.2417
37,82,-23.2626
37,83,-23.2743
37,84,-23.2749
37,85,-23.262
37,86,-23.2333
37,87,-23.1859
37,88,-23.1169
37,89,-23.0228
37,90,-22.9002
37,91,-22.7453
37,92,-22.5543
37,93,-22.3231
37,94,-22.0477
37,95,-21.7242
37,96,-21.3488
37,97,-20.9182
37,98,-20.4292
37,99,-19.8795
37,100,-19.2674
37,101,-18.5923
37,102,-17.8543
37,103,-17.0551
37,104,-16.1976
37,105,-15.2861
37,106,-14.3266
37,107,-13.3264
37,108,-12.2946
37,109,-11.2413
37,110,-10.178
37,111,-9.11723
37,112,-8.07178
37,113,-7.05478
37,114,-6.07899
37,115,-5.15633
37,116,-4.29744
37,117,-3.51121
37,118,-2.80442
37,119,-2.18155
37,120,-1.64463
37,121,-1.19332
37,122,-0.825029
37,123,-0.535272
37,124,-0.317706
37,125,-0.16531
37,126,-0.0679863
37,127,-0.0209318
37,128,0
38,0,0
38,1,-0.0751182
38,2,-0.204529
38,3,-0.414924
38,4,-0.679417
38,5,-0.991306
38,6,-1.33998
38,7,-1.71861
38,8,-2.12136
38,9,-2.54394
38,10,-2.98309
38,11,-3.43639
38,12,-3.90199
38,13,-4.37846
38,14,-4.86463
38,15,-5.35945
38,16,-5.86194
38,17,-6.37113
38,18,-6.88603
38,19,-7.4056
38,20,-7.92878
38,21,-8.45445
38,22,-8.98147
38,23,-9.50868
38,24,-10.0349
38,25,-10.5589
38,26,-11.0795
38,27,-11.5956
38,28,-12.106
38,29,-12.6095
38,30,-13.105
38,31,-13.5916
38,32,-14.0681
38,33,-14.5335
38,34,-14.987
38,35,-15.4276
38,36,-15.8546
38,37,-16.2672
38,38,-16.6648
38,39,-17.0467
38,40,-17.4125
38,41,-17.7619
38,42,-18.0945
38,43,-18.4101
38,44,-18.7087
38,45,-18.9903
38,46,-19.2551
38,47,-19.5032
38,48,-19.7351
38,49,-19.9511
38,50,-20.1518
38,51,-20.3377
38,52,-20.5097
38,53,-20.6684
38,54,-20.8145
38,55,-20.949
38,56,-21.0727
38,57,-21.1866
38,58,-21.2913
38,59,-21.388
38,60,-21.4775
38,61,-21.5606
38,62,-21.6382
38,63,-21.711
38,64,-21.7799
38,65,-21.8455
38,66,-21.9085
38,67,-21.9695
38,68,-22.0289
38,69,-22.0871
38,70,-22.1447
38,71,-22.2018
38,72,-22.2588
38,73,-22.3158
38,74,-22.3727
38,75,-22.4295
38,76,-22.486
38,77,-22.5417
38,78,-22.5962
38,79,-22.6487
38,80,-22.6985
38,81,-22.7443
38,82,-22.7849
38,83,-22.8188
38,84,-22.844
38,85,-22.8584
38,86,-22.8598
38,87,-22.8453
38,88,-22.8119
38,89,-22.7564
38,90,-22.6752
38,91,-22.5643
38,92,-22.4198
38,93,-22.2373
38,94,-22.0125
38,95,-21.7411
38,96,-21.4188
38,97,-21.0416
38,98,-20.6058
38,99,-20.1083
38,100,-19.5466
38,101,-18.9191
38,102,-18.2253
38,103,-17.4658
38,104,-16.6428
38,105,-15.7597
38,106,-14.8217
38,107,-13.8358
38,108,-12.8103
38,109,-11.7555
38,110,-10.6828
38,111,-9.60481
38,112,-8.5351
38,113,-7.48752
38,114,-6.47588
38,115,-5.51336
38,116,-4.61198
38,117,-3.78209
38,118,-3.03194
38,119,-2.36734
38,120,-1.79151
38,121,-1.30508
38,122,-0.906149
38,123,-0.590685
38,124,-0.35251
38,125,-0.184628
38,126,-0.0765708
38,127,-0.0238002
38,128,0
39,0,0
39,1,-0.0753457
39,2,-0.205212
39,3,-0.416448
39,4,-0.682091
39,5,-0.995393
39,6,-1.34564
39,7,-1.72591
39,8,-2.13022
39,9,-2.5542
39,10,-2.99446
39,11,-3.4485
39,12,-3.91439
39,13,-4.39063
39,14,-4.87598
39,15,-5.36935
39,16,-5.86972
39,17,-6.37609
39,18,-6.88746
39,19,-7.40276
39,20,-7.92093
39,21,-8.44085
39,22,-8.96136
39,23,-9.48132
39,24,-9.99953
39,25,-10.5148
39,26,-11.026
39,27,-11.5319
39,28,-12.0314
39,29,-12.5234
39,30,-13.0067
39,31,-13.4804
39,32,-13.9434
39,33,-14.3947
39,34,-14.8334
39,35,-15.2587
39,36,-15.6699
39,37,-16.0662
39,38,-16.4469
39,39,-16.8117
39,40,-17.1599
39,41,-17.4914
39,42,-17.8059
39,43,-18.1033
39,44,-18.3835
39,45,-18.6468
39,46,-18.8932
39,47,-19.1231
39,48,-19.337
39,49,-19.5353
39,50,-19.7186
39,51,-19.8877
39,52,-20.0432
39,53,-20.186
39,54,-20.3169
39,55,-20.4369
39,56,-20.5468
39,57,-20.6475
39,58,-20.74
39,59,-20.8252
39,60,-20.9041
39,61,-20.9774
39,62,-21.0462
39,63,-21.1111
39,64,-21.173
39,65,-21.2326
39,66,-21.2905
39,67,-21.3474
39,68,-21.4036
39,69,-21.4598
39,70,-21.5163
39,71,-21.5734
39,72,-21.6315
39,73,-21.6907
39,74,-21.7511
39,75,-21.8127
39,76,-21.8754
39,77,-21.9388
39,78,-22.0027
39,79,-22.0663
39,80,-22.129
39,81,-22.1898
39,82,-22.2477
39,83,-22.301
39,84,-22.3483
39,85,-22.3875
39,86,-22.4163
39,87,-22.4322
39,88,-22.4322
39,89,-22.4131
39,90,-22.3712
39,91,-22.3027
39,92,-22.2033
39,93,-22.0686
39,94,-21.8941
39,95,-21.6749
39,96,-21.4064
39,97,-21.084
39,98,-20.7035
39,99,-20.2608
39,100,-19.7528
39,101,-19.1771
39,102,-18.532
39,103,-17.8175
39,104,-17.0345
39,105,-16.1859
39,106,-15.2758
39,107,-14.3105
39,108,-13.298
39,109,-12.2479
39,110,-11.1717
39,111,-10.0821
39,112,-8.99301
39,113,-7.91906
39,114,-6.87499
39,115,-5.87521
39,116,-4.93311
39,117,-4.06056
39,118,-3.26733
39,119,-2.56071
39,120,-1.94526
39,121,-1.42268
39,122,-0.991949
39,123,-0.649585
39,124,-0.389686
39,125,-0.205374
39,126,-0.0858447
39,127,-0.0269142
39,128,0
40,0,0
40,1,-0.0752063
40,2,-0.204933
40,3,-0.416109
40,4,-0.681848
40,5,-0.995401
40,6,-1.34601
40,7,-1.72666
40,8,-2.1313
40,9,-2.55542
40,10,-2.99556
40,11,-3.4491
40,12,-3.91404
40,13,-4.38881
40,14,-4.87212
40,15,-5.36283
40,16,-5.85988
40,17,-6.36225
40,18,-6.8689
40,19,-7.37877
40,20,-7.89079
40,21,-8.40382
40,22,-8.91673
40,23,-9.42835
40,24,-9.93752
40,25,-10.4431
40,26,-10.9438
40,27,-11.4386
40,28,-11.9263
40,29,-12.4058
40,30,-12.8761
40,31,-13.3361
40,32,-13.7847
40,33,-14.2211
40,34,-14.6444
40,35,-15.0538
40,36,-15.4485
40,37,-15.8279
40,38,-16.1914
40,39,-16.5385
40,40,-16.8689
40,41,-17.1822
40,42,-17.4784
40,43,-17.7574
40,44,-18.0193
40,45,-18.2641
40,46,-18.4923
40,47,-18.7043
40,48,-18.9004
40,49,-19.0813
40,50,-19.2477
40,51,-19.4003
40,52,-19.5399
40,53,-19.6674
40,54,-19.7837
40,55,-19.8897
40,56,-19.9863
40,57,-20.0745
40,58,-20.1554
40,59,-20.2297
40,60,-20.2985
40,61,-20.3626
40,62,-20.4229
40,63,-20.4803
40,64,-20.5354
40,65,-20.5891
40,66,-20.6419
40,67,-20.6946
40,68,-20.7476
40,69,-20.8013
40,70,-20.8562
40,71,-20.9127
40,72,-20.9711
40,73,-21.0316
40,74,-21.0943
40,75,-21.1593
40,76,-21.2267
40,77,-21.2961
40,78,-21.3673
40,79,-21.4399
40,80,-21.5133
40,81,-21.5867
40,82,-21.6592
40,83,-21.7294
40,84,-21.796
40,85,-21.857
40,86,-21.9104
40,87,-21.9538
40,88,-21.9844
40,89,-21.9989
40,90,-21.994
40,91,-21.9655
40,92,-21.9094
40,93,-21.821
40,94,-21.6956
40,95,-21.528
40,96,-21.3133
40,97,-21.0463
40,98,-20.7222
40,99,-20.3363
40,100,-19.8847
40,101,-19.364
40,102,-18.7718
40,103,-18.1068
40,104,-17.3692
40,105,-16.5607
40,106,-15.6847
40,107,-14.7464
40,108,-13.7532
40,109,-12.7143
40,110,-11.6407
40,111,-10.5452
40,112,-9.44207
40,113,-8.34636
40,114,-7.27374
40,115,-6.23974
40,116,-5.25914
40,117,-4.34533
40,118,-3.50967
40,119,-2.76105
40,120,-2.10547
40,121,-1.54591
40,122,-1.08231
40,123,-0.711923
40,124,-0.429223
40,125,-0.227549
40,126,-0.0958122
40,127,-0.0302771
40,128,0
41,0,0
41,1,-0.074699
41,2,-0.203691
41,3,-0.413903
41,4,-0.678681
41,5,-0.991323
41,6,-1.34108
41,7,-1.72088
41,8,-2.12459
41,9,-2.54762
41,10,-2.9864
41,11,-3.43823
41,12,-3.90101
41,13,-4.37312
41,14,-4.8532
41,15,-5.34007
41,16,-5.83263
41,17,-6.32984
41,18,-6.83065
41,19,-7.33398
41,20,-7.83875
41,21,-8.34383
41,22,-8.84809
41,23,-9.35038
41,24,-9.84952
41,25,-10.3444
41,26,-10.8338
41,27,-11.3165
41,28,-11.7916
41,29,-12.2579
41,30,-12.7143
41,31,-13.1598
41,32,-13.5934
41,33,-14.0144
41,34,-14.4216
41,35,-14.8145
41,36,-15.1923
41,37,-15.5545
41,38,-15.9003
41,39,-16.2296
41,40,-16.5419
41,41,-16.837
41,42,-17.1149
41,43,-17.3756
41,44,-17.6192
41,45,-17.846
41,46,-18.0563
41,47,-18.2506
41,48,-18.4295
41,49,-18.5936
41,50,-18.7436
41,51,-18.8804
41,52,-19.0048
41,53,-19.1177
41,54,-19.22
41,55,-19.3128
41,56,-19.397
41,57,-19.4735
41,58,-19.5434
41,59,-19.6075
41,60,-19.6669
41,61,-19.7224
41,62,-19.7749
41,63,-19.8251
41,64,-19.8739
41,65,-19.922
41,66,-19.97
41,67,-20.0185
41,68,-20.0681
41,69,-20.1191
41,70,-20.1721
41,71,-20.2275
41,72,-20.2854
41,73,-20.3463
41,74,-20.4103
41,75,-20.4776
41,76,-20.5481
41,77,-20.6218
41,78,-20.6986
41,79,-20.7782
41,80,-20.8601
41,81,-20.9436
41,82,-21.0281
41,83,-21.1124
41,84,-21.1953
41,85,-21.2752
41,86,-21.3501
41,87,-21.4179
41,88,-21.4759
41,89,-21.521
41,90,-21.55
41,91,-21.5589
41,92,-21.5435
41,93,-21.4992
41,94,-21.421
41,95,-21.3038
41,96,-21.142
41,97,-20.9302
41,98,-20.663
41,99,-20.3351
41,100,-19.9418
41,101,-19.4788
41,102,-18.9427
41,103,-18.3314
41,104,-17.6439
41,105,-16.8808
41,106,-16.0445
41,107,-15.1393
41,108,-14.1718
41,109,-13.1504
41,110,-12.0857
41,111,-10.9904
41,112,-9.87876
41,113,-8.76628
41,114,-7.66939
41,115,-6.60467
41,116,-5.58821
41,117,-4.63495
41,118,-3.7579
41,119,-2.96761
41,120,-2.27166
41,121,-1.67445
41,122,-1.17708
41,123,-0.777621
41,124,-0.47109
41,125,-0.251142
41,126,-0.106472
41,127,-0.0338917
41,128,0
42,0,0
42,1,-0.0738262
42,2,-0.201491
42,3,-0.409838
42,4,-0.672604
42,5,-0.983178
42,6,-1.33088
42,7,-1.7086
42,8,-2.11016
42,9,-2.53087
42,10,-2.96708
42,11,-3.41599
42,12,-3.87544
42,13,-4.34372
42,14,-4.81942
42,15,-5.3013
42,16,-5.78826
42,17,-6.27921
42,18,-6.77309
42,19,-7.26882
42,20,-7.76531
42,21,-8.26144
42,22,-8.75607
42,23,-9.24807
42,24,-9.73628
42,25,-10.2195
42,26,-10.6967
42,27,-11.1667
42,28,-11.6284
42,29,-12.0807
42,30,-12.5225
42,31,-12.953
42,32,-13.3711
42,33,-13.776
42,34,-14.1668
42,35,-14.5429
42,36,-14.9035
42,37,-15.248
42,38,-15.5762
42,39,-15.8875
42,40,-16.1817
42,41,-16.4587
42,42,-16.7185
42,43,-16.9611
42,44,-17.1868
42,45,-17.3958
42,46,-17.5888
42,47,-17.766
42,48,-17.9283
42,49,-18.0762
42,50,-18.2107
42,51,-18.3325
42,52,-18.4425
42,53,-18.5417
42,54,-18.631
42,55,-18.7115
42,56,-18.7841
42,57,-18.8499
42,58,-18.9097
42,59,-18.9645
42,60,-19.0153
42,61,-19.063
42,62,-19.1083
42,63,-19.1521
42,64,-19.1951
42,65,-19.238
42,66,-19.2814
42,67,-19.326
42,68,-19.3722
42,69,-19.4205
42,70,-19.4713
42,71,-19.5251
42,72,-19.5821
42,73,-19.6427
42,74,-19.707
42,75,-19.7753
42,76,-19.8478
42,77,-19.9243
42,78,-20.005
42,79,-20.0895
42,80,-20.1777
42,81,-20.2691
42,82,-20.363
42,83,-20.4586
42,84,-20.5549
42,85,-20.6505
42,86,-20.7437
42,87,-20.8325
42,88,-20.9145
42,89,-20.9869
42,90,-21.0465
42,91,-21.0895
42,92,-21.1118
42,93,-21.1088
42,94,-21.0755
42,95,-21.0065
42,96,-20.8962
42,97,-20.7387
42,98,-20.528
42,99,-20.2585
42,100,-19.9245
42,101,-19.521
42,102,-19.0438
42,103,-18.4895
42,104,-17.8561
42,105,-17.1432
42,106,-16.352
42,107,-15.4857
42,108,-14.55
42,109,-13.5524
42,110,-12.503
42,111,-11.414
42,112,-10.2996
42,113,-9.17565
42,114,-8.05913
42,115,-6.96758
42,116,-5.91835
42,117,-4.92786
42,118,-4.01082
42,119,-3.17952
42,120,-2.44325
42,121,-1.80795
42,122,-1.27602
42,123,-0.846566
42,124,-0.515237
42,125,-0.276137
42,126,-0.117821
42,127,-0.0377571
42,128,0
43,0,0
43,1,-0.0725934
43,2,-0.198345
43,3,-0.403939
43,4,-0.663652
43,5,-0.971015
43,6,-1.31546
43,7,-1.68989
43,8,-2.08809
43,9,-2.50528
43,10,-2.93774
43,11,-3.38257
43,12,-3.83753
43,13,-4.30085
43,14,-4.77104
43,15,-5.24685
43,16,-5.72713
43,17,-6.21077
43,18,-6.69669
43,19,-7.18382
43,20,-7.67105
43,21,-8.15728
43,22,-8.64138
43,23,-9.12222
43,24,-9.59865
43,25,-10.0695
43,26,-10.5338
43,27,-10.9902
43,28,-11.4378
43,29,-11.8755
43,30,-12.3023
43,31,-12.7172
43,32,-13.1193
43,33,-13.5078
43,34,-13.8818
43,35,-14.2407
43,36,-14.584
43,37,-14.9109
43,38,-15.2213
43,39,-15.5147
43,40,-15.791
43,41,-16.0501
43,42,-16.2921
43,43,-16.517
43,44,-16.7253
43,45,-16.9173
43,46,-17.0934
43,47,-17.2544
43,48,-17.4008
43,49,-17.5335
43,50,-17.6533
43,51,-17.761
43,52,-17.8576
43,53,-17.9442
43,54,-18.0215
43,55,-18.0908
43,56,-18.1529
43,57,-18.2089
43,58,-18.2596
43,59,-18.3061
43,60,-18.3493
43,61,-18.3899
43,62,-18.4288
43,63,-18.4668
43,64,-18.5046
43,65,-18.5429
43,66,-18.5822
43,67,-18.6231
43,68,-18.6661
43,69,-18.7117
43,70,-18.7603
43,71,-18.8123
43,72,-18.8679
43,73,-18.9275
43,74,-18.9915
43,75,-19.06
43,76,-19.1331
43,77,-19.2112
43,78,-19.2941
43,79,-19.3818
43,80,-19.4743
43,81,-19.5712
43,82,-19.6721
43,83,-19.7763
43,84,-19.8831
43,85,-19.9913
43,86,-20.0995
43,87,-20.2059
43,88,-20.3084
43,89,-20.4044
43,90,-20.491
43,91,-20.5645
43,92,-20.6211
43,93,-20.6561
43,94,-20.6647
43,95,-20.6414
43,96,-20.5803
43,97,-20.4753
43,98,-20.3202
43,99,-20.1086
43,100,-19.8342
43,101,-19.4913
43,102,-19.0747
43,103,-18.5801
43,104,-18.0044
43,105,-17.3458
43,106,-16.6045
43,107,-15.7826
43,108,-14.8844
43,109,-13.9168
43,110,-12.8888
43,111,-11.8123
43,112,-10.7012
43,113,-9.57129
43,114,-8.44011
43,115,-7.32599
43,116,-6.24745
43,117,-5.22236
43,118,-4.26712
43,119,-3.39582
43,120,-2.61956
43,121,-1.94596
43,122,-1.37889
43,123,-0.918615
43,124,-0.561594
43,125,-0.302506
43,126,-0.129849
43,127,-0.0418711
43,128,0
44,0,0
44,1,-0.0710086
44,2,-0.194275
44,3,-0.396243
44,4,-0.651878
44,5,-0.954903
44,6,-1.29492
44,7,-1.66487
44,8,-2.05851
44,9,-2.47101
44,10,-2.89856
44,11,-3.33817
44,12,-3.78753
44,13,-4.24478
44,14,-4.70841
44,15,-5.1771
44,16,-5.64966
44,17,-6.12499
44,18,-6.60198
44,19,-7.07956
44,20,-7.55662
44,21,-8.03207
44,22,-8.5048
44,23,-8.97366
44,24,-9.43756
44,25,-9.89535
44,26,-10.3459
44,27,-10.7882
44,28,-11.2212
44,29,-11.6438
44,30,-12.055
44,31,-12.4539
44,32,-12.8397
44,33,-13.2115
44,34,-13.5685
44,35,-13.9102
44,36,-14.236
44,37,-14.5455
44,38,-14.8382
44,39,-15.1139
44,40,-15.3726
44,41,-15.6142
44,42,-15.8388
44,43,-16.0467
44,44,-16.2382
44,45,-16.4137
44,46,-16.5739
44,47,-16.7194
44,48,-16.851
44,49,-16.9693
44,50,-17.0754
44,51,-17.1702
44,52,-17.2545
44,53,-17.3295
44,54,-17.396
44,55,-17.4552
44,56,-17.5079
44,57,-17.5552
44,58,-17.5979
44,59,-17.6371
44,60,-17.6736
44,61,-17.7081
44,62,-17.7416
44,63,-17.7746
44,64,-17.8079
44,65,-17.8421
44,66,-17.8778
44,67,-17.9154
44,68,-17.9556
44,69,-17.9986
44,70,-18.045
44,71,-18.095
44,72,-18.149
44,73,-18.2073
44,74,-18.2702
44,75,-18.338
44,76,-18.411
44,77,-18.4893
44,78,-18.5731
44,79,-18.6624
44,80,-18.7574
44,81,-18.8577
44,82,-18.9633
44,83,-19.0736
44,84,-19.1881
44,85,-19.3058
44,86,-19.4258
44,87,-19.5463
44,88,-19.6657
44,89,-19.7817
44,90,-19.8914
44,91,-19.9916
44,92,-20.0786
44,93,-20.1481
44,94,-20.1951
44,95,-20.2142
44,96,-20.1995
44,97,-20.1448
44,98,-20.0433
44,99,-19.8884
44,100,-19.6732
44,101,-19.3912
44,102,-19.0364
44,103,-18.6033
44,104,-18.0879
44,105,-17.4872
44,106,-16.8
44,107,-16.0273
44,108,-15.1722
44,109,-14.2403
44,110,-13.24
44,111,-12.1821
44,112,-11.0802
44,113,-9.95007
44,114,-8.80947
44,115,-7.67738
44,116,-6.57336
44,117,-5.51669
44,118,-4.52542
44,119,-3.61548
44,120,-2.79985
44,121,-2.08799
44,122,-1.48537
44,123,-0.993593
44,124,-0.610076
44,125,-0.330213
44,126,-0.142546
44,127,-0.0462312
44,128,0
45,0,0
45,1,-0.069083
45,2,-0.189306
45,3,-0.386796
45,4,-0.637354
45,5,-0.934937
45,6,-1.26937
45,7,-1.63367
45,8,-2.02159
45,9,-2.42826
45,10,-2.84976
45,11,-3.28306
45,12,-3.72574
45,13,-4.17588
45,14,-4.63191
45,15,-5.09247
45,16,-5.55635
45,17,-6.02241
45,18,-6.48956
45,19,-6.9567
45,20,-7.42275
45,21,-7.88661
45,22,-8.34718
45,23,-8.80334
45,24,-9.25401
45,25,-9.69806
45,26,-10.1344
45,27,-10.562
45,28,-10.9799
45,29,-11.3869
45,30,-11.7822
45,31,-12.1649
45,32,-12.534
45,33,-12.889
45,34,-13.229
45,35,-13.5535
45,36,-13.8619
45,37,-14.154
45,38,-14.4293
45,39,-14.6877
45,40,-14.9291
45,41,-15.1537
45,42,-15.3616
45,43,-15.5531
45,44,-15.7286
45,45,-15.8886
45,46,-16.0337
45,47,-16.1647
45,48,-16.2824
45,49,-16.3875
45,50,-16.4811
45,51,-16.564
45,52,-16.6372
45,53,-16.7018
45,54,-16.7586
45,55,-16.8089
45,56,-16.8534
45,57,-16.8931
45,58,-16.929
45,59,-16.9619
45,60,-16.9927
45,61,-17.0222
45,62,-17.051
45,63,-17.0799
45,64,-17.1094
45,65,-17.1403
45,66,-17.1729
45,67,-17.2078
45,68,-17.2454
45,69,-17.2861
45,70,-17.3303
45,71,-17.3784
45,72,-17.4306
45,73,-17.4873
45,74,-17.5488
45,75,-17.6154
45,76,-17.6873
45,77,-17.7649
45,78,-17.8484
45,79,-17.938
45,80,-18.0337
45,81,-18.1357
45,82,-18.2438
45,83,-18.3578
45,84,-18.4774
45,85,-18.6019
45,86,-18.7304
45,87,-18.8618
45,88,-18.9945
45,89,-19.1266
45,90,-19.2556
45,91,-19.3786
45,92,-19.492
45,93,-19.5919
45,94,-19.6734
45,95,-19.7313
45,96,-19.7597
45,97,-19.7522
45,98,-19.702
45,99,-19.6019
45,100,-19.4446
45,101,-19.223
45,102,-18.9301
45,103,-18.5598
45,104,-18.1066
45,105,-17.5666
45,106,-16.9372
45,107,-16.218
45,108,-15.411
45,109,-14.5203
45,110,-13.5534
45,111,-12.5202
45,112,-11.4335
45,113,-10.309
45,114,-9.1644
45,115,-8.01921
45,116,-6.89389
45,117,-5.809
45,118,-4.78423
45,119,-3.83735
45,120,-2.98331
45,121,-2.23348
45,122,-1.59511
45,123,-1.07129
45,124,-0.660576
45,125,-0.359211
45,126,-0.155898
45,127,-0.0508341
45,128,0
46,0,0
46,1,-0.06683
46,2,-0.183473
46,3,-0.375661
46,4,-0.620168
46,5,-0.911235
46,6,-1.23897
46,7,-1.59648
46,8,-1.97755
46,9,-2.37725
46,10,-2.79163
46,11,-3.21754
46,12,-3.6525
46,13,-4.09452
46,14,-4.54198
46,15,-4.99346
46,16,-5.44773
46,17,-5.90364
46,18,-6.36008
46,19,-6.81596
46,20,-7.27021
46,21,-7.72173
46,22,-8.16943
46,23,-8.61224
46,24,-9.04906
46,25,-9.47881
46,26,-9.90044
46,27,-10.3129
46,28,-10.7152
46,29,-11.1064
46,30,-11.4855
46,31,-11.8517
46,32,-12.2042
46,33,-12.5422
46,34,-12.8652
46,35,-13.1726
46,36,-13.4639
46,37,-13.7388
46,38,-13.997
46,39,-14.2386
46,40,-14.4634
46,41,-14.6716
46,42,-14.8634
46,43,-15.0393
46,44,-15.1996
46,45,-15.345
46,46,-15.4761
46,47,-15.5936
46,48,-15.6985
46,49,-15.7915
46,50,-15.8737
46,51,-15.9459
46,52,-16.0093
46,53,-16.0646
46,54,-16.1131
46,55,-16.1556
46,56,-16.193
46,57,-16.2264
46,58,-16.2565
46,59,-16.2843
46,60,-16.3105
46,61,-16.3358
46,62,-16.361
46,63,-16.3865
46,64,-16.4131
46,65,-16.4413
46,66,-16.4714
46,67,-16.5041
46,68,-16.5395
46,69,-16.5783
46,70,-16.6206
46,71,-16.6668
46,72,-16.7172
46,73,-16.7722
46,74,-16.8319
46,75,-16.8968
46,76,-16.9672
46,77,-17.0434
46,78,-17.1256
46,79,-17.2142
46,80,-17.3094
46,81,-17.4114
46,82,-17.5201
46,83,-17.6358
46,84,-17.758
46,85,-17.8866
46,86,-18.0208
46,87,-18.1598
46,88,-18.3024
46,89,-18.447
46,90,-18.5914
46,91,-18.7331
46,92,-18.8689
46,93,-18.995
46,94,-19.1069
46,95,-19.1996
46,96,-19.2673
46,97,-19.3035
46,98,-19.3014
46,99,-19.2535
46,100,-19.1522
46,101,-18.9897
46,102,-18.7583
46,103,-18.451
46,104,-18.0613
46,105,-17.584
46,106,-17.0153
46,107,-16.3534
46,108,-15.5988
46,109,-14.7545
46,110,-13.8265
46,111,-12.8237
46,112,-11.7583
46,113,-10.6452
46,114,-9.5022
46,115,-8.34898
46,116,-7.20681
46,117,-6.09742
46,118,-5.04203
46,119,-4.06025
46,120,-3.16905
46,121,-2.38181
46,122,-1.7077
46,123,-1.15148
46,124,-0.712967
46,125,-0.389445
46,126,-0.169885
46,127,-0.0556752
46,128,0
47,0,0
47,1,-0.0642652
47,2,-0.176815
47,3,-0.362906
47,4,-0.600423
47,5,-0.883933
47,6,-1.20388
47,7,-1.55349
47,8,-1.9266
47,9,-2.31827
47,10,-2.72446
47,11,-3.14197
47,12,-3.56822
47,13,-4.00116
47,14,-4.4391
47,15,-4.8806
47,16,-5.32439
47,17,-5.76931
47,18,-6.21425
47,19,-6.65811
47,20,-7.09982
47,21,-7.53832
47,22,-7.97253
47,23,-8.40138
47,24,-8.82382
47,25,-9.23878
47,26,-9.64523
47,27,-10.0422
47,28,-10.4286
47,29,-10.8037
47,30,-11.1664
47,31,-11.5161
47,32,-11.8518
47,33,-12.173
47,34,-12.4791
47,35,-12.7696
47,36,-13.044
47,37,-13.3022
47,38,-13.5439
47,39,-13.7691
47,40,-13.9779
47,41,-14.1704
47,42,-14.347
47,43,-14.5081
47,44,-14.6542
47,45,-14.7859
47,46,-14.904
47,47,-15.0092
47,48,-15.1024
47,49,-15.1845
47,50,-15.2565
47,51,-15.3193
47,52,-15.3739
47,53,-15.4214
47,54,-15.4626
47,55,-15.4985
47,56,-15.5301
47,57,-15.5583
47,58,-15.5838
47,59,-15.6075
47,60,-15.63
47,61,-15.6522
47,62,-15.6745
47,63,-15.6977
47,64,-15.7221
47,65,-15.7482
47,66,-15.7766
47,67,-15.8075
47,68,-15.8413
47,69,-15.8785
47,70,-15.9192
47,71,-15.9638
47,72,-16.0124
47,73,-16.0656
47,74,-16.1235
47,75,-16.1864
47,76,-16.2548
47,77,-16.329
47,78,-16.4092
47,79,-16.496
47,80,-16.5895
47,81,-16.6901
47,82,-16.798
47,83,-16.9134
47,84,-17.0362
47,85,-17.1665
47,86,-17.3037
47,87,-17.4474
47,88,-17.5967
47,89,-17.7502
47,90,-17.9063
47,91,-18.0627
47,92,-18.2167
47,93,-18.3648
47,94,-18.5028
47,95,-18.626
47,96,-18.7288
47,97,-18.8049
47,98,-18.8473
47,99,-18.8484
47,100,-18.8005
47,101,-18.695
47,102,-18.524
47,103,-18.2792
47,104,-17.9534
47,105,-17.5401
47,106,-17.0343
47,107,-16.4328
47,108,-15.7345
47,109,-14.9411
47,110,-14.0571
47,111,-13.0904
47,112,-12.052
47,113,-10.9561
47,114,-9.82026
47,115,-8.66427
47,116,-7.50995
47,117,-6.38004
47,118,-5.29723
47,119,-4.28293
47,120,-3.35613
47,121,-2.53233
47,122,-1.82272
47,123,-1.23388
47,124,-0.767104
47,125,-0.420845
47,126,-0.184482
47,127,-0.060748
47,128,0
48,0,0
48,1,-0.0614067
48,2,-0.169375
48,3,-0.348614
48,4,-0.578239
48,5,-0.853188
48,6,-1.16429
48,7,-1.50494
48,8,-1.86903
48,9,-2.25162
48,10,-2.64861
48,11,-3.05672
48,12,-3.47331
48,13,-3.89625
48,14,-4.32379
48,15,-4.75447
48,16,-5.18697
48,17,-5.62012
48,18,-6.0528
48,19,-6.48394
48,20,-6.91246
48,21,-7.33732
48,22,-7.75747
48,23,-8.17184
48,24,-8.57942
48,25,-8.97918
48,26,-9.37011
48,27,-9.75124
48,28,-10.1216
48,29,-10.4804
48,30,-10.8267
48,31,-11.1597
48,32,-11.4788
48,33,-11.7833
48,34,-12.0727
48,35,-12.3466
48,36,-12.6046
48,37,-12.8465
48,38,-13.0722
48,39,-13.2817
48,40,-13.4751
48,41,-13.6528
48,42,-13.815
48,43,-13.9622
48,44,-14.0951
48,45,-14.2142
48,46,-14.3203
48,47,-14.4143
48,48,-14.497
48,49,-14.5694
48,50,-14.6324
48,51,-14.6869
48,52,-14.7341
48,53,-14.7747
48,54,-14.8099
48,55,-14.8405
48,56,-14.8673
48,57,-14.8914
48,58,-14.9133
48,59,-14.9339
48,60,-14.9539
48,61,-14.9738
48,62,-14.9942
48,63,-15.0157
48,64,-15.0386
48,65,-15.0635
48,66,-15.0907
48,67,-15.1204
48,68,-15.1531
48,69,-15.1891
48,70,-15.2285
48,71,-15.2717
48,72,-15.3189
48,73,-15.3703
48,74,-15.4263
48,75,-15.4872
48,76,-15.5534
48,77,-15.6252
48,78,-15.703
48,79,-15.7872
48,80,-15.8782
48,81,-15.9764
48,82,-16.0821
48,83,-16.1957
48,84,-16.3174
48,85,-16.4472
48,86,-16.5852
48,87,-16.7309
48,88,-16.8839
48,89,-17.0431
48,90,-17.2073
48,91,-17.3747
48,92,-17.5428
48,93,-17.7086
48,94,-17.8684
48,95,-18.0177
48,96,-18.1512
48,97,-18.2628
48,98,-18.3457
48,99,-18.3923
48,100,-18.3944
48,101,-18.3435
48,102,-18.2307
48,103,-18.0473
48,104,-17.7851
48,105,-17.4364
48,106,-16.9949
48,107,-16.456
48,108,-15.8173
48,109,-15.0788
48,110,-14.2436
48,111,-13.3181
48,112,-12.3122
48,113,-11.2393
48,114,-10.1162
48,115,-8.96277
48,116,-7.80116
48,117,-6.65499
48,118,-5.54826
48,119,-4.50412
48,120,-3.54358
48,121,-2.68432
48,122,-1.93968
48,123,-1.31821
48,124,-0.822822
48,125,-0.453333
48,126,-0.199661
48,127,-0.0660445
48,128,0
49,0,0
49,1,-0.0582739
49,2,-0.161203
49,3,-0.332871
49,4,-0.553745
49,5,-0.819172
49,6,-1.12041
49,7,-1.45107
49,8,-1.80512
49,9,-2.17762
49,10,-2.56444
49,11,-2.96221
49,12,-3.36824
49,13,-3.78031
49,14,-4.19663
49,15,-4.61567
49,16,-5.03612
49,17,-5.45678
49,18,-5.87653
49,19,-6.2943
49,20,-6.70904
49,21,-7.1197
49,22,-7.52527
49,23,-7.92472
49,24,-8.31705
49,25,-8.70126
49,26,-9.07637
49,27,-9.44147
49,28,-9.79564
49,29,-10.138
49,30,-10.4678
49,31,-10.7844
49,32,-11.0869
49,33,-11.375
49,34,-11.648
49,35,-11.9056
49,36,-12.1476
49,37,-12.3738
49,38,-12.5841
49,39,-12.7786
49,40,-12.9575
49,41,-13.1211
49,42,-13.2698
49,43,-13.4041
49,44,-13.5247
49,45,-13.6323
49,46,-13.7276
49,47,-13.8115
49,48,-13.8848
49,49,-13.9486
49,50,-14.0038
49,51,-14.0513
49,52,-14.0921
49,53,-14.1272
49,54,-14.1574
49,55,-14.1837
49,56,-14.2069
49,57,-14.2279
49,58,-14.2473
49,59,-14.2657
49,60,-14.284
49,61,-14.3025
49,62,-14.3218
49,63,-14.3424
49,64,-14.3646
49,65,-14.3889
49,66,-14.4154
49,67,-14.4446
49,68,-14.4767
49,69,-14.5119
49,70,-14.5504
49,71,-14.5925
49,72,-14.6384
49,73,-14.6883
49,74,-14.7426
49,75,-14.8015
49,76,-14.8653
49,77,-14.9346
49,78,-15.0096
49,79,-15.0908
49,80,-15.1786
49,81,-15.2737
49,82,-15.3763
49,83,-15.4869
49,84,-15.606
49,85,-15.7337
49,86,-15.8704
49,87,-16.0158
49,88,-16.1698
49,89,-16.3318
49,90,-16.5009
49,91,-16.6756
49,92,-16.8539
49,93,-17.0334
49,94,-17.2106
49,95,-17.3815
49,96,-17.5413
49,97,-17.684
49,98,-17.8031
49,99,-17.891
49,100,-17.9395
49,101,-17.9399
49,102,-17.8828
49,103,-17.7589
49,104,-17.5591
49,105,-17.2747
49,106,-16.8983
49,107,-16.4238
49,108,-15.8472
49,109,-15.167
49,110,-14.3847
49,111,-13.5052
49,112,-12.537
49,113,-11.4925
49,114,-10.3878
49,115,-9.2423
49,116,-8.07841
49,117,-6.92042
49,118,-5.79351
49,119,-4.7225
49,120,-3.73038
49,121,-2.83705
49,122,-2.05807
49,123,-1.40414
49,124,-0.879936
49,125,-0.486816
49,126,-0.215386
49,127,-0.0715543
49,128,0
50,0,0
50,1,-0.0548883
50,2,-0.152351
50,3,-0.315776
50,4,-0.527084
50,5,-0.782074
50,6,-1.07249
50,7,-1.39216
50,8,-1.73519
50,9,-2.09664
50,10,-2.47235
50,11,-2.8589
50,12,-3.25349
50,13,-3.65387
50,14,-4.05818
50,15,-4.46486
50,16,-4.87255
50,17,-5.28005
50,18,-5.68625
50,19,-6.09006
50,20,-6.49047
50,21,-6.88645
50,22,-7.277
50,23,-7.66114
50,24,-8.03787
50,25,-8.40625
50,26,-8.76535
50,27,-9.11425
50,28,-9.45211
50,29,-9.77812
50,30,-10.0915
50,31,-10.3916
50,32,-10.6779
50,33,-10.9497
50,34,-11.2067
50,35,-11.4486
50,36,-11.6751
50,37,-11.8861
50,38,-12.0816
50,39,-12.2619
50,40,-12.427
50,41,-12.5774
50,42,-12.7136
50,43,-12.836
50,44,-12.9454
50,45,-13.0425
50,46,-13.128
50,47,-13.2029
50,48,-13.268
50,49,-13.3244
50,50,-13.3728
50,51,-13.4144
50,52,-13.45
50,53,-13.4806
50,54,-13.507
50,55,-13.5301
50,56,-13.5506
50,57,-13.5694
50,58,-13.5872
50,59,-13.6044
50,60,-13.6217
50,61,-13.6397
50,62,-13.6586
50,63,-13.679
50,64,-13.7012
50,65,-13.7254
50,66,-13.7519
50,67,-13.781
50,68,-13.8129
50,69,-13.8478
50,70,-13.8859
50,71,-13.9272
50,72,-13.9722
50,73,-14.0208
50,74,-14.0735
50,75,-14.1305
50,76,-14.1921
50,77,-14.2588
50,78,-14.3309
50,79,-14.4089
50,80,-14.4933
50,81,-14.5846
50,82,-14.6834
50,83,-14.7902
50,84,-14.9055
50,85,-15.0299
50,86,-15.1635
50,87,-15.3067
50,88,-15.4596
50,89,-15.6217
50,90,-15.7927
50,91,-15.9715
50,92,-16.1565
50,93,-16.3457
50,94,-16.5362
50,95,-16.7244
50,96,-16.9058
50,97,-17.075
50,98,-17.2257
50,99,-17.3506
50,100,-17.4415
50,101,-17.4894
50,102,-17.4848
50,103,-17.4179
50,104,-17.2788
50,105,-17.0579
50,106,-16.7465
50,107,-16.3373
50,108,-15.8246
50,109,-15.2055
50,110,-14.4797
50,111,-13.6505
50,112,-12.7249
50,113,-11.714
50,114,-10.6331
50,115,-9.50087
50,116,-8.33977
50,117,-7.17456
50,118,-6.03145
50,119,-4.93679
50,120,-3.91551
50,121,-2.98974
50,122,-2.17737
50,123,-1.49132
50,124,-0.938245
50,125,-0.521194
50,126,-0.231616
50,127,-0.0772654
50,128,0
51,0,0
51,1,-0.0512725
51,2,-0.142876
51,3,-0.297431
51,4,-0.498408
51,5,-0.742094
51,6,-1.02076
51,7,-1.32851
51,8,-1.65957
51,9,-2.00906
51,10,-2.37277
51,11,-2.74723
51,12,-3.12959
51,13,-3.51751
51,14,-3.90907
51,15,-4.30269
51,16,-4.69697
51,17,-5.0907
51,18,-5.48277
51,19,-5.87211
51,20,-6.25771
51,21,-6.63857
51,22,-7.01373
51,23,-7.38221
51,24,-7.74309
51,25,-8.09543
51,26,-8.43834
51,27,-8.77097
51,28,-9.0925
51,29,-9.40218
51,30,-9.69929
51,31,-9.98321
51,32,-10.2534
51,33,-10.5094
51,34,-10.7508
51,35,-10.9773
51,36,-11.1889
51,37,-11.3854
51,38,-11.5669
51,39,-11.7336
51,40,-11.8859
51,41,-12.024
51,42,-12.1485
51,43,-12.26
51,44,-12.3591
51,45,-12.4467
51,46,-12.5236
51,47,-12.5906
51,48,-12.6486
51,49,-12.6985
51,50,-12.7414
51,51,-12.7781
51,52,-12.8095
51,53,-12.8366
51,54,-12.8601
51,55,-12.8809
51,56,-12.8997
51,57,-12.9173
51,58,-12.9342
51,59,-12.9509
51,60,-12.9681
51,61,-12.9861
51,62,-13.0054
51,63,-13.0262
51,64,-13.0489
51,65,-13.0736
51,66,-13.1006
51,67,-13.1302
51,68,-13.1623
51,69,-13.1973
51,70,-13.2352
51,71,-13.2763
51,72,-13.3205
51,73,-13.3683
51,74,-13.4197
51,75,-13.475
51,76,-13.5346
51,77,-13.5988
51,78,-13.6681
51,79,-13.7428
51,80,-13.8236
51,81,-13.911
51,82,-14.0055
51,83,-14.1079
51,84,-14.2187
51,85,-14.3386
51,86,-14.468
51,87,-14.6075
51,88,-14.7573
51,89,-14.9174
51,90,-15.0878
51,91,-15.2677
51,92,-15.4561
51,93,-15.6514
51,94,-15.8512
51,95,-16.0525
51,96,-16.2512
51,97,-16.4424
51,98,-16.6201
51,99,-16.7774
51,100,-16.9062
51,101,-16.9976
51,102,-17.0419
51,103,-17.0289
51,104,-16.948
51,105,-16.7889
51,106,-16.5419
51,107,-16.1981
51,108,-15.7506
51,109,-15.1946
51,110,-14.5283
51,111,-13.7532
51,112,-12.8747
51,113,-11.9024
51,114,-10.8503
51,115,-9.73668
51,116,-8.58346
51,117,-7.41573
51,118,-6.26057
51,119,-5.14569
51,120,-4.09793
51,121,-3.14161
51,122,-2.297
51,123,-1.57939
51,124,-0.997532
51,125,-0.556353
51,126,-0.248306
51,127,-0.0831638
51,128,0
52,0,0
52,1,-0.0474501
52,2,-0.132838
52,3,-0.277945
52,4,-0.46788
52,5,-0.699447
52,6,-0.9655
52,7,-1.26042
52,8,-1.57862
52,9,-1.91527
52,10,-2.26614
52,11,-2.62771
52,12,-2.99707
52,13,-3.3718
52,14,-3.74994
52,15,-4.12984
52,16,-4.51012
52,17,-4.88952
52,18,-5.26695
52,19,-5.64134
52,20,-6.01171
52,21,-6.37708
52,22,-6.73651
52,23,-7.08908
52,24,-7.43388
52,25,-7.77002
52,26,-8.09666
52,27,-8.41298
52,28,-8.71822
52,29,-9.01166
52,30,-9.29264
52,31,-9.5606
52,32,-9.81503
52,33,-10.0555
52,34,-10.2818
52,35,-10.4936
52,36,-10.6908
52,37,-10.8735
52,38,-11.0417
52,39,-11.1957
52,40,-11.3358
52,41,-11.4625
52,42,-11.5763
52,43,-11.6778
52,44,-11.7677
52,45,-11.8469
52,46,-11.9161
52,47,-11.9761
52,48,-12.028
52,49,-12.0726
52,50,-12.1109
52,51,-12.1436
52,52,-12.1718
52,53,-12.1963
52,54,-12.2178
52,55,-12.2372
52,56,-12.2551
52,57,-12.2722
52,58,-12.2889
52,59,-12.3059
52,60,-12.3236
52,61,-12.3423
52,62,-12.3624
52,63,-12.3842
52,64,-12.4078
52,65,-12.4336
52,66,-12.4615
52,67,-12.4919
52,68,-12.5247
52,69,-12.5602
52,70,-12.5984
52,71,-12.6395
52,72,-12.6835
52,73,-12.7306
52,74,-12.781
52,75,-12.835
52,76,-12.8928
52,77,-12.9548
52,78,-13.0214
52,79,-13.0931
52,80,-13.1703
52,81,-13.2537
52,82,-13.3439
52,83,-13.4415
52,84,-13.5474
52,85,-13.6621
52,86,-13.7864
52,87,-13.9209
52,88,-14.0662
52,89,-14.2226
52,90,-14.3902
52,91,-14.5688
52,92,-14.7578
52,93,-14.9559
52,94,-15.1615
52,95,-15.3718
52,96,-15.5836
52,97,-15.7923
52,98,-15.9924
52,99,-16.1774
52,100,-16.3395
52,101,-16.4701
52,102,-16.5592
52,103,-16.5965
52,104,-16.571
52,105,-16.4715
52,106,-16.2873
52,107,-16.0085
52,108,-15.6266
52,109,-15.1353
52,110,-14.5308
52,111,-13.813
52,112,-12.9855
52,113,-12.0564
52,114,-11.0382
52,115,-9.94816
52,116,-8.80785
52,117,-7.64237
52,118,-6.47942
52,119,-5.34797
52,120,-4.27661
52,121,-3.29186
52,122,-2.4164
52,123,-1.66797
52,124,-1.05756
52,125,-0.592173
52,126,-0.265405
52,127,-0.0892335
52,128,0
53,0,0
53,1,-0.0434459
53,2,-0.122299
53,3,-0.257432
53,4,-0.435667
53,5,-0.654356
53,6,-0.906973
53,7,-1.18822
53,8,-1.49272
53,9,-1.81569
53,10,-2.15292
53,11,-2.50085
53,12,-2.85647
53,13,-3.21734
53,14,-3.58142
53,15,-3.94703
53,16,-4.31275
53,17,-4.67732
53,18,-5.03964
53,19,-5.39867
53,20,-5.75343
53,21,-6.10299
53,22,-6.44643
53,23,-6.78287
53,24,-7.11142
53,25,-7.43126
53,26,-7.74158
53,27,-8.04162
53,28,-8.33064
53,29,-8.60799
53,30,-8.87307
53,31,-9.12535
53,32,-9.36439
53,33,-9.58983
53,34,-9.80142
53,35,-9.99899
53,36,-10.1825
53,37,-10.352
53,38,-10.5076
53,39,-10.6497
53,40,-10.7786
53,41,-10.8947
53,42,-10.9987
53,43,-11.0911
53,44,-11.1727
53,45,-11.2444
53,46,-11.3068
53,47,-11.361
53,48,-11.4077
53,49,-11.4478
53,50,-11.4824
53,51,-11.5121
53,52,-11.538
53,53,-11.5607
53,54,-11.581
53,55,-11.5997
53,56,-11.6173
53,57,-11.6345
53,58,-11.6518
53,59,-11.6696
53,60,-11.6883
53,61,-11.7082
53,62,-11.7296
53,63,-11.7528
53,64,-11.7778
53,65,-11.805
53,66,-11.8343
53,67,-11.8658
53,68,-11.8997
53,69,-11.9361
53,70,-11.9749
53,71,-12.0163
53,72,-12.0604
53,73,-12.1072
53,74,-12.157
53,75,-12.21
53,76,-12.2664
53,77,-12.3265
53,78,-12.3907
53,79,-12.4596
53,80,-12.5334
53,81,-12.613
53,82,-12.6989
53,83,-12.7917
53,84,-12.8924
53,85,-13.0017
53,86,-13.1203
53,87,-13.2492
53,88,-13.3889
53,89,-13.5402
53,90,-13.7033
53,91,-13.8785
53,92,-14.0656
53,93,-14.2638
53,94,-14.4719
53,95,-14.6877
53,96,-14.9085
53,97,-15.1304
53,98,-15.3485
53,99,-15.5566
53,100,-15.7475
53,101,-15.9125
53,102,-16.0422
53,103,-16.1258
53,104,-16.1522
53,105,-16.1095
53,106,-15.9862
53,107,-15.7713
53,108,-15.4548
53,109,-15.0288
53,110,-14.488
53,111,-13.8301
53,112,-13.0571
53,113,-12.1752
53,114,-11.1955
53,115,-10.134
53,116,-9.01153
53,117,-7.85304
53,118,-6.68667
53,119,-5.54243
53,120,-4.45056
53,121,-3.43971
53,122,-2.53498
53,123,-1.75665
53,124,-1.1181
53,125,-0.628524
53,126,-0.282858
53,127,-0.0954571
53,128,0
54,0,0
54,1,-0.0392851
54,2,-0.111322
54,3,-0.23601
54,4,-0.401944
54,5,-0.607053
54,6,-0.845468
54,7,-1.11225
54,8,-1.40224
54,9,-1.71075
54,10,-2.03359
54,11,-2.36715
54,12,-2.70838
54,13,-3.05475
54,14,-3.40419
54,15,-3.75496
54,16,-4.10562
54,17,-4.45491
54,18,-4.80171
54,19,-5.14501
54,20,-5.48385
54,21,-5.81732
54,22,-6.14455
54,23,-6.46468
54,24,-6.77688
54,25,-7.08036
54,26,-7.37436
54,27,-7.65816
54,28,-7.9311
54,29,-8.19254
54,30,-8.44197
54,31,-8.67888
54,32,-8.90291
54,33,-9.11374
54,34,-9.31117
54,35,-9.49509
54,36,-9.6655
54,37,-9.82249
54,38,-9.96628
54,39,-10.0972
54,40,-10.2156
54,41,-10.322
54,42,-10.417
54,43,-10.5012
54,44,-10.5755
54,45,-10.6405
54,46,-10.6971
54,47,-10.7462
54,48,-10.7886
54,49,-10.8252
54,50,-10.8568
54,51,-10.8843
54,52,-10.9085
54,53,-10.9302
54,54,-10.95
54,55,-10.9686
54,56,-10.9866
54,57,-11.0045
54,58,-11.0227
54,59,-11.0418
54,60,-11.0619
54,61,-11.0835
54,62,-11.1066
54,63,-11.1315
54,64,-11.1583
54,65,-11.1872
54,66,-11.2181
54,67,-11.2512
54,68,-11.2864
54,69,-11.3239
54,70,-11.3637
54,71,-11.4058
54,72,-11.4502
54,73,-11.4972
54,74,-11.5467
54,75,-11.5991
54,76,-11.6544
54,77,-11.713
54,78,-11.7753
54,79,-11.8417
54,80,-11.9126
54,81,-11.9886
54,82,-12.0704
54,83,-12.1587
54,84,-12.2543
54,85,-12.358
54,86,-12.4707
54,87,-12.5935
54,88,-12.727
54,89,-12.8721
54,90,-13.0296
54,91,-13.1999
54,92,-13.383
54,93,-13.5789
54,94,-13.7866
54,95,-14.0048
54,96,-14.2311
54,97,-14.4623
54,98,-14.694
54,99,-14.9207
54,100,-15.1356
54,101,-15.3306
54,102,-15.4962
54,103,-15.622
54,104,-15.6964
54,105,-15.7072
54,106,-15.6423
54,107,-15.4894
54,108,-15.2375
54,109,-14.877
54,110,-14.4008
54,111,-13.805
54,112,-13.0894
54,113,-12.2584
54,114,-11.3214
54,115,-10.2931
54,116,-9.19329
54,117,-8.04649
54,118,-6.88108
54,119,-5.72794
54,120,-4.61882
54,121,-3.58438
54,122,-2.65217
54,123,-1.84505
54,124,-1.17889
54,125,-0.66527
54,126,-0.300606
54,127,-0.101815
54,128,0
55,0,0
55,1,-0.0349934
55,2,-0.099972
55,3,-0.2138
55,4,-0.366892
55,5,-0.557778
55,6,-0.781282
55,7,-1.03285
55,8,-1.30758
55,9,-1.6009
55,10,-1.90864
55,11,-2.22716
55,12,-2.55336
55,13,-2.88465
55,14,-3.2189
55,15,-3.55435
55,16,-3.8895
55,17,-4.22309
55,18,-4.55402
55,19,-4.88127
55,20,-5.20392
55,21,-5.52108
55,22,-5.83192
55,23,-6.13561
55,24,-6.43139
55,25,-6.71849
55,26,-6.99621
55,27,-7.26388
55,28,-7.52088
55,29,-7.76665
55,30,-8.00069
55,31,-8.22258
55,32,-8.43199
55,33,-8.62867
55,34,-8.81246
55,35,-8.98329
55,36,-9.14121
55,37,-9.28637
55,38,-9.419
55,39,-9.53945
55,40,-9.64815
55,41,-9.74563
55,42,-9.83248
55,43,-9.90939
55,44,-9.97707
55,45,-10.0363
55,46,-10.0879
55,47,-10.1327
55,48,-10.1716
55,49,-10.2054
55,50,-10.2348
55,51,-10.2608
55,52,-10.284
55,53,-10.3052
55,54,-10.325
55,55,-10.3441
55,56,-10.3629
55,57,-10.3819
55,58,-10.4016
55,59,-10.4222
55,60,-10.4442
55,61,-10.4676
55,62,-10.4927
55,63,-10.5197
55,64,-10.5485
55,65,-10.5793
55,66,-10.6121
55,67,-10.6469
55,68,-10.6838
55,69,-10.7227
55,70,-10.7637
55,71,-10.8067
55,72,-10.8519
55,73,-10.8993
55,74,-10.949
55,75,-11.001
55,76,-11.0557
55,77,-11.1133
55,78,-11.174
55,79,-11.2384
55,80,-11.3067
55,81,-11.3796
55,82,-11.4578
55,83,-11.5418
55,84,-11.6326
55,85,-11.731
55,86,-11.8379
55,87,-11.9543
55,88,-12.0813
55,89,-12.2199
55,90,-12.3708
55,91,-12.5349
55,92,-12.7127
55,93,-12.9043
55,94,-13.1094
55,95,-13.3271
55,96,-13.5556
55,97,-13.7924
55,98,-14.0338
55,99,-14.2749
55,100,-14.5093
55,101,-14.7296
55,102,-14.9266
55,103,-15.0901
55,104,-15.2084
55,105,-15.2691
55,106,-15.2594
55,107,-15.1663
55,108,-14.9774
55,109,-14.682
55,110,-14.271
55,111,-13.7386
55,112,-13.0828
55,113,-12.3059
55,114,-11.4155
55,115,-10.4247
55,116,-9.35211
55,117,-8.22162
55,118,-7.06156
55,119,-5.90349
55,120,-4.78048
55,121,-3.72514
55,122,-2.7674
55,123,-1.93276
55,124,-1.23969
55,125,-0.702271
55,126,-0.318589
55,127,-0.108288
55,128,0
56,0,0
56,1,-0.0305967
56,2,-0.0883155
56,3,-0.190923
56,4,-0.330694
56,5,-0.506774
56,6,-0.714718
56,7,-0.950389
56,8,-1.20916
56,9,-1.48659
56,10,-1.77857
56,11,-2.08142
56,12,-2.392
56,13,-2.70768
56,14,-3.02625
56,15,-3.34591
56,16,-3.66515
56,17,-3.98269
56,18,-4.29743
56,19,-4.60836
56,20,-4.91458
56,21,-5.21525
56,22,-5.50956
56,23,-5.79674
56,24,-6.07606
56,25,-6.3468
56,26,-6.60832
56,27,-6.85998
56,28,-7.10123
56,29,-7.33155
56,30,-7.55051
56,31,-7.75773
56,32,-7.95293
56,33,-8.13592
56,34,-8.30657
56,35,-8.46487
56,36,-8.61092
56,37,-8.74488
56,38,-8.86704
56,39,-8.97776
56,40,-9.07749
56,41,-9.16679
56,42,-9.24625
56,43,-9.31656
56,44,-9.37843
56,45,-9.43263
56,46,-9.47997
56,47,-9.52124
56,48,-9.55726
56,49,-9.58884
56,50,-9.61675
56,51,-9.64175
56,52,-9.66453
56,53,-9.68577
56,54,-9.70607
56,55,-9.72598
56,56,-9.74598
56,57,-9.76649
56,58,-9.78787
56,59,-9.81042
56,60,-9.83438
56,61,-9.85994
56,62,-9.88723
56,63,-9.91634
56,64,-9.94735
56,65,-9.98027
56,66,-10.0151
56,67,-10.0519
56,68,-10.0905
56,69,-10.1311
56,70,-10.1735
56,71,-10.2178
56,72,-10.264
56,73,-10.3121
56,74,-10.3622
56,75,-10.4144
56,76,-10.4689
56,77,-10.5258
56,78,-10.5855
56,79,-10.6483
56,80,-10.7146
56,81,-10.785
56,82,-10.86
56,83,-10.9403
56,84,-11.0267
56,85,-11.1201
56,86,-11.2214
56,87,-11.3318
56,88,-11.4523
56,89,-11.584
56,90,-11.7279
56,91,-11.8851
56,92,-12.0564
56,93,-12.2423
56,94,-12.4429
56,95,-12.6577
56,96,-12.8858
56,97,-13.1251
56,98,-13.3725
56,99,-13.6239
56,100,-13.8737
56,101,-14.1147
56,102,-14.3386
56,103,-14.5351
56,104,-14.693
56,105,-14.7996
56,106,-14.8417
56,107,-14.8056
56,108,-14.6779
56,109,-14.4463
56,110,-14.1003
56,111,-13.6323
56,112,-13.038
56,113,-12.3179
56,114,-11.4776
56,115,-10.5283
56,116,-9.48724
56,117,-8.3775
56,118,-7.22713
56,119,-6.06812
56,120,-4.93469
56,121,-3.86128
56,122,-2.88012
56,123,-2.01939
56,124,-1.30023
56,125,-0.739384
56,126,-0.33674
56,127,-0.114853
56,128,0
57,0,0
57,1,-0.0261209
57,2,-0.0764185
57,3,-0.167503
57,4,-0.293537
57,5,-0.454293
57,6,-0.646084
57,7,-0.86522
57,8,-1.10738
57,9,-1.36829
57,10,-1.64387
57,11,-1.93048
57,12,-2.22491
57,13,-2.52447
57,14,-2.82691
57,15,-3.13038
57,16,-3.43335
57,17,-3.73452
57,18,-4.03278
57,19,-4.32716
57,20,-4.61678
57,21,-4.90082
57,22,-5.1785
57,23,-5.44912
57,24,-5.71197
57,25,-5.9664
57,26,-6.21181
57,27,-6.44762
57,28,-6.67332
57,29,-6.88845
57,30,-7.09263
57,31,-7.28554
57,32,-7.46694
57,33,-7.63669
57,34,-7.79471
57,35,-7.94103
57,36,-8.07577
57,37,-8.19915
57,38,-8.31147
57,39,-8.41312
57,40,-8.50458
57,41,-8.58638
57,42,-8.65915
57,43,-8.72355
57,44,-8.78029
57,45,-8.83014
57,46,-8.87384
57,47,-8.9122
57,48,-8.94597
57,49,-8.97593
57,50,-9.00282
57,51,-9.02733
57,52,-9.05012
57,53,-9.07181
57,54,-9.09295
57,55,-9.11404
57,56,-9.13551
57,57,-9.15773
57,58,-9.18103
57,59,-9.20564
57,60,-9.23178
57,61,-9.25959
57,62,-9.28917
57,63,-9.32058
57,64,-9.35387
57,65,-9.38901
57,66,-9.42601
57,67,-9.46482
57,68,-9.50541
57,69,-9.54774
57,70,-9.59181
57,71,-9.63756
57,72,-9.68499
57,73,-9.73412
57,74,-9.78499
57,75,-9.83768
57,76,-9.89231
57,77,-9.94907
57,78,-10.0082
57,79,-10.07
57,80,-10.1348
57,81,-10.2032
57,82,-10.2756
57,83,-10.3527
57,84,-10.4354
57,85,-10.5243
57,86,-10.6206
57,87,-10.7253
57,88,-10.8395
57,89,-10.9644
57,90,-11.1013
57,91,-11.2513
57,92,-11.4154
57,93,-11.5945
57,94,-11.7892
57,95,-11.9995
57,96,-12.2248
57,97,-12.4638
57,98,-12.7141
57,99,-12.9722
57,100,-13.2332
57,101,-13.4908
57,102,-13.7369
57,103,-13.9621
57,104,-14.1551
57,105,-14.3034
57,106,-14.3935
57,107,-14.4111
57,108,-14.342
57,109,-14.1727
57,110,-13.8911
57,111,-13.4877
57,112,-12.9563
57,113,-12.2951
57,114,-11.5077
57,115,-10.6035
57,116,-9.59812
57,117,-8.51341
57,118,-7.37698
57,119,-6.22101
57,120,-5.0807
57,121,-3.99213
57,122,-2.98981
57,123,-2.10455
57,124,-1.36027
57,125,-0.776465
57,126,-0.354997
57,127,-0.121489
57,128,0
58,0,0
58,1,-0.0215921
58,2,-0.0643475
58,3,-0.143667
58,4,-0.255608
58,5,-0.400584
58,6,-0.575693
58,7,-0.777716
58,8,-1.00267
58,9,-1.24645
58,10,-1.50507
58,11,-1.77489
58,12,-2.05266
58,13,-2.33565
58,14,-2.62156
58,15,-2.90848
58,16,-3.19486
58,17,-3.47938
58,18,-3.76094
58,19,-4.03858
58,20,-4.31143
58,21,-4.57872
58,22,-4.83973
58,23,-5.09376
58,24,-5.34017
58,25,-5.57836
58,26,-5.80778
58,27,-6.0279
58,28,-6.23827
58,29,-6.43848
58,30,-6.62819
58,31,-6.80715
58,32,-6.97515
58,33,-7.1321
58,34,-7.27796
58,35,-7.41282
58,36,-7.53681
58,37,-7.65019
58,38,-7.75327
58,39,-7.84647
58,40,-7.93026
58,41,-8.00521
58,42,-8.07191
58,43,-8.13102
58,44,-8.18325
58,45,-8.22932
58,46,-8.26996
58,47,-8.30593
58,48,-8.33797
58,49,-8.36678
58,50,-8.39306
58,51,-8.41748
58,52,-8.44063
58,53,-8.46307
58,54,-8.48532
58,55,-8.50781
58,56,-8.53094
58,57,-8.55504
58,58,-8.58037
58,59,-8.60714
58,60,-8.63553
58,61,-8.66565
58,62,-8.69756
58,63,-8.73132
58,64,-8.76691
58,65,-8.80432
58,66,-8.84352
58,67,-8.88445
58,68,-8.92705
58,69,-8.97128
58,70,-9.01711
58,71,-9.06447
58,72,-9.11335
58,73,-9.16374
58,74,-9.21566
58,75,-9.26916
58,76,-9.32435
58,77,-9.38136
58,78,-9.44038
58,79,-9.5017
58,80,-9.56562
58,81,-9.63258
58,82,-9.70309
58,83,-9.77774
58,84,-9.85727
58,85,-9.94248
58,86,-10.0343
58,87,-10.1339
58,88,-10.2423
58,89,-10.3609
58,90,-10.4908
58,91,-10.6335
58,92,-10.7902
58,93,-10.962
58,94,-11.1498
58,95,-11.3541
58,96,-11.5748
58,97,-11.8113
58,98,-12.0617
58,99,-12.3233
58,100,-12.5919
58,101,-12.862
58,102,-13.1262
58,103,-13.3755
58,104,-13.5992
58,105,-13.7849
58,106,-13.919
58,107,-13.9868
58,108,-13.9735
58,109,-13.8643
58,110,-13.6458
58,111,-13.3067
58,112,-12.8388
58,113,-12.2383
58,114,-11.5064
58,115,-10.6505
58,116,-9.68446
58,117,-8.62884
58,118,-7.51045
58,119,-6.36147
58,120,-5.21782
58,121,-4.1171
58,122,-3.09598
58,123,-2.18789
58,124,-1.41957
58,125,-0.813374
58,126,-0.373292
58,127,-0.128173
58,128,0
59,0,0
59,1,-0.017036
59,2,-0.0521689
59,3,-0.119538
59,4,-0.217096
59,5,-0.345904
59,6,-0.503861
59,7,-0.68825
59,8,-0.895444
59,9,-1.12155
59,10,-1.36269
59,11,-1.61521
59,12,-1.87587
59,13,-2.14187
59,14,-2.41087
59,15,-2.68092
59,16,-2.95042
59,17,-3.21806
59,18,-3.48272
59,19,-3.74346
59,20,-3.99944
59,21,-4.24991
59,22,-4.49419
59,23,-4.73164
59,24,-4.96167
59,25,-5.18372
59,26,-5.39728
59,27,-5.60189
59,28,-5.79715
59,29,-5.9827
59,30,-6.15826
59,31,-6.3236
59,32,-6.4786
59,33,-6.62317
59,34,-6.75734
59,35,-6.88122
59,36,-6.99497
59,37,-7.09887
59,38,-7.19327
59,39,-7.27857
59,40,-7.35527
59,41,-7.42392
59,42,-7.48511
59,43,-7.53948
59,44,-7.58772
59,45,-7.63052
59,46,-7.66859
59,47,-7.70263
59,48,-7.73333
59,49,-7.76138
59,50,-7.7874
59,51,-7.81202
59,52,-7.83578
59,53,-7.8592
59,54,-7.88274
59,55,-7.90678
59,56,-7.93168
59,57,-7.95772
59,58,-7.98513
59,59,-8.0141
59,60,-8.04474
59,61,-8.07716
59,62,-8.11139
59,63,-8.14746
59,64,-8.18535
59,65,-8.22501
59,66,-8.26641
59,67,-8.30947
59,68,-8.35412
59,69,-8.40031
59,70,-8.44799
59,71,-8.49709
59,72,-8.54758
59,73,-8.59943
59,74,-8.65265
59,75,-8.70727
59,76,-8.76335
59,77,-8.821
59,78,-8.88039
59,79,-8.94173
59,80,-9.00531
59,81,-9.0715
59,82,-9.14076
59,83,-9.21363
59,84,-9.29077
59,85,-9.37298
59,86,-9.46116
59,87,-9.55632
59,88,-9.65965
59,89,-9.77239
59,90,-9.8959
59,91,-10.0316
59,92,-10.1809
59,93,-10.3452
59,94,-10.5256
59,95,-10.723
59,96,-10.9378
59,97,-11.1698
59,98,-11.4181
59,99,-11.6804
59,100,-11.9535
59,101,-12.2324
59,102,-12.5106
59,103,-12.7798
59,104,-13.0297
59,105,-13.2485
59,106,-13.4224
59,107,-13.5367
59,108,-13.5758
59,109,-13.5242
59,110,-13.3671
59,111,-13.0915
59,112,-12.6873
59,113,-12.1485
59,114,-11.4742
59,115,-10.6694
59,116,-9.74618
59,117,-8.72344
59,118,-7.62705
59,119,-6.48891
59,120,-5.34547
59,121,-4.23566
59,122,-3.19818
59,123,-2.26907
59,124,-1.47789
59,125,-0.849973
59,126,-0.391562
59,127,-0.134883
59,128,0
60,0,0
60,1,-0.0124786
60,2,-0.0399494
60,3,-0.0952425
60,4,-0.178193
60,5,-0.290508
60,6,-0.430908
60,7,-0.597198
60,8,-0.78614
60,9,-0.994077
60,10,-1.21723
60,11,-1.452
60,12,-1.69513
60,13,-1.94377
60,14,-2.19552
60,15,-2.44841
60,16,-2.70079
60,17,-2.95134
60,18,-3.19894
60,19,-3.44265
60,20,-3.68168
60,21,-3.91529
60,22,-4.14284
60,23,-4.36374
60,24,-4.57744
60,25,-4.78345
60,26,-4.9813
60,27,-5.17059
60,28,-5.35097
60,29,-5.52212
60,30,-5.68382
60,31,-5.83589
60,32,-5.97824
60,33,-6.11084
60,34,-6.23375
60,35,-6.34709
60,36,-6.45107
60,37,-6.54599
60,38,-6.63219
60,39,-6.7101
60,40,-6.78021
60,41,-6.84305
60,42,-6.89922
60,43,-6.94933
60,44,-6.99403
60,45,-7.03399
60,46,-7.06987
60,47,-7.10234
60,48,-7.13205
60,49,-7.15962
60,50,-7.18565
60,51,-7.21068
60,52,-7.23524
60,53,-7.25977
60,54,-7.2847
60,55,-7.31036
60,56,-7.33707
60,57,-7.36506
60,58,-7.39454
60,59,-7.42566
60,60,-7.45851
60,61,-7.49316
60,62,-7.52965
60,63,-7.56796
60,64,-7.60807
60,65,-7.64993
60,66,-7.69347
60,67,-7.73864
60,68,-7.78534
60,69,-7.83351
60,70,-7.88309
60,71,-7.93401
60,72,-7.98622
60,73,-8.0397
60,74,-8.09443
60,75,-8.15042
60,76,-8.20771
60,77,-8.26638
60,78,-8.32655
60,79,-8.3884
60,80,-8.45218
60,81,-8.5182
60,82,-8.58687
60,83,-8.65866
60,84,-8.7342
60,85,-8.81419
60,86,-8.89949
60,87,-8.99108
60,88,-9.09009
60,89,-9.19778
60,90,-9.31551
60,91,-9.44476
60,92,-9.58705
60,93,-9.7439
60,94,-9.91673
60,95,-10.1067
60,96,-10.3147
60,97,-10.5411
60,98,-10.7853
60,99,-11.0461
60,100,-11.3208
60,101,-11.6052
60,102,-11.8938
60,103,-12.1789
60,104,-12.4509
60,105,-12.6983
60,106,-12.9079
60,107,-13.0647
60,108,-13.1528
60,109,-13.1558
60,110,-13.0579
60,111,-12.8445
60,112,-12.5037
60,113,-12.0273
60,114,-11.412
60,115,-10.6608
60,116,-9.78341
60,117,-8.79708
60,118,-7.72644
60,119,-6.60289
60,120,-5.46317
60,121,-4.34735
60,122,-3.29603
60,123,-2.34778
60,124,-1.53502
60,125,-0.886133
60,126,-0.409745
60,127,-0.141596
60,128,0
61,0,0
61,1,-0.00794688
61,2,-0.0277571
61,3,-0.0709075
61,4,-0.13909
61,5,-0.234653
61,6,-0.357152
61,7,-0.504938
61,8,-0.675187
61,9,-0.864495
61,10,-1.06923
61,11,-1.28583
61,12,-1.51104
61,13,-1.74197
61,14,-1.97619
61,15,-2.21165
61,16,-2.44671
61,17,-2.68
61,18,-2.91041
61,19,-3.13701
61,20,-3.35901
61,21,-3.57573
61,22,-3.78656
61,23,-3.99096
61,24,-4.18843
61,25,-4.37851
61,26,-4.56081
61,27,-4.73496
61,28,-4.90067
61,29,-5.05768
61,30,-5.20581
61,31,-5.34492
61,32,-5.47497
61,33,-5.59597
61,34,-5.70799
61,35,-5.81121
61,36,-5.90585
61,37,-5.99221
61,38,-6.07066
61,39,-6.14162
61,40,-6.20556
61,41,-6.26303
61,42,-6.31459
61,43,-6.36083
61,44,-6.40236
61,45,-6.43983
61,46,-6.47385
61,47,-6.50504
61,48,-6.534
61,49,-6.56131
61,50,-6.58752
61,51,-6.61312
61,52,-6.63857
61,53,-6.66429
61,54,-6.69064
61,55,-6.71793
61,56,-6.74642
61,57,-6.77632
61,58,-6.8078
61,59,-6.84098
61,60,-6.87594
61,61,-6.91272
61,62,-6.95134
61,63,-6.99178
61,64,-7.03401
61,65,-7.07796
61,66,-7.12358
61,67,-7.17078
61,68,-7.21949
61,69,-7.26962
61,70,-7.32111
61,71,-7.3739
61,72,-7.42793
61,73,-7.48317
61,74,-7.53957
61,75,-7.59715
61,76,-7.65591
61,77,-7.71592
61,78,-7.77726
61,79,-7.84007
61,80,-7.90456
61,81,-7.97099
61,82,-8.0397
61,83,-8.11113
61,84,-8.18581
61,85,-8.2644
61,86,-8.34768
61,87,-8.43658
61,88,-8.53216
61,89,-8.63565
61,90,-8.74842
61,91,-8.87194
61,92,-9.00781
61,93,-9.15766
61,94,-9.3231
61,95,-9.50558
61,96,-9.70633
61,97,-9.9261
61,98,-10.165
61,99,-10.4224
61,100,-10.6963
61,101,-10.9835
61,102,-11.2791
61,103,-11.5763
61,104,-11.8664
61,105,-12.1384
61,106,-12.3793
61,107,-12.5746
61,108,-12.7079
61,109,-12.7624
61,110,-12.7212
61,111,-12.5684
61,112,-12.2901
61,113,-11.8762
61,114,-11.3211
61,115,-10.6254
61,116,-9.7965
61,117,-8.8498
61,118,-7.80846
61,119,-6.7031
61,120,-5.57055
61,121,-4.45178
61,122,-3.38916
61,123,-2.42374
61,124,-1.59076
61,125,-0.921731
61,126,-0.427781
61,127,-0.148291
61,128,0
62,0,0
62,1,-0.00346926
62,2,-0.0156628
62,3,-0.0466632
62,4,-0.0999804
62,5,-0.178599
62,6,-0.282916
62,7,-0.411849
62,8,-0.563014
62,9,-0.733286
62,10,-0.919191
62,11,-1.11725
62,12,-1.32419
62,13,-1.53711
62,14,-1.75352
62,15,-1.97135
62,16,-2.18891
62,17,-2.4048
62,18,-2.61791
62,19,-2.82732
62,20,-3.03227
62,21,-3.2321
62,22,-3.42625
62,23,-3.61421
62,24,-3.79553
62,25,-3.96981
62,26,-4.1367
62,27,-4.29591
62,28,-4.44716
62,29,-4.59027
62,30,-4.72509
62,31,-4.85154
62,32,-4.9696
62,33,-5.07932
62,34,-5.18082
62,35,-5.27428
62,36,-5.35995
62,37,-5.43813
62,38,-5.5092
62,39,-5.57358
62,40,-5.63174
62,41,-5.6842
62,42,-5.73148
62,43,-5.77417
62,44,-5.81284
62,45,-5.84808
62,46,-5.88048
62,47,-5.9106
62,48,-5.93899
62,49,-5.96619
62,50,-5.99268
62,51,-6.01892
62,52,-6.04531
62,53,-6.07223
62,54,-6.09998
62,55,-6.12884
62,56,-6.15904
62,57,-6.19075
62,58,-6.22412
62,59,-6.25923
62,60,-6.29616
62,61,-6.33493
62,62,-6.37554
62,63,-6.41797
62,64,-6.46217
62,65,-6.5081
62,66,-6.55567
62,67,-6.60481
62,68,-6.65545
62,69,-6.7075
62,70,-6.76089
62,71,-6.81556
62,72,-6.87146
62,73,-6.92853
62,74,-6.98675
62,75,-7.04609
62,76,-7.10656
62,77,-7.16819
62,78,-7.23104
62,79,-7.29522
62,80,-7.36088
62,81,-7.42825
62,82,-7.49762
62,83,-7.56935
62,84,-7.64391
62,85,-7.7219
62,86,-7.80403
62,87,-7.89114
62,88,-7.98423
62,89,-8.08448
62,90,-8.1932
62,91,-8.31188
62,92,-8.44211
62,93,-8.58562
62,94,-8.74412
62,95,-8.91931
62,96,-9.11267
62,97,-9.32539
62,98,-9.5581
62,99,-9.81067
62,100,-10.082
62,101,-10.3695
62,102,-10.6692
62,103,-10.9753
62,104,-11.2797
62,105,-11.5722
62,106,-11.8405
62,107,-12.0701
62,108,-12.2448
62,109,-12.3474
62,110,-12.36
62,111,-12.2656
62,112,-12.0487
62,113,-11.697
62,114,-11.2027
62,115,-10.564
62,116,-9.78598
62,117,-8.88182
62,118,-7.87308
62,119,-6.78937
62,120,-5.66732
62,121,-4.54864
62,122,-3.47731
62,123,-2.49671
62,124,-1.64494
62,125,-0.956658
62,126,-0.445615
62,127,-0.154949
62,128,0
63,0,0
63,1,0.000921781
63,2,-0.00374355
63,3,-0.0226457
63,4,-0.0610642
63,5,-0.122608
63,6,-0.208525
63,7,-0.318313
63,8,-0.450055
63,9,-0.600931
63,10,-0.767648
63,11,-0.94681
63,12,-1.13517
63,13,-1.32981
63,14,-1.52819
63,15,-1.72819
63,16,-1.92809
63,17,-2.12647
63,18,-2.32221
63,19,-2.5144
63,20,-2.70228
63,21,-2.88524
63,22,-3.06275
63,23,-3.23433
63,24,-3.39961
63,25,-3.55822
63,26,-3.70986
63,27,-3.85428
63,28,-3.99129
63,29,-4.12072
63,30,-4.24247
63,31,-4.35652
63,32,-4.46288
63,33,-4.56163
63,34,-4.65291
63,35,-4.73692
63,36,-4.81393
63,37,-4.88426
63,38,-4.94828
63,39,-5.00639
63,40,-5.05907
63,41,-5.10679
63,42,-5.15008
63,43,-5.18947
63,44,-5.2255
63,45,-5.25872
63,46,-5.28966
63,47,-5.31885
63,48,-5.34679
63,49,-5.37395
63,50,-5.40077
63,51,-5.42766
63,52,-5.45497
63,53,-5.48303
63,54,-5.51212
63,55,-5.54246
63,56,-5.57425
63,57,-5.60764
63,58,-5.64274
63,59,-5.67963
63,60,-5.71836
63,61,-5.75894
63,62,-5.80137
63,63,-5.84562
63,64,-5.89165
63,65,-5.93939
63,66,-5.98878
63,67,-6.03975
63,68,-6.09222
63,69,-6.14611
63,70,-6.20136
63,71,-6.2579
63,72,-6.31568
63,73,-6.37465
63,74,-6.43478
63,75,-6.49602
63,76,-6.55839
63,77,-6.62187
63,78,-6.68653
63,79,-6.75243
63,80,-6.81969
63,81,-6.88849
63,82,-6.95906
63,83,-7.03173
63,84,-7.10688
63,85,-7.18505
63,86,-7.26686
63,87,-7.35308
63,88,-7.44465
63,89,-7.54264
63,90,-7.64832
63,91,-7.76313
63,92,-7.88867
63,93,-8.02666
63,94,-8.17893
63,95,-8.34731
63,96,-8.53353
63,97,-8.7391
63,98,-8.96509
63,99,-9.21194
63,100,-9.47917
63,101,-9.7651
63,102,-10.0665
63,103,-10.3784
63,104,-10.6937
63,105,-11.0031
63,106,-11.2947
63,107,-11.5547
63,108,-11.767
63,109,-11.914
63,110,-11.9774
63,111,-11.939
63,112,-11.7818
63,113,-11.4916
63,114,-11.0584
63,115,-10.4778
63,116,-9.75257
63,117,-8.89355
63,118,-7.92044
63,119,-6.86163
63,120,-5.75333
63,121,-4.63773
63,122,-3.56025
63,123,-2.5665
63,124,-1.6974
63,125,-0.990818
63,126,-0.463197
63,127,-0.16155
63,128,0
64,0,0
64,1,0.00519411
64,2,0.00791202
64,3,0.000991566
64,4,-0.0225523
64,5,-0.0669533
64,6,-0.134308
64,7,-0.224716
64,8,-0.336746
64,9,-0.467908
64,10,-0.615117
64,11,-0.775081
64,12,-0.944586
64,13,-1.12069
64,14,-1.30084
64,15,-1.48285
64,16,-1.66497
64,17,-1.84575
64,18,-2.02407
64,19,-2.19901
64,20,-2.36983
64,21,-2.53595
64,22,-2.69687
64,23,-2.85217
64,24,-3.0015
64,25,-3.14456
64,26,-3.2811
64,27,-3.41092
64,28,-3.53385
64,29,-3.64981
64,30,-3.75872
64,31,-3.8606
64,32,-3.9555
64,33,-4.04352
64,34,-4.12484
64,35,-4.19968
64,36,-4.26831
64,37,-4.33104
64,38,-4.38826
64,39,-4.44036
64,40,-4.48779
64,41,-4.531
64,42,-4.5705
64,43,-4.60676
64,44,-4.64031
64,45,-4.67164
64,46,-4.70123
64,47,-4.72957
64,48,-4.75709
64,49,-4.78423
64,50,-4.81138
64,51,-4.83888
64,52,-4.86705
64,53,-4.89617
64,54,-4.92647
64,55,-4.95816
64,56,-4.99139
64,57,-5.02629
64,58,-5.06295
64,59,-5.10144
64,60,-5.14178
64,61,-5.18398
64,62,-5.22804
64,63,-5.27392
64,64,-5.32159
64,65,-5.37099
64,66,-5.42205
64,67,-5.47471
64,68,-5.52889
64,69,-5.58454
64,70,-5.64158
64,71,-5.69995
64,72,-5.7596
64,73,-5.8205
64,74,-5.88259
64,75,-5.94585
64,76,-6.01025
64,77,-6.0758
64,78,-6.14251
64,79,-6.21044
64,80,-6.27966
64,81,-6.35033
64,82,-6.42262
64,83,-6.49679
64,84,-6.5732
64,85,-6.65228
64,86,-6.73458
64,87,-6.8208
64,88,-6.91177
64,89,-7.00851
64,90,-7.11219
64,91,-7.22418
64,92,-7.34605
64,93,-7.47951
64,94,-7.62643
64,95,-7.78872
64,96,-7.9683
64,97,-8.16694
64,98,-8.38611
64,99,-8.62671
64,100,-8.8889
64,101,-9.17171
64,102,-9.47279
64,103,-9.78801
64,104,-10.1112
64,105,-10.4339
64,106,-10.7452
64,107,-11.0317
64,108,-11.2776
64,109,-11.4655
64,110,-11.5764
64,111,-11.5913
64,112,-11.4919
64,113,-11.2621
64,114,-10.8898
64,115,-10.368
64,116,-9.69711
64,117,-8.8855
64,118,-7.95081
64,119,-6.91997
64,120,-5.82851
64,121,-4.71891
64,122,-3.63781
64,123,-2.63296
64,124,-1.74804
64,125,-1.02413
64,126,-0.480486
64,127,-0.168079
64,128,0
65,0,0
65,1,0.00933093
65,2,0.0192452
65,3,0.0240983
65,4,0.015312
65,5,-0.0119363
65,6,-0.0606161
65,7,-0.131455
65,8,-0.22353
65,9,-0.334704
65,10,-0.462121
65,11,-0.602614
65,12,-0.753014
65,13,-0.910379
65,14,-1.07211
65,15,-1.236
65,16,-1.40023
65,17,-1.56336
65,18,-1.72422
65,19,-1.88191
65,20,-2.0357
65,21,-2.18503
65,22,-2.32943
65,23,-2.46853
65,24,-2.60202
65,25,-2.72965
65,26,-2.85122
65,27,-2.96658
65,28,-3.07562
65,29,-3.17827
65,30,-3.27454
65,31,-3.36445
65,32,-3.44809
65,33,-3.52561
65,34,-3.59718
65,35,-3.66306
65,36,-3.72351
65,37,-3.77886
65,38,-3.82948
65,39,-3.87575
65,40,-3.9181
65,41,-3.95696
65,42,-3.9928
65,43,-4.02606
65,44,-4.05722
65,45,-4.08672
65,46,-4.115
65,47,-4.1425
65,48,-4.16961
65,49,-4.19669
65,50,-4.22409
65,51,-4.25211
65,52,-4.28103
65,53,-4.31108
65,54,-4.34246
65,55,-4.37533
65,56,-4.40983
65,57,-4.44605
65,58,-4.48408
65,59,-4.52395
65,60,-4.5657
65,61,-4.60932
65,62,-4.65481
65,63,-4.70213
65,64,-4.75125
65,65,-4.80213
65,66,-4.85469
65,67,-4.9089
65,68,-4.96468
65,69,-5.02197
65,70,-5.08071
65,71,-5.14085
65,72,-5.20236
65,73,-5.26518
65,74,-5.32928
65,75,-5.39462
65,76,-5.46117
65,77,-5.52894
65,78,-5.59791
65,79,-5.66812
65,80,-5.73963
65,81,-5.81254
65,82,-5.887
65,83,-5.96321
65,84,-6.04146
65,85,-6.12213
65,86,-6.20568
65,87,-6.29273
65,88,-6.38403
65,89,-6.4805
65,90,-6.58321
65,91,-6.69347
65,92,-6.81276
65,93,-6.94277
65,94,-7.08533
65,95,-7.24244
65,96,-7.41612
65,97,-7.60835
65,98,-7.82089
65,99,-8.0551
65,100,-8.31165
65,101,-8.59028
65,102,-8.88941
65,103,-9.20582
65,104,-9.5343
65,105,-9.8673
65,106,-10.1948
65,107,-10.504
65,108,-10.7799
65,109,-11.0048
65,110,-11.1599
65,111,-11.2253
65,112,-11.1814
65,113,-11.0106
65,114,-10.6985
65,115,-10.236
65,116,-9.62062
65,117,-8.85836
65,118,-7.9646
65,119,-6.96458
65,120,-5.89292
65,121,-4.79213
65,122,-3.70989
65,123,-2.69598
65,124,-1.79674
65,125,-1.05652
65,126,-0.497445
65,127,-0.174522
65,128,0
66,0,0
66,1,0.0133259
66,2,0.0302314
66,3,0.0465884
66,4,0.0523292
66,5,0.0421161
66,6,0.0121527
66,7,-0.038962
66,8,-0.11087
66,9,-0.201817
66,10,-0.309191
66,11,-0.42997
66,12,-0.561045
66,13,-0.699479
66,14,-0.842643
66,15,-0.988293
66,16,-1.13457
66,17,-1.28
66,18,-1.42339
66,19,-1.56384
66,20,-1.70063
66,21,-1.83322
66,22,-1.96118
66,23,-2.08417
66,24,-2.20192
66,25,-2.31425
66,26,-2.42098
66,27,-2.52202
66,28,-2.6173
66,29,-2.70682
66,30,-2.79059
66,31,-2.8687
66,32,-2.94125
66,33,-3.00843
66,34,-3.07043
66,35,-3.1275
66,36,-3.17994
66,37,-3.22806
66,38,-3.27221
66,39,-3.31278
66,40,-3.35015
66,41,-3.38476
66,42,-3.417
66,43,-3.44731
66,44,-3.47611
66,45,-3.50379
66,46,-3.53076
66,47,-3.55738
66,48,-3.584
66,49,-3.61094
66,50,-3.63849
66,51,-3.66692
66,52,-3.69644
66,53,-3.72726
66,54,-3.75954
66,55,-3.7934
66,56,-3.82897
66,57,-3.86631
66,58,-3.9055
66,59,-3.94655
66,60,-3.98949
66,61,-4.03432
66,62,-4.08102
66,63,-4.12959
66,64,-4.17997
66,65,-4.23214
66,66,-4.28605
66,67,-4.34164
66,68,-4.39887
66,69,-4.45769
66,70,-4.51804
66,71,-4.57989
66,72,-4.64319
66,73,-4.70792
66,74,-4.77403
66,75,-4.8415
66,76,-4.91029
66,77,-4.98039
66,78,-5.05179
66,79,-5.12451
66,80,-5.19857
66,81,-5.27406
66,82,-5.35108
66,83,-5.42979
66,84,-5.51042
66,85,-5.59329
66,86,-5.6788
66,87,-5.76746
66,88,-5.85996
66,89,-5.95709
66,90,-6.05986
66,91,-6.16946
66,92,-6.28729
66,93,-6.41497
66,94,-6.55429
66,95,-6.70726
66,96,-6.87595
66,97,-7.0625
66,98,-7.26891
66,99,-7.49688
66,100,-7.74758
66,101,-8.02135
66,102,-8.31736
66,103,-8.63327
66,104,-8.96478
66,105,-9.30534
66,106,-9.64584
66,107,-9.97442
66,108,-10.2765
66,109,-10.535
66,110,-10.7308
66,111,-10.8435
66,112,-10.8527
66,113,-10.7391
66,114,-10.4865
66,115,-10.0832
66,116,-9.52418
66,117,-8.81291
66,118,-7.96232
66,119,-6.99576
66,120,-5.94668
66,121,-4.85741
66,122,-3.77648
66,123,-2.75551
66,124,-1.84347
66,125,-1.08796
66,126,-0.514048
66,127,-0.180867
66,128,0
67,0,0
67,1,0.01717
67,2,0.040844
67,3,0.0684071
67,4,0.0883865
67,5,0.0949742
67,6,0.0836123
67,7,0.0522684
67,8,0.000709462
67,9,-0.0697758
67,10,-0.156874
67,11,-0.25772
67,12,-0.369272
67,13,-0.488609
67,14,-0.613078
67,15,-0.740395
67,16,-0.868665
67,17,-0.996361
67,18,-1.12229
67,19,-1.24552
67,20,-1.36537
67,21,-1.48128
67,22,-1.59288
67,23,-1.69985
67,24,-1.80197
67,25,-1.89909
67,26,-1.9911
67,27,-2.07794
67,28,-2.1596
67,29,-2.2361
67,30,-2.30751
67,31,-2.37394
67,32,-2.43554
67,33,-2.4925
67,34,-2.54505
67,35,-2.59343
67,36,-2.63795
67,37,-2.67892
67,38,-2.71669
67,39,-2.75161
67,40,-2.78407
67,41,-2.81444
67,42,-2.84311
67,43,-2.87046
67,44,-2.89687
67,45,-2.92269
67,46,-2.94826
67,47,-2.97392
67,48,-2.99994
67,49,-3.02662
67,50,-3.05418
67,51,-3.08285
67,52,-3.1128
67,53,-3.1442
67,54,-3.17718
67,55,-3.21184
67,56,-3.24826
67,57,-3.28651
67,58,-3.32662
67,59,-3.36863
67,60,-3.41255
67,61,-3.45837
67,62,-3.50609
67,63,-3.55569
67,64,-3.60715
67,65,-3.66043
67,66,-3.71551
67,67,-3.77234
67,68,-3.83088
67,69,-3.89111
67,70,-3.95297
67,71,-4.01643
67,72,-4.08147
67,73,-4.14807
67,74,-4.21619
67,75,-4.2858
67,76,-4.35688
67,77,-4.4294
67,78,-4.50336
67,79,-4.57875
67,80,-4.65559
67,81,-4.73393
67,82,-4.81385
67,83,-4.89546
67,84,-4.97896
67,85,-5.06458
67,86,-5.15267
67,87,-5.24368
67,88,-5.33818
67,89,-5.43688
67,90,-5.54068
67,91,-5.65067
67,92,-5.76815
67,93,-5.89464
67,94,-6.03188
67,95,-6.18183
67,96,-6.3466
67,97,-6.52839
67,98,-6.72938
67,99,-6.95156
67,100,-7.19651
67,101,-7.46512
67,102,-7.75725
67,103,-8.07135
67,104,-8.40407
67,105,-8.74985
67,106,-9.10056
67,107,-9.44528
67,108,-9.77017
67,109,-10.0586
67,110,-10.2917
67,111,-10.4487
67,112,-10.5083
67,113,-10.45
67,114,-10.2555
67,115,-9.91104
67,116,-9.40901
67,117,-8.75004
67,118,-7.94459
67,119,-7.01389
67,120,-5.99003
67,121,-4.91487
67,122,-3.8376
67,123,-2.81152
67,124,-1.88819
67,125,-1.11841
67,126,-0.530276
67,127,-0.187107
67,128,0
68,0,0
68,1,0.0208537
68,2,0.0510545
68,3,0.0894939
68,4,0.123384
68,5,0.146485
68,6,0.15351
68,7,0.141832
68,8,0.110658
68,9,0.0608048
68,10,-0.00578526
68,11,-0.0864682
68,12,-0.178306
68,13,-0.278394
68,14,-0.384051
68,15,-0.492959
68,16,-0.603174
68,17,-0.713133
68,18,-0.821611
68,19,-0.927677
68,20,-1.03063
68,21,-1.12994
68,22,-1.22526
68,23,-1.31629
68,24,-1.40288
68,25,-1.4849
68,26,-1.56229
68,27,-1.63503
68,28,-1.70317
68,29,-1.76675
68,30,-1.8259
68,31,-1.88075
68,32,-1.93148
68,33,-1.97831
68,34,-2.02146
68,35,-2.06122
68,36,-2.09787
68,37,-2.13173
68,38,-2.16313
68,39,-2.19242
68,40,-2.21995
68,41,-2.24606
68,42,-2.27111
68,43,-2.29543
68,44,-2.31936
68,45,-2.34322
68,46,-2.36728
68,47,-2.39183
68,48,-2.41712
68,49,-2.44336
68,50,-2.47076
68,51,-2.49947
68,52,-2.52966
68,53,-2.56143
68,54,-2.5949
68,55,-2.63013
68,56,-2.66718
68,57,-2.70611
68,58,-2.74694
68,59,-2.78969
68,60,-2.83436
68,61,-2.88097
68,62,-2.92949
68,63,-2.97993
68,64,-3.03227
68,65,-3.08649
68,66,-3.14256
68,67,-3.20047
68,68,-3.26019
68,69,-3.32169
68,70,-3.38495
68,71,-3.44994
68,72,-3.51665
68,73,-3.58507
68,74,-3.65517
68,75,-3.72693
68,76,-3.80032
68,77,-3.87533
68,78,-3.95194
68,79,-4.03015
68,80,-4.10994
68,81,-4.19137
68,82,-4.27447
68,83,-4.35933
68,84,-4.4461
68,85,-4.53497
68,86,-4.62621
68,87,-4.72021
68,88,-4.81745
68,89,-4.91855
68,90,-5.0243
68,91,-5.13569
68,92,-5.2539
68,93,-5.38035
68,94,-5.51669
68,95,-5.6648
68,96,-5.82678
68,97,-6.00487
68,98,-6.20135
68,99,-6.41844
68,100,-6.65803
68,101,-6.9215
68,102,-7.20932
68,103,-7.52072
68,104,-7.85322
68,105,-8.20225
68,106,-8.56071
68,107,-8.91867
68,108,-9.26315
68,109,-9.57819
68,110,-9.84514
68,111,-10.0432
68,112,-10.1505
68,113,-10.1452
68,114,-10.0074
68,115,-9.72122
68,116,-9.27634
68,117,-8.6707
68,118,-7.91209
68,119,-7.01945
68,120,-6.02325
68,121,-4.96469
68,122,-3.89334
68,123,-2.86407
68,124,-1.9309
68,125,-1.14786
68,126,-0.546121
68,127,-0.193237
68,128,0
69,0,0
69,1,0.0243666
69,2,0.0608335
69,3,0.109786
69,4,0.157215
69,5,0.196491
69,6,0.221637
69,7,0.229448
69,8,0.218575
69,9,0.189373
69,10,0.143422
69,11,0.0830988
69,12,0.011178
69,13,-0.0694897
69,14,-0.156217
69,15,-0.246644
69,16,-0.338775
69,17,-0.430995
69,18,-0.522052
69,19,-0.610995
69,20,-0.697118
69,21,-0.779913
69,22,-0.859027
69,23,-0.934224
69,24,-1.00536
69,25,-1.07237
69,26,-1.13522
69,27,-1.19396
69,28,-1.24865
69,29,-1.29939
69,30,-1.34634
69,31,-1.38967
69,32,-1.42957
69,33,-1.46629
69,34,-1.50008
69,35,-1.53122
69,36,-1.56
69,37,-1.58673
69,38,-1.61173
69,39,-1.63534
69,40,-1.65786
69,41,-1.67963
69,42,-1.70095
69,43,-1.72213
69,44,-1.74346
69,45,-1.7652
69,46,-1.78759
69,47,-1.81087
69,48,-1.83522
69,49,-1.86083
69,50,-1.88785
69,51,-1.9164
69,52,-1.94659
69,53,-1.97852
69,54,-2.01224
69,55,-2.04781
69,56,-2.08527
69,57,-2.12465
69,58,-2.16597
69,59,-2.20923
69,60,-2.25445
69,61,-2.30163
69,62,-2.35076
69,63,-2.40184
69,64,-2.45488
69,65,-2.50985
69,66,-2.56676
69,67,-2.6256
69,68,-2.68635
69,69,-2.74901
69,70,-2.81356
69,71,-2.87998
69,72,-2.94829
69,73,-3.01846
69,74,-3.0905
69,75,-3.16439
69,76,-3.24011
69,77,-3.31764
69,78,-3.39697
69,79,-3.47809
69,80,-3.56099
69,81,-3.64568
69,82,-3.7322
69,83,-3.82061
69,84,-3.91101
69,85,-4.00355
69,86,-4.09845
69,87,-4.19602
69,88,-4.29667
69,89,-4.40093
69,90,-4.5095
69,91,-4.62323
69,92,-4.74321
69,93,-4.87072
69,94,-5.00733
69,95,-5.15481
69,96,-5.3152
69,97,-5.49073
69,98,-5.68375
69,99,-5.89661
69,100,-6.13148
69,101,-6.39012
69,102,-6.67356
69,103,-6.9817
69,104,-7.31293
69,105,-7.66363
69,106,-8.02774
69,107,-8.39635
69,108,-8.75746
69,109,-9.09588
69,110,-9.39341
69,111,-9.62937
69,112,-9.7814
69,113,-9.82681
69,114,-9.74415
69,115,-9.51525
69,116,-9.12747
69,117,-8.57592
69,118,-7.8656
69,119,-7.013
69,120,-6.04674
69,121,-5.0071
69,122,-3.94385
69,123,-2.91323
69,124,-1.97166
69,125,-1.17634
69,126,-0.561586
69,127,-0.199257
69,128,0
70,0,0
70,1,0.0276985
70,2,0.0701515
70,3,0.129221
70,4,0.189775
70,5,0.244836
70,6,0.287777
70,7,0.314838
70,8,0.324122
70,9,0.315519
70,10,0.290227
70,11,0.250347
70,12,0.198481
70,13,0.137384
70,14,0.06971
70,15,-0.00214774
70,16,-0.0761483
70,17,-0.150629
70,18,-0.224296
70,19,-0.296171
70,20,-0.365538
70,21,-0.431889
70,22,-0.494889
70,23,-0.554331
70,24,-0.610104
70,25,-0.662177
70,26,-0.710571
70,27,-0.755361
70,28,-0.796657
70,29,-0.834608
70,30,-0.86939
70,31,-0.90121
70,32,-0.930298
70,33,-0.956907
70,34,-0.981306
70,35,-1.00378
70,36,-1.02463
70,37,-1.04416
70,38,-1.06268
70,39,-1.08049
70,40,-1.09789
70,41,-1.11517
70,42,-1.13262
70,43,-1.15049
70,44,-1.16903
70,45,-1.18846
70,46,-1.20898
70,47,-1.23076
70,48,-1.25396
70,49,-1.27871
70,50,-1.30512
70,51,-1.33327
70,52,-1.36323
70,53,-1.39506
70,54,-1.4288
70,55,-1.46447
70,56,-1.5021
70,57,-1.5417
70,58,-1.58328
70,59,-1.62684
70,60,-1.67239
70,61,-1.71994
70,62,-1.76948
70,63,-1.82102
70,64,-1.87457
70,65,-1.93014
70,66,-1.98773
70,67,-2.04735
70,68,-2.109
70,69,-2.17269
70,70,-2.23842
70,71,-2.30617
70,72,-2.37599
70,73,-2.44786
70,74,-2.52179
70,75,-2.59778
70,76,-2.67581
70,77,-2.75589
70,78,-2.83798
70,79,-2.92209
70,80,-3.0082
70,81,-3.09631
70,82,-3.18644
70,83,-3.27864
70,84,-3.37297
70,85,-3.46955
70,86,-3.56854
70,87,-3.6702
70,88,-3.77486
70,89,-3.88298
70,90,-3.99513
70,91,-4.11209
70,92,-4.23481
70,93,-4.36446
70,94,-4.50247
70,95,-4.65051
70,96,-4.81054
70,97,-4.98472
70,98,-5.17542
70,99,-5.38507
70,100,-5.61604
70,101,-5.87041
70,102,-6.14966
70,103,-6.45434
70,104,-6.78361
70,105,-7.13477
70,106,-7.50277
70,107,-7.87979
70,108,-8.25486
70,109,-8.61365
70,110,-8.93863
70,111,-9.20935
70,112,-9.40326
70,113,-9.49688
70,114,-9.46741
70,115,-9.29472
70,116,-8.96372
70,117,-8.46674
70,118,-7.80593
70,119,-6.99514
70,120,-6.06092
70,121,-5.0424
70,122,-3.98932
70,123,-2.95914
70,124,-2.01052
70,125,-1.20388
70,126,-0.576684
70,127,-0.20517
70,128,0
71,0,0
71,1,0.0308395
71,2,0.07898
71,3,0.147739
71,4,0.22096
71,5,0.291361
71,6,0.351714
71,7,0.397724
71,8,0.426959
71,9,0.43884
71,10,0.434173
71,11,0.414765
71,12,0.383015
71,13,0.341566
71,14,0.293031
71,15,0.239814
71,16,0.183986
71,17,0.127249
71,18,0.070946
71,19,0.0160906
71,20,-0.0365816
71,21,-0.0865631
71,22,-0.133529
71,23,-0.177294
71,24,-0.21778
71,25,-0.254986
71,26,-0.288978
71,27,-0.319867
71,28,-0.347804
71,29,-0.372975
71,30,-0.395592
71,31,-0.415892
71,32,-0.434129
71,33,-0.450576
71,34,-0.465518
71,35,-0.47925
71,36,-0.492068
71,37,-0.504274
71,38,-0.516161
71,39,-0.528019
71,40,-0.540125
71,41,-0.55274
71,42,-0.56611
71,43,-0.580457
71,44,-0.595983
71,45,-0.612867
71,46,-0.631263
71,47,-0.651303
71,48,-0.673094
71,49,-0.696723
71,50,-0.722256
71,51,-0.749743
71,52,-0.779216
71,53,-0.810699
71,54,-0.844204
71,55,-0.879735
71,56,-0.917296
71,57,-0.956884
71,58,-0.9985
71,59,-1.04214
71,60,-1.08782
71,61,-1.13553
71,62,-1.18529
71,63,-1.23711
71,64,-1.29101
71,65,-1.34701
71,66,-1.40513
71,67,-1.46539
71,68,-1.52781
71,69,-1.59241
71,70,-1.65921
71,71,-1.7282
71,72,-1.79944
71,73,-1.87294
71,74,-1.94871
71,75,-2.02676
71,76,-2.1071
71,77,-2.18971
71,78,-2.27459
71,79,-2.36174
71,80,-2.45113
71,81,-2.54278
71,82,-2.63669
71,83,-2.73287
71,84,-2.83139
71,85,-2.93231
71,86,-3.03578
71,87,-3.14198
71,88,-3.25118
71,89,-3.36376
71,90,-3.48022
71,91,-3.60122
71,92,-3.72758
71,93,-3.86037
71,94,-4.00087
71,95,-4.15064
71,96,-4.31151
71,97,-4.48558
71,98,-4.67516
71,99,-4.88273
71,100,-5.11078
71,101,-5.36163
71,102,-5.63716
71,103,-5.93846
71,104,-6.26539
71,105,-6.61613
71,106,-6.98664
71,107,-7.37017
71,108,-7.7568
71,109,-8.13323
71,110,-8.48267
71,111,-8.78511
71,112,-9.018
71,113,-9.15728
71,114,-9.17897
71,115,-9.06117
71,116,-8.78639
71,117,-8.34424
71,118,-7.73393
71,119,-6.96651
71,120,-6.06628
71,121,-5.07095
71,122,-4.03002
71,123,-3.00195
71,124,-2.0476
71,125,-1.23053
71,126,-0.591439
71,127,-0.210984
71,128,0
72,0,0
72,1,0.0337806
72,2,0.0872925
72,3,0.16528
72,4,0.250669
72,5,0.335917
72,6,0.413238
72,7,0.477834
72,8,0.526751
72,9,0.558939
72,10,0.574807
72,11,0.575845
72,12,0.564233
72,13,0.542478
72,14,0.513132
72,15,0.478589
72,16,0.440947
72,17,0.401949
72,18,0.362984
72,19,0.325104
72,20,0.289067
72,21,0.255383
72,22,0.224374
72,23,0.19621
72,24,0.170945
72,25,0.148547
72,26,0.128915
72,27,0.1119
72,28,0.0973111
72,29,0.0849281
72,30,0.0745047
72,31,0.0657749
72,32,0.0584577
72,33,0.0522608
72,34,0.0468851
72,35,0.0420288
72,36,0.0373918
72,37,0.0326793
72,38,0.0276066
72,39,0.0219022
72,40,0.0153118
72,41,0.00760102
72,42,-0.00144203
72,43,-0.0120051
72,44,-0.0242503
72,45,-0.0383147
72,46,-0.0543097
72,47,-0.0723229
72,48,-0.0924189
72,49,-0.114642
72,50,-0.139019
72,51,-0.165562
72,52,-0.19427
72,53,-0.225136
72,54,-0.258144
72,55,-0.293279
72,56,-0.330525
72,57,-0.369867
72,58,-0.411295
72,59,-0.454806
72,60,-0.5004
72,61,-0.548088
72,62,-0.597884
72,63,-0.649811
72,64,-0.703898
72,65,-0.760175
72,66,-0.818677
72,67,-0.87944
72,68,-0.942502
72,69,-1.0079
72,70,-1.07567
72,71,-1.14581
72,72,-1.21839
72,73,-1.29345
72,74,-1.371
72,75,-1.45107
72,76,-1.53367
72,77,-1.61881
72,78,-1.70649
72,79,-1.7967
72,80,-1.88945
72,81,-1.98472
72,82,-2.08252
72,83,-2.18286
72,84,-2.28576
72,85,-2.3913
72,86,-2.49955
72,87,-2.61068
72,88,-2.72489
72,89,-2.84248
72,90,-2.96388
72,91,-3.08964
72,92,-3.22049
72,93,-3.35735
72,94,-3.50137
72,95,-3.65399
72,96,-3.8169
72,97,-3.99207
72,98,-4.18178
72,99,-4.38846
72,100,-4.61468
72,101,-4.86293
72,102,-5.13541
72,103,-5.43365
72,104,-5.75817
72,105,-6.10796
72,106,-6.47991
72,107,-6.86836
72,108,-7.26449
72,109,-7.65607
72,110,-8.02717
72,111,-8.35842
72,112,-8.62742
72,113,-8.80977
72,114,-8.8805
72,115,-8.81607
72,116,-8.59678
72,117,-8.2095
72,118,-7.65045
72,119,-6.92778
72,120,-6.06332
72,121,-5.09313
72,122,-4.06622
72,123,-3.04188
72,124,-2.08303
72,125,-1.25637
72,126,-0.605888
72,127,-0.21671
72,128,0
73,0,0
73,1,0.0365137
73,2,0.095065
73,3,0.181793
73,4,0.278808
73,5,0.378359
73,6,0.472149
73,7,0.554904
73,8,0.623168
73,9,0.675427
73,10,0.711679
73,11,0.733089
73,12,0.741593
73,13,0.739542
73,14,0.729407
73,15,0.713558
73,16,0.694106
73,17,0.672833
73,18,0.651172
73,19,0.630212
73,20,0.610739
73,21,0.593279
73,22,0.578154
73,23,0.565524
73,24,0.555421
73,25,0.547785
73,26,0.542484
73,27,0.539331
73,28,0.5381
73,29,0.538536
73,30,0.540358
73,31,0.543272
73,32,0.546972
73,33,0.551146
73,34,0.555479
73,35,0.559663
73,36,0.563393
73,37,0.56638
73,38,0.568348
73,39,0.569041
73,40,0.568226
73,41,0.565694
73,42,0.561265
73,43,0.554785
73,44,0.546128
73,45,0.535197
73,46,0.52192
73,47,0.506253
73,48,0.488172
73,49,0.467671
73,50,0.444762
73,51,0.419468
73,52,0.391823
73,53,0.361864
73,54,0.329629
73,55,0.295157
73,56,0.25848
73,57,0.219626
73,58,0.178613
73,59,0.135451
73,60,0.0901394
73,61,0.0426665
73,62,-0.0069882
73,63,-0.0588555
73,64,-0.112972
73,65,-0.169381
73,66,-0.22813
73,67,-0.289272
73,68,-0.352858
73,69,-0.418938
73,70,-0.48757
73,71,-0.558772
73,72,-0.63262
73,73,-0.709158
73,74,-0.78843
73,75,-0.87047
73,76,-0.955304
73,77,-1.04295
73,78,-1.13342
73,79,-1.22672
73,80,-1.32285
73,81,-1.42181
73,82,-1.52359
73,83,-1.62821
73,84,-1.73568
73,85,-1.84604
73,86,-1.95936
73,87,-2.07574
73,88,-2.19536
73,89,-2.31845
73,90,-2.44536
73,91,-2.57654
73,92,-2.71263
73,93,-2.85441
73,94,-3.00293
73,95,-3.15945
73,96,-3.32553
73,97,-3.50303
73,98,-3.69409
73,99,-3.90112
73,100,-4.12667
73,101,-4.37337
73,102,-4.64362
73,103,-4.93936
73,104,-5.26166
73,105,-5.61023
73,106,-5.98289
73,107,-6.375
73,108,-6.77887
73,109,-7.18336
73,110,-7.57358
73,111,-7.93086
73,112,-8.23318
73,113,-8.45599
73,114,-8.57355
73,115,-8.56087
73,116,-8.39613
73,117,-8.06355
73,118,-7.55635
73,119,-6.87965
73,120,-6.05259
73,121,-5.10937
73,122,-4.09825
73,123,-3.07917
73,124,-2.11698
73,125,-1.28151
73,126,-0.620076
73,127,-0.222364
73,128,0
74,0,0
74,1,0.0390319
74,2,0.102276
74,3,0.197228
74,4,0.305292
74,5,0.418551
74,6,0.528253
74,7,0.62868
74,8,0.715893
74,9,0.787922
74,10,0.844351
74,11,0.886004
74,12,0.914557
74,13,0.932184
74,14,0.941257
74,15,0.9441
74,16,0.942831
74,17,0.939262
74,18,0.934865
74,19,0.930771
74,20,0.927796
74,21,0.926488
74,22,0.927176
74,23,0.930013
74,24,0.935018
74,25,0.942105
74,26,0.951113
74,27,0.961821
74,28,0.97397
74,29,0.987269
74,30,1.00141
74,31,1.01606
74,32,1.0309
74,33,1.04559
74,34,1.05981
74,35,1.07323
74,36,1.08555
74,37,1.09648
74,38,1.10575
74,39,1.11312
74,40,1.11838
74,41,1.12135
74,42,1.12186
74,43,1.1198
74,44,1.11508
74,45,1.10763
74,46,1.09743
74,47,1.08447
74,48,1.06875
74,49,1.05032
74,50,1.02922
74,51,1.00551
74,52,0.979244
74,53,0.950497
74,54,0.919329
74,55,0.885797
74,56,0.849951
74,57,0.811831
74,58,0.771465
74,59,0.728866
74,60,0.684036
74,61,0.636962
74,62,0.587621
74,63,0.535975
74,64,0.481979
74,65,0.425578
74,66,0.366711
74,67,0.305313
74,68,0.241315
74,69,0.174654
74,70,0.105255
74,71,0.033081
74,72,-0.0419502
74,73,-0.119904
74,74,-0.200836
74,75,-0.284794
74,76,-0.371819
74,77,-0.461943
74,78,-0.555191
74,79,-0.651577
74,80,-0.751112
74,81,-0.853799
74,82,-0.959641
74,83,-1.06864
74,84,-1.18081
74,85,-1.29617
74,86,-1.41478
74,87,-1.5367
74,88,-1.66207
74,89,-1.79108
74,90,-1.92399
74,91,-2.06119
74,92,-2.20319
74,93,-2.35069
74,94,-2.50458
74,95,-2.66599
74,96,-2.83633
74,97,-3.01732
74,98,-3.21096
74,99,-3.41957
74,100,-3.64568
74,101,-3.89194
74,102,-4.16093
74,103,-4.4549
74,104,-4.77539
74,105,-5.12276
74,106,-5.49567
74,107,-5.89048
74,108,-6.30062
74,109,-6.7161
74,110,-7.12308
74,111,-7.50379
74,112,-7.83675
74,113,-8.09744
74,114,-8.25956
74,115,-8.29689
74,116,-8.18563
74,117,-7.90742
74,118,-7.45248
74,119,-6.82279
74,120,-6.03464
74,121,-5.1201
74,122,-4.12646
74,123,-3.11407
74,124,-2.14964
74,125,-1.30606
74,126,-0.634063
74,127,-0.227969
74,128,0
75,0,0
75,1,0.0413296
75,2,0.108908
75,3,0.211543
75,4,0.330042
75,5,0.456368
75,6,0.581369
75,7,0.698919
75,8,0.804619
75,9,0.896052
75,10,0.97239
75,11,1.0341
75,12,1.08259
75,13,1.11984
75,14,1.14808
75,15,1.1696
75,16,1.18649
75,17,1.20059
75,18,1.21342
75,19,1.22613
75,20,1.23959
75,21,1.25437
75,22,1.2708
75,23,1.28904
75,24,1.3091
75,25,1.33088
75,26,1.35418
75,27,1.37876
75,28,1.40432
75,29,1.43055
75,30,1.45709
75,31,1.4836
75,32,1.50973
75,33,1.53511
75,34,1.55941
75,35,1.5823
75,36,1.60346
75,37,1.62261
75,38,1.63948
75,39,1.65386
75,40,1.66553
75,41,1.67435
75,42,1.68017
75,43,1.68291
75,44,1.68251
75,45,1.67894
75,46,1.6722
75,47,1.66232
75,48,1.64936
75,49,1.63338
75,50,1.61445
75,51,1.59268
75,52,1.56814
75,53,1.54093
75,54,1.51114
75,55,1.47884
75,56,1.4441
75,57,1.40698
75,58,1.3675
75,59,1.32568
75,60,1.28154
75,61,1.23505
75,62,1.1862
75,63,1.13493
75,64,1.0812
75,65,1.02494
75,66,0.966071
75,67,0.904523
75,68,0.840211
75,69,0.773057
75,70,0.702973
75,71,0.629902
75,72,0.553758
75,73,0.474456
75,74,0.391927
75,75,0.306105
75,76,0.216935
75,77,0.124368
75,78,0.0283681
75,79,-0.0710973
75,80,-0.174046
75,81,-0.280491
75,82,-0.390439
75,83,-0.503897
75,84,-0.620874
75,85,-0.741388
75,86,-0.865469
75,87,-0.993173
75,88,-1.12459
75,89,-1.25987
75,90,-1.39922
75,91,-1.54294
75,92,-1.69148
75,93,-1.84539
75,94,-2.00547
75,95,-2.17269
75,96,-2.34831
75,97,-2.53389
75,98,-2.7313
75,99,-2.94272
75,100,-3.17061
75,101,-3.41762
75,102,-3.68642
75,103,-3.97949
75,104,-4.29876
75,105,-4.64517
75,106,-5.01814
75,107,-5.41498
75,108,-5.83021
75,109,-6.255
75,110,-6.67665
75,111,-7.07839
75,112,-7.43941
75,113,-7.73545
75,114,-7.93987
75,115,-8.02537
75,116,-7.96638
75,117,-7.74207
75,118,-7.33964
75,119,-6.75787
75,120,-6.01001
75,121,-5.12577
75,122,-4.15121
75,123,-3.14689
75,124,-2.18122
75,125,-1.33017
75,126,-0.647919
75,127,-0.233549
75,128,0
76,0,0
76,1,0.0434023
76,2,0.114945
76,3,0.224701
76,4,0.352985
76,5,0.491695
76,6,0.631328
76,7,0.76539
76,8,0.889052
76,9,0.99946
76,10,1.09538
76,11,1.17691
76,12,1.24518
76,13,1.30193
76,14,1.34928
76,15,1.38943
76,16,1.42445
76,17,1.45619
76,18,1.48618
76,19,1.51565
76,20,1.54548
76,21,1.57627
76,22,1.60838
76,23,1.64197
76,24,1.67704
76,25,1.71348
76,26,1.75107
76,27,1.78954
76,28,1.82856
76,29,1.86779
76,30,1.90684
76,31,1.94535
76,32,1.98293
76,33,2.0192
76,34,2.05381
76,35,2.08642
76,36,2.1167
76,37,2.14438
76,38,2.1692
76,39,2.19093
76,40,2.2094
76,41,2.22445
76,42,2.23599
76,43,2.24394
76,44,2.24828
76,45,2.249
76,46,2.24616
76,47,2.23979
76,48,2.22999
76,49,2.21686
76,50,2.20051
76,51,2.18105
76,52,2.1586
76,53,2.13329
76,54,2.1052
76,55,2.07445
76,56,2.04111
76,57,2.00524
76,58,1.9669
76,59,1.9261
76,60,1.88286
76,61,1.83716
76,62,1.78897
76,63,1.73824
76,64,1.68492
76,65,1.62892
76,66,1.57018
76,67,1.50859
76,68,1.44406
76,69,1.3765
76,70,1.30582
76,71,1.23192
76,72,1.15473
76,73,1.07413
76,74,0.990049
76,75,0.902401
76,76,0.811115
76,77,0.716129
76,78,0.617389
76,79,0.514854
76,80,0.40849
76,81,0.298274
76,82,0.184186
76,83,0.0662141
76,84,-0.0556548
76,85,-0.181435
76,86,-0.311146
76,87,-0.444827
76,88,-0.582543
76,89,-0.724401
76,90,-0.870565
76,91,-1.02128
76,92,-1.17688
76,93,-1.33785
76,94,-1.50484
76,95,-1.67871
76,96,-1.86056
76,97,-2.05179
76,98,-2.2541
76,99,-2.46953
76,100,-2.70042
76,101,-2.94938
76,102,-3.21912
76,103,-3.51227
76,104,-3.83107
76,105,-4.17695
76,106,-4.55004
76,107,-4.9485
76,108,-5.36791
76,109,-5.80061
76,110,-6.23507
76,111,-6.65562
76,112,-7.04228
76,113,-7.37121
76,114,-7.61564
76,115,-7.74744
76,116,-7.73942
76,117,-7.56839
76,118,-7.21859
76,119,-6.68551
76,120,-5.97922
76,121,-5.12682
76,122,-4.17287
76,123,-3.17792
76,124,-2.21196
76,125,-1.35398
76,126,-0.661724
76,127,-0.239134
76,128,0
77,0,0
77,1,0.0452468
77,2,0.120377
77,3,0.236671
77,4,0.374062
77,5,0.524426
77,6,0.677973
77,7,0.827878
77,8,0.96891
77,9,1.0978
77,10,1.2129
77,11,1.31396
77,12,1.40179
77,13,1.47791
77,14,1.54427
77,15,1.60297
77,16,1.65607
77,17,1.70539
77,18,1.7525
77,19,1.79867
77,20,1.8448
77,21,1.89154
77,22,1.93926
77,23,1.98815
77,24,2.0382
77,25,2.08928
77,26,2.14116
77,27,2.19355
77,28,2.24609
77,29,2.2984
77,30,2.35009
77,31,2.40074
77,32,2.44996
77,33,2.49734
77,34,2.54252
77,35,2.58513
77,36,2.62485
77,37,2.6614
77,38,2.69452
77,39,2.724
77,40,2.74966
77,41,2.77137
77,42,2.78906
77,43,2.80267
77,44,2.8122
77,45,2.81769
77,46,2.81918
77,47,2.81678
77,48,2.81059
77,49,2.80075
77,50,2.78739
77,51,2.77065
77,52,2.75069
77,53,2.72763
77,54,2.7016
77,55,2.67272
77,56,2.64108
77,57,2.60677
77,58,2.56982
77,59,2.53028
77,60,2.48816
77,61,2.44344
77,62,2.3961
77,63,2.34608
77,64,2.29332
77,65,2.23774
77,66,2.17923
77,67,2.11771
77,68,2.05307
77,69,1.9852
77,70,1.91399
77,71,1.83934
77,72,1.76116
77,73,1.67933
77,74,1.59374
77,75,1.50431
77,76,1.41094
77,77,1.31355
77,78,1.21209
77,79,1.10648
77,80,0.996691
77,81,0.882674
77,82,0.764404
77,83,0.64186
77,84,0.515024
77,85,0.383881
77,86,0.248415
77,87,0.108594
77,88,-0.0356279
77,89,-0.184333
77,90,-0.337636
77,91,-0.495724
77,92,-0.658869
77,93,-0.82746
77,94,-1.00203
77,95,-1.18332
77,96,-1.37227
77,97,-1.57011
77,98,-1.77839
77,99,-1.99898
77,100,-2.23408
77,101,-2.48621
77,102,-2.75805
77,103,-3.05233
77,104,-3.37154
77,105,-3.7175
77,106,-4.09094
77,107,-4.49084
77,108,-4.91379
77,109,-5.35324
77,110,-5.79891
77,111,-6.23625
77,112,-6.64627
77,113,-7.00574
77,114,-7.28793
77,115,-7.4641
77,116,-7.50567
77,117,-7.38719
77,118,-7.09003
77,119,-6.60632
77,120,-5.94278
77,121,-5.12369
77,122,-4.19181
77,123,-3.20748
77,124,-2.24209
77,125,-1.37766
77,126,-0.675568
77,127,-0.24476
77,128,0
78,0,0
78,1,0.0468613
78,2,0.125193
78,3,0.247427
78,4,0.393218
78,5,0.554471
78,6,0.721162
78,7,0.886181
78,8,1.04393
78,9,1.19074
78,10,1.32456
78,11,1.44479
78,12,1.55191
78,13,1.64721
78,14,1.73244
78,15,1.80961
78,16,1.8807
78,17,1.94755
78,18,2.01173
78,19,2.07452
78,20,2.13689
78,21,2.19952
78,22,2.26281
78,23,2.32694
78,24,2.39193
78,25,2.45764
78,26,2.52382
78,27,2.59017
78,28,2.65629
78,29,2.7218
78,30,2.78625
78,31,2.84922
78,32,2.91028
78,33,2.96901
78,34,3.02502
78,35,3.07795
78,36,3.12745
78,37,3.17323
78,38,3.21505
78,39,3.25268
78,40,3.28597
78,41,3.31481
78,42,3.33911
78,43,3.35886
78,44,3.37406
78,45,3.38479
78,46,3.39111
78,47,3.39315
78,48,3.39105
78,49,3.38495
78,50,3.37503
78,51,3.36145
78,52,3.34437
78,53,3.32396
78,54,3.30036
78,55,3.2737
78,56,3.2441
78,57,3.21163
78,58,3.17636
78,59,3.13834
78,60,3.09757
78,61,3.05405
78,62,3.00775
78,63,2.95861
78,64,2.90657
78,65,2.85153
78,66,2.79341
78,67,2.73207
78,68,2.66742
78,69,2.59933
78,70,2.52768
78,71,2.45235
78,72,2.37325
78,73,2.29024
78,74,2.20319
78,75,2.11201
78,76,2.01659
78,77,1.91683
78,78,1.81265
78,79,1.70398
78,80,1.59075
78,81,1.47292
78,82,1.35043
78,83,1.22326
78,84,1.09139
78,85,0.954786
78,86,0.813438
78,87,0.667321
78,88,0.516402
78,89,0.360626
78,90,0.199905
78,91,0.0341006
78,92,-0.137004
78,93,-0.313712
78,94,-0.496457
78,95,-0.685846
78,96,-0.882689
78,97,-1.08805
78,98,-1.30331
78,99,-1.53015
78,100,-1.77062
78,101,-2.0271
78,102,-2.30223
78,103,-2.59876
78,104,-2.91932
78,105,-3.26609
78,106,-3.64031
78,107,-4.04168
78,108,-4.46774
78,109,-4.91305
78,110,-5.36853
78,111,-5.82086
78,112,-6.25213
78,113,-6.63987
78,114,-6.95763
78,115,-7.17624
78,116,-7.26593
78,117,-7.1992
78,118,-6.95457
78,119,-6.52081
78,120,-5.90114
78,121,-5.11676
78,122,-4.20841
78,123,-3.2359
78,124,-2.27189
78,125,-1.40141
78,126,-0.689554
78,127,-0.250464
78,128,0
79,0,0
79,1,0.0482448
79,2,0.129388
79,3,0.256949
79,4,0.41041
79,5,0.581748
79,6,0.760767
79,7,0.940115
79,8,1.11386
79,9,1.27796
79,10,1.42999
79,11,1.56896
79,12,1.69505
79,13,1.80928
79,14,1.91321
79,15,2.00872
79,16,2.09772
79,17,2.18201
79,18,2.26318
79,19,2.34254
79,20,2.4211
79,21,2.49955
79,22,2.57835
79,23,2.65769
79,24,2.73759
79,25,2.81791
79,26,2.89842
79,27,2.97876
79,28,3.05856
79,29,3.13736
79,30,3.21473
79,31,3.2902
79,32,3.36333
79,33,3.43367
79,34,3.50081
79,35,3.56437
79,36,3.624
79,37,3.67941
79,38,3.73034
79,39,3.77657
79,40,3.81796
79,41,3.85438
79,42,3.8858
79,43,3.91219
79,44,3.93358
79,45,3.95005
79,46,3.96172
79,47,3.96871
79,48,3.97118
79,49,3.96932
79,50,3.96331
79,51,3.95334
79,52,3.93959
79,53,3.92224
79,54,3.90146
79,55,3.87739
79,56,3.85015
79,57,3.81985
79,58,3.78656
79,59,3.75032
79,60,3.71116
79,61,3.66906
79,62,3.62401
79,63,3.57594
79,64,3.52478
79,65,3.47045
79,66,3.41283
79,67,3.3518
79,68,3.28725
79,69,3.21903
79,70,3.14703
79,71,3.0711
79,72,2.99115
79,73,2.90701
79,74,2.81856
79,75,2.72567
79,76,2.62823
79,77,2.52612
79,78,2.41925
79,79,2.30752
79,80,2.19085
79,81,2.06918
79,82,1.94245
79,83,1.81061
79,84,1.67364
79,85,1.53149
79,86,1.38416
79,87,1.23162
79,88,1.07383
79,89,0.910774
79,90,0.742375
79,91,0.568537
79,92,0.389103
79,93,0.20384
79,94,0.0124031
79,95,-0.18571
79,96,-0.391166
79,97,-0.604879
79,98,-0.828039
79,99,-1.06216
79,100,-1.30911
79,101,-1.57112
79,102,-1.8507
79,103,-2.1506
79,104,-2.47355
79,105,-2.82196
79,106,-3.19751
79,107,-3.60057
79,108,-4.02952
79,109,-4.48
79,110,-4.94414
79,111,-5.40987
79,112,-5.86044
79,113,-6.2743
79,114,-6.62547
79,115,-6.88459
79,116,-7.0209
79,117,-7.00502
79,118,-6.81274
79,119,-6.42943
79,120,-5.85469
79,121,-5.10642
79,122,-4.223
79,123,-3.26349
79,124,-2.30163
79,125,-1.42541
79,126,-0.70379
79,127,-0.256292
79,128,0
80,0,0
80,1,0.0493976
80,2,0.13296
80,3,0.265225
80,4,0.425602
80,5,0.606188
80,6,0.796673
80,7,0.989508
80,8,1.17847
80,9,1.35916
80,10,1.5288
80,11,1.68603
80,12,1.8307
80,13,1.96357
80,14,2.08599
80,15,2.19968
80,16,2.30646
80,17,2.4081
80,18,2.50619
80,19,2.60206
80,20,2.69673
80,21,2.79096
80,22,2.88521
80,23,2.97972
80,24,3.07451
80,25,3.16946
80,26,3.2643
80,27,3.35871
80,28,3.45225
80,29,3.54448
80,30,3.63492
80,31,3.7231
80,32,3.80852
80,33,3.89074
80,34,3.96932
80,35,4.04386
80,36,4.114
80,37,4.17945
80,38,4.23992
80,39,4.29522
80,40,4.34518
80,41,4.38971
80,42,4.42875
80,43,4.4623
80,44,4.49042
80,45,4.51318
80,46,4.53072
80,47,4.54319
80,48,4.55077
80,49,4.55365
80,50,4.55205
80,51,4.54616
80,52,4.5362
80,53,4.52235
80,54,4.5048
80,55,4.4837
80,56,4.4592
80,57,4.43141
80,58,4.4004
80,59,4.36623
80,60,4.32894
80,61,4.28851
80,62,4.24492
80,63,4.19812
80,64,4.14802
80,65,4.09455
80,66,4.03758
80,67,3.977
80,68,3.91266
80,69,3.84443
80,70,3.77216
80,71,3.69571
80,72,3.61498
80,73,3.52978
80,74,3.43997
80,75,3.34542
80,76,3.24599
80,77,3.14156
80,78,3.032
80,79,2.91722
80,80,2.79711
80,81,2.67159
80,82,2.54059
80,83,2.40405
80,84,2.26192
80,85,2.11417
80,86,1.96077
80,87,1.80168
80,88,1.6369
80,89,1.46638
80,90,1.29009
80,91,1.10795
80,92,0.919856
80,93,0.725628
80,94,0.525009
80,95,0.317611
80,96,0.102889
80,97,-0.119923
80,98,-0.351847
80,99,-0.594209
80,100,-0.848689
80,101,-1.11733
80,102,-1.40252
80,103,-1.70693
80,104,-2.03331
80,105,-2.38427
80,106,-2.76184
80,107,-3.16694
80,108,-3.59875
80,109,-4.05393
80,110,-4.52576
80,111,-5.00348
80,112,-5.47158
80,113,-5.90954
80,114,-6.29203
80,115,-6.58975
80,116,-6.77115
80,117,-6.80517
80,118,-6.66496
80,119,-6.33254
80,120,-5.80376
80,121,-5.09296
80,122,-4.23589
80,123,-3.29054
80,124,-2.33156
80,125,-1.44988
80,126,-0.718394
80,127,-0.262289
80,128,0
81,0,0
81,1,0.0503211
81,2,0.135909
81,3,0.272246
81,4,0.438767
81,5,0.627734
81,6,0.828779
81,7,1.03421
81,8,1.23754
81,9,1.43407
81,10,1.62065
81,11,1.79558
81,12,1.95839
81,13,2.10955
81,14,2.25018
81,15,2.38185
81,16,2.50627
81,17,2.62515
81,18,2.74007
81,19,2.85237
81,20,2.9631
81,21,3.07305
81,22,3.18271
81,23,3.29236
81,24,3.40203
81,25,3.5116
81,26,3.62083
81,27,3.72935
81,28,3.83674
81,29,3.94253
81,30,4.04621
81,31,4.14729
81,32,4.24526
81,33,4.33964
81,34,4.42998
81,35,4.51586
81,36,4.59691
81,37,4.67281
81,38,4.74329
81,39,4.80813
81,40,4.86717
81,41,4.92032
81,42,4.96753
81,43,5.0088
81,44,5.04419
81,45,5.07381
81,46,5.09778
81,47,5.11628
81,48,5.12951
81,49,5.13767
81,50,5.14099
81,51,5.13969
81,52,5.13399
81,53,5.1241
81,54,5.11021
81,55,5.0925
81,56,5.07112
81,57,5.04619
81,58,5.0178
81,59,4.98601
81,60,4.95087
81,61,4.91236
81,62,4.87047
81,63,4.82515
81,64,4.77632
81,65,4.72388
81,66,4.66772
81,67,4.60771
81,68,4.54372
81,69,4.47558
81,70,4.40315
81,71,4.32628
81,72,4.24483
81,73,4.15862
81,74,4.06752
81,75,3.97135
81,76,3.86997
81,77,3.76323
81,78,3.65101
81,79,3.53318
81,80,3.40963
81,81,3.28026
81,82,3.14497
81,83,3.00369
81,84,2.85637
81,85,2.70295
81,86,2.5434
81,87,2.37768
81,88,2.20578
81,89,2.02766
81,90,1.84329
81,91,1.65263
81,92,1.4556
81,93,1.25208
81,94,1.04186
81,95,0.824664
81,96,0.600056
81,97,0.367432
81,98,0.125948
81,99,-0.125544
81,100,-0.388532
81,101,-0.664868
81,102,-0.956777
81,103,-1.26681
81,104,-1.5977
81,105,-1.95216
81,106,-2.3325
81,107,-2.74013
81,108,-3.17493
81,109,-3.6345
81,110,-4.11328
81,111,-4.60177
81,112,-5.08577
81,113,-5.54594
81,114,-5.95776
81,115,-6.29217
81,116,-6.5171
81,117,-6.6
81,118,-6.51155
81,119,-6.23041
81,120,-5.74858
81,121,-5.07663
81,122,-4.24735
81,123,-3.31735
81,124,-2.36195
81,125,-1.47501
81,126,-0.733493
81,127,-0.268509
81,128,0
82,0,0
82,1,0.0510174
82,2,0.138236
82,3,0.278008
82,4,0.449886
82,5,0.646338
82,6,0.857
82,7,1.07408
82,8,1.29087
82,9,1.50241
82,10,1.7052
82,11,1.89721
82,12,2.07765
82,13,2.24668
82,14,2.40521
82,15,2.55462
82,16,2.6965
82,17,2.83249
82,18,2.96414
82,19,3.09278
82,20,3.21951
82,21,3.34512
82,22,3.47016
82,23,3.59492
82,24,3.71946
82,25,3.84368
82,26,3.96732
82,27,4.09003
82,28,4.21137
82,29,4.33086
82,30,4.44796
82,31,4.56216
82,32,4.67293
82,33,4.77977
82,34,4.8822
82,35,4.97979
82,36,5.07215
82,37,5.15895
82,38,5.2399
82,39,5.31478
82,40,5.38342
82,41,5.44573
82,42,5.50166
82,43,5.55121
82,44,5.59446
82,45,5.6315
82,46,5.66249
82,47,5.6876
82,48,5.70704
82,49,5.72103
82,50,5.72981
82,51,5.73362
82,52,5.73269
82,53,5.72724
82,54,5.71747
82,55,5.70358
82,56,5.68572
82,57,5.66403
82,58,5.63861
82,59,5.60953
82,60,5.57684
82,61,5.54053
82,62,5.5006
82,63,5.45698
82,64,5.40962
82,65,5.3584
82,66,5.30323
82,67,5.24395
82,68,5.18043
82,69,5.11251
82,70,5.04003
82,71,4.96282
82,72,4.88073
82,73,4.7936
82,74,4.70125
82,75,4.60351
82,76,4.50022
82,77,4.39121
82,78,4.27635
82,79,4.15549
82,80,4.0285
82,81,3.89525
82,82,3.75566
82,83,3.60963
82,84,3.45707
82,85,3.29794
82,86,3.13217
82,87,2.95973
82,88,2.7806
82,89,2.59475
82,90,2.40216
82,91,2.2028
82,92,1.99661
82,93,1.78351
82,94,1.56336
82,95,1.33595
82,96,1.10094
82,97,0.857866
82,98,0.606046
82,99,0.344551
82,100,0.0721232
82,101,-0.21291
82,102,-0.512592
82,103,-0.829336
82,104,-1.1658
82,105,-1.52474
82,106,-1.90867
82,107,-2.3194
82,108,-2.75745
82,109,-3.22127
82,110,-3.70642
82,111,-4.20464
82,112,-4.7031
82,113,-5.1837
82,114,-5.62291
82,115,-5.99215
82,116,-6.25904
82,117,-6.38976
82,118,-6.35268
82,119,-6.12317
82,120,-5.68929
82,121,-5.05759
82,122,-4.25758
82,123,-3.34415
82,124,-2.39307
82,125,-1.50102
82,126,-0.749217
82,127,-0.275006
82,128,0
83,0,0
83,1,0.0514896
83,2,0.139948
83,3,0.282512
83,4,0.458947
83,5,0.661965
83,6,0.881261
83,7,1.10899
83,8,1.33829
83,9,1.56393
83,10,1.78213
83,11,1.99052
83,12,2.188
83,13,2.37444
83,14,2.5505
83,15,2.71736
83,16,2.87648
83,17,3.02942
83,18,3.17768
83,19,3.32258
83,20,3.46524
83,21,3.60647
83,22,3.74685
83,23,3.8867
83,24,4.02611
83,25,4.16499
83,26,4.3031
83,27,4.44008
83,28,4.57549
83,29,4.70881
83,30,4.83952
83,31,4.96706
83,32,5.09089
83,33,5.21049
83,34,5.32536
83,35,5.43504
83,36,5.53913
83,37,5.63727
83,38,5.72917
83,39,5.81459
83,40,5.89337
83,41,5.96539
83,42,6.03061
83,43,6.08903
83,44,6.14071
83,45,6.18578
83,46,6.22437
83,47,6.25668
83,48,6.28292
83,49,6.30332
83,50,6.31812
83,51,6.32758
83,52,6.33194
83,53,6.33142
83,54,6.32626
83,55,6.31664
83,56,6.30273
83,57,6.28469
83,58,6.26261
83,59,6.23659
83,60,6.20667
83,61,6.17286
83,62,6.13515
83,63,6.09349
83,64,6.04782
83,65,5.99804
83,66,5.94402
83,67,5.88564
83,68,5.82275
83,69,5.75517
83,70,5.68276
83,71,5.60531
83,72,5.52269
83,73,5.43471
83,74,5.34117
83,75,5.24192
83,76,5.13676
83,77,5.02552
83,78,4.90804
83,79,4.78416
83,80,4.65373
83,81,4.51662
83,82,4.37271
83,83,4.22189
83,84,4.06407
83,85,3.89918
83,86,3.72714
83,87,3.54792
83,88,3.36148
83,89,3.16779
83,90,2.96685
83,91,2.75862
83,92,2.54308
83,93,2.32018
83,94,2.08982
83,95,1.85186
83,96,1.60603
83,97,1.35199
83,98,1.0892
83,99,0.816908
83,100,0.534088
83,101,0.23935
83,102,-0.069122
83,103,-0.393613
83,104,-0.736692
83,105,-1.10109
83,106,-1.48947
83,107,-1.90395
83,108,-2.34561
83,109,-2.81369
83,110,-3.30476
83,111,-3.81185
83,112,-4.32345
83,113,-4.82283
83,114,-5.28759
83,115,-5.68983
83,116,-5.99708
83,117,-6.17454
83,118,-6.18841
83,119,-6.01085
83,120,-5.62591
83,121,-5.0359
83,122,-4.26672
83,123,-3.37116
83,124,-2.42513
83,125,-1.52813
83,126,-0.765702
83,127,-0.28184
83,128,0
84,0,0
84,1,0.0517412
84,2,0.141049
84,3,0.285764
84,4,0.465946
84,5,0.674589
84,6,0.901503
84,7,1.13884
84,8,1.37962
84,9,1.6184
84,10,1.85113
84,11,2.07514
84,12,2.289
84,13,2.49231
84,14,2.68547
84,15,2.86945
84,16,3.04556
84,17,3.21526
84,18,3.37998
84,19,3.54105
84,20,3.69955
84,21,3.85635
84,22,4.01204
84,23,4.16697
84,24,4.32127
84,25,4.47484
84,26,4.62748
84,27,4.77882
84,28,4.9284
84,29,5.07572
84,30,5.22022
84,31,5.36134
84,32,5.4985
84,33,5.63117
84,34,5.75882
84,35,5.88098
84,36,5.99721
84,37,6.10715
84,38,6.21049
84,39,6.30697
84,40,6.39642
84,41,6.47871
84,42,6.55379
84,43,6.62167
84,44,6.6824
84,45,6.73609
84,46,6.7829
84,47,6.82302
84,48,6.85665
84,49,6.88405
84,50,6.90545
84,51,6.92112
84,52,6.93131
84,53,6.93625
84,54,6.93619
84,55,6.93131
84,56,6.92181
84,57,6.90783
84,58,6.8895
84,59,6.8669
84,60,6.84009
84,61,6.8091
84,62,6.7739
84,63,6.73448
84,64,6.69074
84,65,6.64261
84,66,6.58996
84,67,6.53266
84,68,6.47055
84,69,6.40348
84,70,6.33125
84,71,6.25369
84,72,6.17062
84,73,6.08188
84,74,5.98724
84,75,5.88653
84,76,5.77955
84,77,5.66612
84,78,5.54605
84,79,5.41917
84,80,5.28532
84,81,5.14435
84,82,4.99612
84,83,4.8405
84,84,4.67739
84,85,4.5067
84,86,4.32835
84,87,4.14228
84,88,3.94846
84,89,3.74685
84,90,3.53744
84,91,3.32022
84,92,3.09518
84,93,2.86228
84,94,2.62148
84,95,2.37268
84,96,2.11571
84,97,1.85029
84,98,1.57602
84,99,1.2923
84,100,0.998298
84,101,0.69287
84,102,0.374506
84,103,0.0412292
84,104,-0.309467
84,105,-0.680293
84,106,-1.07398
84,107,-1.49292
84,108,-1.93863
84,109,-2.41106
84,110,-2.90778
84,111,-3.42299
84,112,-3.94658
84,113,-4.46321
84,114,-4.95177
84,115,-5.38519
84,116,-5.73123
84,117,-5.95428
84,118,-6.01862
84,119,-5.89331
84,120,-5.55832
84,121,-5.01152
84,122,-4.27481
84,123,-3.3985
84,124,-2.45835
84,125,-1.55652
84,126,-0.783088
84,127,-0.289071
84,128,0
85,0,0
85,1,0.0517766
85,2,0.14155
85,3,0.287772
85,4,0.470883
85,5,0.684191
85,6,0.917676
85,7,1.16354
85,8,1.41472
85,9,1.66562
85,10,1.91193
85,11,2.15071
85,12,2.38022
85,13,2.59979
85,14,2.80955
85,15,3.01026
85,16,3.20306
85,17,3.38929
85,18,3.57033
85,19,3.74744
85,20,3.92171
85,21,4.09403
85,22,4.26501
85,23,4.43501
85,24,4.6042
85,25,4.77252
85,26,4.93974
85,27,5.10553
85,28,5.26942
85,29,5.43089
85,30,5.58938
85,31,5.74431
85,32,5.89508
85,33,6.04113
85,34,6.18191
85,35,6.31693
85,36,6.44574
85,37,6.56794
85,38,6.6832
85,39,6.79127
85,40,6.89193
85,41,6.98506
85,42,7.07059
85,43,7.14852
85,44,7.21891
85,45,7.28184
85,46,7.33749
85,47,7.38602
85,48,7.42766
85,49,7.46266
85,50,7.49125
85,51,7.51371
85,52,7.53029
85,53,7.54123
85,54,7.54678
85,55,7.54714
85,56,7.54251
85,57,7.53305
85,58,7.51887
85,59,7.50009
85,60,7.47677
85,61,7.44893
85,62,7.41657
85,63,7.37965
85,64,7.33812
85,65,7.29188
85,66,7.24082
85,67,7.1848
85,68,7.12366
85,69,7.05724
85,70,6.98535
85,71,6.9078
85,72,6.82441
85,73,6.73499
85,74,6.63934
85,75,6.53725
85,76,6.42851
85,77,6.31293
85,78,6.19031
85,79,6.06047
85,80,5.92322
85,81,5.77839
85,82,5.62584
85,83,5.46542
85,84,5.297
85,85,5.12049
85,86,4.93579
85,87,4.74283
85,88,4.54157
85,89,4.33196
85,90,4.11401
85,91,3.88769
85,92,3.65301
85,93,3.40997
85,94,3.15854
85,95,2.89868
85,96,2.63028
85,97,2.35316
85,98,2.067
85,99,1.77136
85,100,1.46555
85,101,1.14865
85,102,0.81941
85,103,0.476175
85,104,0.116793
85,105,-0.261414
85,106,-0.66127
85,107,-1.08537
85,108,-1.53563
85,109,-2.01262
85,110,-2.51481
85,111,-3.03754
85,112,-3.57208
85,113,-4.10456
85,114,-4.61522
85,115,-5.07807
85,116,-5.46129
85,117,-5.72876
85,118,-5.84307
85,119,-5.77027
85,120,-5.48627
85,121,-4.98426
85,122,-4.2818
85,123,-3.42627
85,124,-2.4929
85,125,-1.5864
85,126,-0.801512
85,127,-0.296764
85,128,0
86,0,0
86,1,0.0516004
86,2,0.141458
86,3,0.288548
86,4,0.473764
86,5,0.69076
86,6,0.92974
86,7,1.183
86,8,1.44345
86,9,1.70537
86,10,1.96424
86,11,2.21687
86,12,2.46124
86,13,2.69638
86,14,2.92218
86,15,3.13917
86,16,3.34832
86,17,3.55083
86,18,3.74798
86,19,3.941
86,20,4.13096
86,21,4.31874
86,22,4.50498
86,23,4.69006
86,24,4.87417
86,25,5.05727
86,26,5.23916
86,27,5.4195
86,28,5.59783
86,29,5.77363
86,30,5.94631
86,31,6.11529
86,32,6.27994
86,33,6.43969
86,34,6.59396
86,35,6.74223
86,36,6.88403
86,37,7.01895
86,38,7.14663
86,39,7.26679
86,40,7.37921
86,41,7.48375
86,42,7.58032
86,43,7.66891
86,44,7.74956
86,45,7.82236
86,46,7.88746
86,47,7.94504
86,48,7.99531
86,49,8.03851
86,50,8.0749
86,51,8.10474
86,52,8.12828
86,53,8.14578
86,54,8.15748
86,55,8.1636
86,56,8.16433
86,57,8.15984
86,58,8.15026
86,59,8.13571
86,60,8.11626
86,61,8.09193
86,62,8.06274
86,63,8.02865
86,64,7.98961
86,65,7.94553
86,66,7.89629
86,67,7.84177
86,68,7.7818
86,69,7.71621
86,70,7.64482
86,71,7.56743
86,72,7.48383
86,73,7.39386
86,74,7.29729
86,75,7.1939
86,76,7.08347
86,77,6.96581
86,78,6.84069
86,79,6.70792
86,80,6.56729
86,81,6.41864
86,82,6.26178
86,83,6.09656
86,84,5.92283
86,85,5.74049
86,86,5.54942
86,87,5.34954
86,88,5.1408
86,89,4.92315
86,90,4.69658
86,91,4.46109
86,92,4.21668
86,93,3.96337
86,94,3.70117
86,95,3.43007
86,96,3.15003
86,97,2.86092
86,98,2.56256
86,99,2.25459
86,100,1.93649
86,101,1.60753
86,102,1.26665
86,103,0.912474
86,104,0.543208
86,105,0.156538
86,106,-0.25036
86,107,-0.680338
86,108,-1.13567
86,109,-1.61748
86,110,-2.12505
86,111,-2.65482
86,112,-3.1994
86,113,-3.74641
86,114,-4.27757
86,115,-4.76812
86,116,-5.18691
86,117,-5.49759
86,118,-5.6613
86,119,-5.64128
86,120,-5.40933
86,121,-4.9538
86,122,-4.28752
86,123,-3.45445
86,124,-2.52889
86,125,-1.61793
86,126,-0.821112
86,127,-0.304984
86,128,0
87,0,0
87,1,0.0512175
87,2,0.140785
87,3,0.288106
87,4,0.474599
87,5,0.694293
87,6,0.937664
87,7,1.19715
87,8,1.46569
87,9,1.73747
87,10,2.00782
87,11,2.2733
87,12,2.53163
87,13,2.78159
87,14,3.0228
87,15,3.25557
87,16,3.48066
87,17,3.69915
87,18,3.9122
87,19,4.12097
87,20,4.32652
87,21,4.52971
87,22,4.73118
87,23,4.93135
87,24,5.13041
87,25,5.32836
87,26,5.525
87,27,5.72
87,28,5.91291
87,29,6.10321
87,30,6.29029
87,31,6.47356
87,32,6.65238
87,33,6.82613
87,34,6.99424
87,35,7.15616
87,36,7.31138
87,37,7.45947
87,38,7.60006
87,39,7.73283
87,40,7.85756
87,41,7.97407
87,42,8.08226
87,43,8.1821
87,44,8.27363
87,45,8.35692
87,46,8.4321
87,47,8.49935
87,48,8.55888
87,49,8.61092
87,50,8.65571
87,51,8.69353
87,52,8.72462
87,53,8.74924
87,54,8.76764
87,55,8.78004
87,56,8.78664
87,57,8.78761
87,58,8.7831
87,59,8.77321
87,60,8.75803
87,61,8.7376
87,62,8.71193
87,63,8.681
87,64,8.64476
87,65,8.60312
87,66,8.55597
87,67,8.50318
87,68,8.44459
87,69,8.38004
87,70,8.30932
87,71,8.23225
87,72,8.14861
87,73,8.05821
87,74,7.96083
87,75,7.85624
87,76,7.74421
87,77,7.62453
87,78,7.49698
87,79,7.36133
87,80,7.21738
87,81,7.06493
87,82,6.90378
87,83,6.73378
87,84,6.55476
87,85,6.36659
87,86,6.16914
87,87,5.96234
87,88,5.7461
87,89,5.52038
87,90,5.28516
87,91,5.04043
87,92,4.78622
87,93,4.52256
87,94,4.24949
87,95,3.96702
87,96,3.67517
87,97,3.3739
87,98,3.06307
87,99,2.74247
87,100,2.41171
87,101,2.0702
87,102,1.7171
87,103,1.35125
87,104,0.971142
87,105,0.574814
87,106,0.159818
87,107,-0.276787
87,108,-0.737722
87,109,-1.22466
87,110,-1.73759
87,111,-2.27402
87,112,-2.82783
87,113,-3.38815
87,114,-3.93827
87,115,-4.45483
87,116,-4.90758
87,117,-5.26021
87,118,-5.47271
87,119,-5.50569
87,120,-5.32689
87,121,-4.91964
87,122,-4.29163
87,123,-3.48291
87,124,-2.56637
87,125,-1.65126
87,126,-0.842021
87,127,-0.3138
87,128,0
88,0,0
88,1,0.0506329
88,2,0.139541
88,3,0.286459
88,4,0.473399
88,5,0.694788
88,6,0.941422
88,7,1.20593
88,8,1.48132
88,9,1.76175
88,10,2.0424
88,11,2.31966
88,12,2.59101
88,13,2.85496
88,14,3.11088
88,15,3.35884
88,16,3.59943
88,17,3.83354
88,18,4.06223
88,19,4.28658
88,20,4.5076
88,21,4.72613
88,22,4.94282
88,23,5.15809
88,24,5.37215
88,25,5.58501
88,26,5.79649
88,27,6.00628
88,28,6.21393
88,29,6.4189
88,30,6.6206
88,31,6.8184
88,32,7.01166
88,33,7.19975
88,34,7.38205
88,35,7.55799
88,36,7.72705
88,37,7.88877
88,38,8.04275
88,39,8.18865
88,40,8.32621
88,41,8.45525
88,42,8.57564
88,43,8.68734
88,44,8.79035
88,45,8.88474
88,46,8.97064
88,47,9.04819
88,48,9.1176
88,49,9.17909
88,50,9.23291
88,51,9.27931
88,52,9.31855
88,53,9.35088
88,54,9.37654
88,55,9.39576
88,56,9.40875
88,57,9.41568
88,58,9.4167
88,59,9.41193
88,60,9.40146
88,61,9.38533
88,62,9.36356
88,63,9.33614
88,64,9.30302
88,65,9.26413
88,66,9.21935
88,67,9.16855
88,68,9.11159
88,69,9.04829
88,70,8.97845
88,71,8.90187
88,72,8.81835
88,73,8.72767
88,74,8.62961
88,75,8.52393
88,76,8.41041
88,77,8.28881
88,78,8.1589
88,79,8.02044
88,80,7.87322
88,81,7.71702
88,82,7.55164
88,83,7.37689
88,84,7.19261
88,85,6.99863
88,86,6.79483
88,87,6.5811
88,88,6.35737
88,89,6.12358
88,90,5.87969
88,91,5.62572
88,92,5.36169
88,93,5.08763
88,94,4.80362
88,95,4.5097
88,96,4.20594
88,97,3.89236
88,98,3.5689
88,99,3.23545
88,100,2.89174
88,101,2.53733
88,102,2.17157
88,103,1.79349
88,104,1.40183
88,105,0.994901
88,106,0.570631
88,107,0.126432
88,108,-0.340684
88,109,-0.833059
88,110,-1.3514
88,111,-1.89416
88,112,-2.45648
88,113,-3.02899
88,114,-3.59661
88,115,-4.13751
88,116,-4.62258
88,117,-5.01587
88,118,-5.27648
88,119,-5.36265
88,120,-5.23814
88,121,-4.88108
88,122,-4.29365
88,123,-3.51143
88,124,-2.60534
88,125,-1.6865
88,126,-0.864363
88,127,-0.323276
88,128,0
89,0,0
89,1,0.0498513
89,2,0.137736
89,3,0.283622
89,4,0.470175
89,5,0.692244
89,6,0.94099
89,7,1.20927
89,8,1.49024
89,9,1.77803
89,10,2.06777
89,11,2.35566
89,12,2.63898
89,13,2.916
89,14,3.18585
89,15,3.44837
89,16,3.70394
89,17,3.95328
89,18,4.19732
89,19,4.43705
89,20,4.67341
89,21,4.90721
89,22,5.13909
89,23,5.36947
89,24,5.59857
89,25,5.82643
89,26,6.05287
89,27,6.27758
89,28,6.50012
89,29,6.71996
89,30,6.9365
89,31,7.14909
89,32,7.35707
89,33,7.5598
89,34,7.75664
89,35,7.94699
89,36,8.1303
89,37,8.30609
89,38,8.47393
89,39,8.63346
89,40,8.78438
89,41,8.9265
89,42,9.05967
89,43,9.18381
89,44,9.2989
89,45,9.40501
89,46,9.50223
89,47,9.59071
89,48,9.67063
89,49,9.7422
89,50,9.80566
89,51,9.86125
89,52,9.90924
89,53,9.94985
89,54,9.98335
89,55,10.01
89,56,10.0299
89,57,10.0433
89,58,10.0503
89,59,10.0511
89,60,10.0458
89,61,10.0344
89,62,10.0169
89,63,9.9934
89,64,9.96376
89,65,9.92793
89,66,9.88582
89,67,9.83731
89,68,9.78222
89,69,9.72041
89,70,9.65167
89,71,9.57579
89,72,9.49257
89,73,9.40177
89,74,9.30318
89,75,9.19656
89,76,9.08167
89,77,8.95826
89,78,8.82608
89,79,8.68491
89,80,8.5345
89,81,8.37463
89,82,8.20507
89,83,8.02563
89,84,7.83613
89,85,7.63639
89,86,7.42628
89,87,7.20567
89,88,6.97448
89,89,6.73263
89,90,6.48011
89,91,6.21691
89,92,5.94306
89,93,5.65861
89,94,5.36365
89,95,5.05826
89,96,4.74255
89,97,4.41658
89,98,4.08039
89,99,3.73395
89,100,3.37711
89,101,3.00957
89,102,2.63082
89,103,2.24012
89,104,1.83637
89,105,1.41818
89,106,0.98372
89,107,0.530781
89,108,0.0566867
89,109,-0.441473
89,110,-0.965297
89,111,-1.51414
89,112,-2.08432
89,113,-2.66797
89,114,-3.25167
89,115,-3.81527
89,116,-4.33102
89,117,-4.7636
89,118,-5.0716
89,119,-5.2111
89,120,-5.14204
89,121,-4.83722
89,122,-4.2929
89,123,-3.5396
89,124,-2.64566
89,125,-1.72371
89,126,-0.888245
89,127,-0.333479
89,128,0
90,0,0
90,1,0.0488772
90,2,0.135381
90,3,0.279608
90,4,0.464938
90,5,0.68666
90,6,0.936345
90,7,1.20713
90,8,1.49234
90,9,1.78616
90,10,2.08368
90,11,2.38098
90,12,2.67516
90,13,2.96426
90,14,3.24719
90,15,3.52355
90,16,3.79352
90,17,4.05765
90,18,4.31671
90,19,4.57158
90,20,4.82313
90,21,5.07212
90,22,5.31916
90,23,5.56467
90,24,5.80888
90,25,6.05182
90,26,6.29333
90,27,6.53311
90,28,6.77072
90,29,7.00562
90,30,7.23722
90,31,7.46485
90,32,7.68785
90,33,7.90554
90,34,8.11726
90,35,8.32239
90,36,8.52037
90,37,8.71066
90,38,8.89282
90,39,9.06647
90,40,9.23128
90,41,9.38701
90,42,9.5335
90,43,9.67065
90,44,9.79843
90,45,9.91686
90,46,10.026
90,47,10.126
90,48,10.2171
90,49,10.2993
90,50,10.3731
90,51,10.4385
90,52,10.4958
90,53,10.5453
90,54,10.5872
90,55,10.6217
90,56,10.6491
90,57,10.6695
90,58,10.6831
90,59,10.69
90,60,10.6903
90,61,10.684
90,62,10.6713
90,63,10.652
90,64,10.6262
90,65,10.5938
90,66,10.5547
90,67,10.5087
90,68,10.4558
90,69,10.3958
90,70,10.3284
90,71,10.2534
90,72,10.1707
90,73,10.08
90,74,9.98102
90,75,9.87361
90,76,9.75749
90,77,9.63239
90,78,9.49808
90,79,9.3543
90,80,9.20081
90,81,9.03735
90,82,8.86371
90,83,8.67967
90,84,8.48502
90,85,8.2796
90,86,8.06324
90,87,7.83582
90,88,7.59723
90,89,7.34741
90,90,7.08631
90,91,6.81393
90,92,6.53032
90,93,6.23553
90,94,5.92966
90,95,5.61284
90,96,5.28519
90,97,4.94684
90,98,4.59791
90,99,4.23843
90,100,3.86837
90,101,3.48756
90,102,3.09565
90,103,2.69204
90,104,2.27587
90,105,1.84594
90,106,1.40066
90,107,0.938097
90,108,0.455935
90,109,-0.0485619
90,110,-0.577942
90,111,-1.13264
90,112,-1.71012
90,113,-2.30392
90,114,-2.90236
90,115,-3.48704
90,116,-4.03179
90,117,-4.50225
90,118,-4.8568
90,119,-5.04974
90,120,-5.03731
90,121,-4.78692
90,122,-4.2885
90,123,-3.56687
90,124,-2.68711
90,125,-1.76288
90,126,-0.91376
90,127,-0.344471
90,128,0
91,0,0
91,1,0.0477142
91,2,0.132481
91,3,0.274424
91,4,0.457692
91,5,0.678028
91,6,0.927455
91,7,1.19943
91,8,1.4875
91,9,1.78596
91,10,2.0899
91,11,2.39531
91,12,2.69915
91,13,2.99927
91,14,3.29435
91,15,3.58378
91,16,3.86751
91,17,4.14592
91,18,4.41962
91,19,4.68936
91,20,4.95593
91,21,5.22001
91,22,5.48219
91,23,5.74286
91,24,6.00224
91,25,6.26036
91,26,6.51708
91,27,6.77208
91,28,7.02494
91,29,7.27513
91,30,7.52202
91,31,7.76495
91,32,8.00325
91,33,8.23621
91,34,8.46315
91,35,8.68344
91,36,8.89647
91,37,9.10169
91,38,9.29863
91,39,9.48686
91,40,9.66605
91,41,9.83592
91,42,9.99628
91,43,10.147
91,44,10.288
91,45,10.4194
91,46,10.541
91,47,10.6532
91,48,10.756
91,49,10.8495
91,50,10.9341
91,51,11.0099
91,52,11.0772
91,53,11.1362
91,54,11.1871
91,55,11.2301
91,56,11.2655
91,57,11.2934
91,58,11.314
91,59,11.3275
91,60,11.3339
91,61,11.3332
91,62,11.3256
91,63,11.3111
91,64,11.2895
91,65,11.2609
91,66,11.2251
91,67,11.1821
91,68,11.1316
91,69,11.0736
91,70,11.0078
91,71,10.934
91,72,10.852
91,73,10.7616
91,74,10.6625
91,75,10.5544
91,76,10.4373
91,77,10.3107
91,78,10.1744
91,79,10.0281
91,80,9.87164
91,81,9.70473
91,82,9.52712
91,83,9.33858
91,84,9.13891
91,85,8.92791
91,86,8.70541
91,87,8.47128
91,88,8.2254
91,89,7.96769
91,90,7.69812
91,91,7.41668
91,92,7.12341
91,93,6.81839
91,94,6.50172
91,95,6.17356
91,96,5.83408
91,97,5.48344
91,98,5.12183
91,99,4.74936
91,100,4.3661
91,101,3.97201
91,102,3.56686
91,103,3.15023
91,104,2.72143
91,105,2.27946
91,106,1.82296
91,107,1.3502
91,108,0.859119
91,109,0.347328
91,110,-0.18787
91,111,-0.748223
91,112,-1.33245
91,113,-1.93549
91,114,-2.54734
91,115,-3.15151
91,116,-3.72358
91,117,-4.23043
91,118,-4.63062
91,119,-4.87703
91,120,-4.92241
91,121,-4.72875
91,122,-4.27929
91,123,-3.59247
91,124,-2.72932
91,125,-1.80395
91,126,-0.940971
91,127,-0.356308
91,128,0
92,0,0
92,1,0.0463646
92,2,0.129042
92,3,0.268076
92,4,0.448433
92,5,0.666331
92,6,0.914278
92,7,1.1861
92,8,1.47561
92,9,1.77726
92,10,2.08618
92,11,2.39834
92,12,2.71057
92,13,3.02056
92,14,3.32679
92,15,3.62843
92,16,3.92523
92,17,4.21736
92,18,4.50528
92,19,4.7896
92,20,5.07099
92,21,5.35006
92,22,5.62734
92,23,5.90319
92,24,6.17781
92,25,6.45123
92,26,6.72329
92,27,6.99369
92,28,7.262
92,29,7.52768
92,30,7.79011
92,31,8.04862
92,32,8.3025
92,33,8.55104
92,34,8.79355
92,35,9.02935
92,36,9.25783
92,37,9.47839
92,38,9.69054
92,39,9.89382
92,40,10.0879
92,41,10.2724
92,42,10.4471
92,43,10.612
92,44,10.7668
92,45,10.9116
92,46,11.0464
92,47,11.1713
92,48,11.2863
92,49,11.3918
92,50,11.4878
92,51,11.5746
92,52,11.6524
92,53,11.7215
92,54,11.7819
92,55,11.834
92,56,11.878
92,57,11.914
92,58,11.9422
92,59,11.9627
92,60,11.9756
92,61,11.9811
92,62,11.9791
92,63,11.9696
92,64,11.9527
92,65,11.9282
92,66,11.8961
92,67,11.8563
92,68,11.8087
92,69,11.753
92,70,11.689
92,71,11.6167
92,72,11.5357
92,73,11.4458
92,74,11.3468
92,75,11.2384
92,76,11.1203
92,77,10.9924
92,78,10.8542
92,79,10.7057
92,80,10.5464
92,81,10.3762
92,82,10.1948
92,83,10.0019
92,84,9.79733
92,85,9.58089
92,86,9.3524
92,87,9.11171
92,88,8.85868
92,89,8.59325
92,90,8.31537
92,91,8.02503
92,92,7.72227
92,93,7.40719
92,94,7.0799
92,95,6.74059
92,96,6.38944
92,97,6.02669
92,98,5.65256
92,99,5.26726
92,100,4.87094
92,101,4.46366
92,102,4.04533
92,103,3.6157
92,104,3.17423
92,105,2.7201
92,106,2.25215
92,107,1.76885
92,108,1.26834
92,109,0.748434
92,110,0.206726
92,111,-0.359195
92,112,-0.949648
92,113,-1.56105
92,114,-2.18508
92,115,-2.80716
92,116,-3.40483
92,117,-3.9465
92,118,-4.39133
92,119,-4.69112
92,120,-4.7955
92,121,-4.66101
92,122,-4.26386
92,123,-3.61541
92,124,-2.77173
92,125,-1.84676
92,126,-0.969908
92,127,-0.369038
92,128,0
93,0,0
93,1,0.0448295
93,2,0.125063
93,3,0.260557
93,4,0.437147
93,5,0.651533
93,6,0.896754
93,7,1.16705
93,8,1.45652
93,9,1.75986
93,10,2.07228
93,11,2.38975
93,12,2.70903
93,13,3.02766
93,14,3.34396
93,15,3.65689
93,16,3.96599
93,17,4.27124
93,18,4.57292
93,19,4.87148
93,20,5.16746
93,21,5.4614
93,22,5.75374
93,23,6.04479
93,24,6.33474
93,25,6.62358
93,26,6.91114
93,27,7.19713
93,28,7.4811
93,29,7.76251
93,30,8.04073
93,31,8.31508
93,32,8.58484
93,33,8.84928
93,34,9.10768
93,35,9.35936
93,36,9.60364
93,37,9.83995
93,38,10.0677
93,39,10.2865
93,40,10.4959
93,41,10.6955
93,42,10.8851
93,43,11.0646
93,44,11.2337
93,45,11.3925
93,46,11.541
93,47,11.6792
93,48,11.8071
93,49,11.9251
93,50,12.0331
93,51,12.1315
93,52,12.2204
93,53,12.3
93,54,12.3706
93,55,12.4323
93,56,12.4854
93,57,12.53
93,58,12.5663
93,59,12.5944
93,60,12.6144
93,61,12.6264
93,62,12.6304
93,63,12.6265
93,64,12.6146
93,65,12.5947
93,66,12.5667
93,67,12.5305
93,68,12.486
93,69,12.433
93,70,12.3712
93,71,12.3006
93,72,12.2209
93,73,12.1318
93,74,12.0331
93,75,11.9245
93,76,11.8058
93,77,11.6767
93,78,11.537
93,79,11.3863
93,80,11.2245
93,81,11.0511
93,82,10.8661
93,83,10.669
93,84,10.4598
93,85,10.2381
93,86,10.0038
93,87,9.75672
93,88,9.49676
93,89,9.22381
93,90,8.93784
93,91,8.63882
93,92,8.32682
93,93,8.00192
93,94,7.66428
93,95,7.31407
93,96,6.95154
93,97,6.57695
93,98,6.19059
93,99,5.79272
93,100,5.38359
93,101,4.96335
93,102,4.53206
93,103,4.08958
93,104,3.63555
93,105,3.16931
93,106,2.68987
93,107,2.19589
93,108,1.68566
93,109,1.15716
93,110,0.608192
93,111,0.036427
93,112,-0.559798
93,113,-1.17873
93,114,-1.81373
93,115,-2.45217
93,116,-3.07371
93,117,-3.64858
93,118,-4.1369
93,119,-4.48992
93,120,-4.65442
93,121,-4.58165
93,122,-4.24047
93,123,-3.63441
93,124,-2.81363
93,125,-1.89101
93,126,-1.00055
93,127,-0.3827
93,128,0
94,0,0
94,1,0.0431076
94,2,0.12054
94,3,0.251852
94,4,0.4238
94,5,0.63358
94,6,0.874796
94,7,1.14213
94,8,1.43007
94,9,1.73353
94,10,2.04789
94,11,2.36917
94,12,2.69409
94,13,3.02008
94,14,3.3453
94,15,3.66854
94,16,3.98912
94,17,4.30682
94,18,4.62174
94,19,4.93417
94,20,5.24451
94,21,5.55317
94,22,5.86052
94,23,6.16682
94,24,6.47217
94,25,6.77656
94,26,7.0798
94,27,7.38158
94,28,7.68143
94,29,7.97882
94,30,8.2731
94,31,8.56357
94,32,8.8495
94,33,9.13015
94,34,9.40478
94,35,9.67267
94,36,9.93314
94,37,10.1856
94,38,10.4294
94,39,10.664
94,40,10.8892
94,41,11.1044
94,42,11.3094
94,43,11.5039
94,44,11.6879
94,45,11.8612
94,46,12.0239
94,47,12.1759
94,48,12.3173
94,49,12.4482
94,50,12.5689
94,51,12.6794
94,52,12.7799
94,53,12.8707
94,54,12.952
94,55,13.0239
94,56,13.0866
94,57,13.1403
94,58,13.1852
94,59,13.2214
94,60,13.2489
94,61,13.268
94,62,13.2785
94,63,13.2806
94,64,13.2742
94,65,13.2593
94,66,13.2358
94,67,13.2035
94,68,13.1625
94,69,13.1125
94,70,13.0533
94,71,12.9847
94,72,12.9065
94,73,12.8185
94,74,12.7204
94,75,12.6119
94,76,12.4928
94,77,12.3629
94,78,12.2218
94,79,12.0693
94,80,11.905
94,81,11.7288
94,82,11.5403
94,83,11.3393
94,84,11.1256
94,85,10.8989
94,86,10.6591
94,87,10.4059
94,88,10.1392
94,89,9.85906
94,90,9.56528
94,91,9.2579
94,92,8.93697
94,93,8.6026
94,94,8.25494
94,95,7.89422
94,96,7.52069
94,97,7.13465
94,98,6.73645
94,99,6.32641
94,100,5.90487
94,101,5.47206
94,102,5.02816
94,103,4.57316
94,104,4.10684
94,105,3.6287
94,106,3.13792
94,107,2.63332
94,108,2.11332
94,109,1.57603
94,110,1.01934
94,111,0.441109
94,112,-0.160733
94,113,-0.78639
94,114,-1.43118
94,115,-2.08447
94,116,-2.72813
94,117,-3.33447
94,118,-3.86504
94,119,-4.27097
94,120,-4.49668
94,121,-4.48828
94,122,-4.20704
94,123,-3.6479
94,124,-2.85404
94,125,-1.9363
94,126,-1.03284
94,127,-0.397315
94,128,0
95,0,0
95,1,0.0411945
95,2,0.115458
95,3,0.24193
95,4,0.408337
95,5,0.612382
95,6,0.848276
95,7,1.11119
95,8,1.39602
95,9,1.698
95,10,2.01269
95,11,2.33622
95,12,2.6653
95,13,2.9973
95,14,3.33023
95,15,3.66272
95,16,3.9939
95,17,4.32335
95,18,4.65096
95,19,4.97686
95,20,5.30128
95,21,5.62452
95,22,5.94683
95,23,6.26839
95,24,6.58925
95,25,6.90933
95,26,7.22844
95,27,7.54621
95,28,7.8622
95,29,8.17582
95,30,8.48642
95,31,8.79331
95,32,9.09572
95,33,9.39289
95,34,9.68407
95,35,9.96852
95,36,10.2455
95,37,10.5144
95,38,10.7747
95,39,11.0256
95,40,11.2669
95,41,11.4981
95,42,11.7189
95,43,11.929
95,44,12.1283
95,45,12.3167
95,46,12.494
95,47,12.6603
95,48,12.8157
95,49,12.9602
95,50,13.0939
95,51,13.2171
95,52,13.3298
95,53,13.4323
95,54,13.5248
95,55,13.6074
95,56,13.6803
95,57,13.7436
95,58,13.7976
95,59,13.8424
95,60,13.878
95,61,13.9045
95,62,13.9221
95,63,13.9306
95,64,13.9301
95,65,13.9206
95,66,13.9019
95,67,13.8741
95,68,13.8369
95,69,13.7902
95,70,13.7339
95,71,13.6677
95,72,13.5914
95,73,13.5048
95,74,13.4076
95,75,13.2995
95,76,13.1804
95,77,13.0498
95,78,12.9077
95,79,12.7535
95,80,12.5872
95,81,12.4084
95,82,12.2167
95,83,12.0121
95,84,11.7942
95,85,11.5628
95,86,11.3177
95,87,11.0587
95,88,10.7857
95,89,10.4986
95,90,10.1974
95,91,9.88208
95,92,9.55264
95,93,9.20923
95,94,8.85203
95,95,8.48128
95,96,8.09725
95,97,7.7003
95,98,7.2908
95,99,6.86914
95,100,6.43573
95,101,5.9909
95,102,5.53492
95,103,5.06789
95,104,4.58974
95,105,4.10011
95,106,3.59833
95,107,3.08336
95,108,2.55374
95,109,2.00771
95,110,1.44318
95,111,0.858025
95,112,0.25023
95,113,-0.381533
95,114,-1.03497
95,115,-1.70162
95,116,-2.36564
95,117,-3.0017
95,118,-3.57313
95,119,-4.03151
95,120,-4.31942
95,121,-4.3781
95,122,-4.16106
95,123,-3.65393
95,124,-2.89171
95,125,-1.98203
95,126,-1.06661
95,127,-0.412883
95,128,0
96,0,0
96,1,0.0390821
96,2,0.109794
96,3,0.230739
96,4,0.390669
96,5,0.58781
96,6,0.817019
96,7,1.074
96,8,1.35411
96,9,1.65294
96,10,1.9663
96,11,2.29045
96,12,2.62216
96,13,2.95875
96,14,3.29814
96,15,3.63878
96,16,3.97963
96,17,4.32006
96,18,4.65978
96,19,4.99872
96,20,5.33694
96,21,5.67459
96,22,6.0118
96,23,6.34865
96,24,6.68511
96,25,7.02105
96,26,7.35622
96,27,7.69023
96,28,8.02259
96,29,8.35272
96,30,8.67995
96,31,9.00354
96,32,9.32273
96,33,9.63675
96,34,9.9448
96,35,10.2461
96,36,10.54
96,37,10.8258
96,38,11.1028
96,39,11.3704
96,40,11.6283
96,41,11.8759
96,42,12.1129
96,43,12.339
96,44,12.554
96,45,12.7578
96,46,12.9503
96,47,13.1314
96,48,13.3012
96,49,13.4597
96,50,13.6071
96,51,13.7434
96,52,13.8688
96,53,13.9836
96,54,14.0877
96,55,14.1815
96,56,14.2651
96,57,14.3386
96,58,14.4022
96,59,14.456
96,60,14.5002
96,61,14.5347
96,62,14.5596
96,63,14.5751
96,64,14.5809
96,65,14.5773
96,66,14.5639
96,67,14.5409
96,68,14.5079
96,69,14.465
96,70,14.4119
96,71,14.3484
96,72,14.2744
96,73,14.1895
96,74,14.0935
96,75,13.9862
96,76,13.8673
96,77,13.7365
96,78,13.5935
96,79,13.4381
96,80,13.27
96,81,13.0889
96,82,12.8945
96,83,12.6865
96,84,12.4648
96,85,12.229
96,86,11.979
96,87,11.7146
96,88,11.4357
96,89,11.1422
96,90,10.834
96,91,10.5112
96,92,10.1738
96,93,9.82191
96,94,9.45575
96,95,9.07558
96,96,8.68171
96,97,8.27452
96,98,7.85442
96,99,7.42187
96,100,6.97732
96,101,6.5212
96,102,6.05385
96,103,5.57549
96,104,5.08617
96,105,4.58565
96,106,4.07341
96,107,3.54852
96,108,3.00966
96,109,2.45511
96,110,1.88285
96,111,1.29067
96,112,0.676528
96,113,0.0388197
96,114,-0.622216
96,115,-1.30079
96,116,-1.98345
96,117,-2.6474
96,118,-3.25818
96,119,-3.76841
96,120,-4.11937
96,121,-4.2479
96,122,-4.09963
96,123,-3.65018
96,124,-2.92509
96,125,-2.02741
96,126,-1.10163
96,127,-0.42938
96,128,0
97,0,0
97,1,0.036757
97,2,0.10351
97,3,0.218198
97,4,0.370666
97,5,0.559677
97,6,0.78078
97,7,1.03026
97,8,1.30398
97,9,1.59793
97,10,1.90824
97,11,2.23135
97,12,2.56411
97,13,2.90383
97,14,3.24836
97,15,3.59601
97,16,3.94556
97,17,4.2962
97,18,4.6474
97,19,4.99892
97,20,5.35064
97,21,5.70253
97,22,6.05458
97,23,6.40674
97,24,6.75891
97,25,7.11088
97,26,7.46232
97,27,7.81281
97,28,8.16183
97,29,8.50876
97,30,8.8529
97,31,9.19351
97,32,9.5298
97,33,9.86097
97,34,10.1862
97,35,10.5048
97,36,10.8159
97,37,11.1188
97,38,11.4129
97,39,11.6976
97,40,11.9724
97,41,12.2367
97,42,12.4903
97,43,12.7328
97,44,12.964
97,45,13.1836
97,46,13.3917
97,47,13.588
97,48,13.7727
97,49,13.9457
97,50,14.1071
97,51,14.2571
97,52,14.3957
97,53,14.5231
97,54,14.6395
97,55,14.7449
97,56,14.8397
97,57,14.9238
97,58,14.9975
97,59,15.0609
97,60,15.114
97,61,15.157
97,62,15.1898
97,63,15.2126
97,64,15.2253
97,65,15.2279
97,66,15.2202
97,67,15.2024
97,68,15.1741
97,69,15.1353
97,70,15.0859
97,71,15.0255
97,72,14.9541
97,73,14.8713
97,74,14.7769
97,75,14.6707
97,76,14.5524
97,77,14.4217
97,78,14.2783
97,79,14.122
97,80,13.9525
97,81,13.7694
97,82,13.5726
97,83,13.3617
97,84,13.1366
97,85,12.8969
97,86,12.6425
97,87,12.3732
97,88,12.0889
97,89,11.7894
97,90,11.4749
97,91,11.1452
97,92,10.8004
97,93,10.4408
97,94,10.0664
97,95,9.67759
97,96,9.2747
97,97,8.85812
97,98,8.42831
97,99,7.98577
97,100,7.53102
97,101,7.06453
97,102,6.58674
97,103,6.09796
97,104,5.59834
97,105,5.08777
97,106,4.56582
97,107,4.03169
97,108,3.48416
97,109,2.92156
97,110,2.34188
97,111,1.74286
97,112,1.12226
97,113,0.478342
97,114,-0.189647
97,115,-0.878752
97,116,-1.57834
97,117,-2.26833
97,118,-2.91685
97,119,-3.47811
97,120,-3.89285
97,121,-4.09397
97,122,-4.01933
97,123,-3.63384
97,124,-2.95225
97,125,-2.07141
97,126,-1.13755
97,127,-0.446742
97,128,0
98,0,0
98,1,0.0341989
98,2,0.0965485
98,3,0.204194
98,4,0.348145
98,5,0.527726
98,6,0.739229
98,7,0.979563
98,8,1.24516
98,9,1.53246
98,10,1.83796
98,11,2.15831
98,12,2.49049
98,13,2.83186
98,14,3.18019
98,15,3.53367
98,16,3.89094
98,17,4.25095
98,18,4.61301
98,19,4.97665
98,20,5.34154
98,21,5.70748
98,22,6.07431
98,23,6.44183
98,24,6.80983
98,25,7.178
98,26,7.54594
98,27,7.91319
98,28,8.27915
98,29,8.64318
98,30,9.00455
98,31,9.36249
98,32,9.7162
98,33,10.0648
98,34,10.4076
98,35,10.7437
98,36,11.0723
98,37,11.3927
98,38,11.7043
98,39,12.0063
98,40,12.2983
98,41,12.5798
98,42,12.8503
98,43,13.1096
98,44,13.3572
98,45,13.5931
98,46,13.8171
98,47,14.0291
98,48,14.229
98,49,14.4169
98,50,14.5928
98,51,14.7569
98,52,14.9091
98,53,15.0496
98,54,15.1786
98,55,15.2962
98,56,15.4026
98,57,15.4978
98,58,15.5821
98,59,15.6555
98,60,15.718
98,61,15.7699
98,62,15.8111
98,63,15.8417
98,64,15.8616
98,65,15.8709
98,66,15.8694
98,67,15.8571
98,68,15.834
98,69,15.7997
98,70,15.7543
98,71,15.6975
98,72,15.629
98,73,15.5488
98,74,15.4564
98,75,15.3517
98,76,15.2343
98,77,15.1041
98,78,14.9608
98,79,14.804
98,80,14.6334
98,81,14.4489
98,82,14.2501
98,83,14.0368
98,84,13.8087
98,85,13.5656
98,86,13.3074
98,87,13.0337
98,88,12.7446
98,89,12.44
98,90,12.1198
98,91,11.784
98,92,11.4327
98,93,11.0661
98,94,10.6844
98,95,10.2879
98,96,9.87702
98,97,9.45211
98,98,9.01369
98,99,8.5623
98,100,8.09848
98,101,7.6228
98,102,7.13574
98,103,6.6377
98,104,6.1289
98,105,5.60934
98,106,5.07868
98,107,4.53622
98,108,3.98081
98,109,3.41084
98,110,2.82429
98,111,2.2188
98,112,1.59194
98,113,0.941653
98,114,0.266755
98,115,-0.431754
98,116,-1.14661
98,117,-1.86078
98,118,-2.54535
98,119,-3.15668
98,120,-3.63572
98,121,-3.91213
98,122,-3.91623
98,123,-3.60162
98,124,-2.97084
98,125,-2.11271
98,126,-1.17389
98,127,-0.464864
98,128,0
99,0,0
99,1,0.0313783
99,2,0.08883
99,3,0.188566
99,4,0.322853
99,5,0.491607
99,6,0.691924
99,7,0.921392
99,8,1.17706
99,9,1.45589
99,10,1.75475
99,11,2.0706
99,12,2.40057
99,13,2.74207
99,14,3.09283
99,15,3.45097
99,16,3.81494
99,17,4.18352
99,18,4.55579
99,19,4.93106
99,20,5.30881
99,21,5.68863
99,22,6.07018
99,23,6.45311
99,24,6.83706
99,25,7.22162
99,26,7.60632
99,27,7.99058
99,28,8.37379
99,29,8.75523
99,30,9.13416
99,31,9.50976
99,32,9.88121
99,33,10.2477
99,34,10.6082
99,35,10.9622
99,36,11.3086
99,37,11.6468
99,38,11.9761
99,39,12.2958
99,40,12.6054
99,41,12.9043
99,42,13.192
99,43,13.4683
99,44,13.7328
99,45,13.9853
99,46,14.2256
99,47,14.4535
99,48,14.6691
99,49,14.8722
99,50,15.063
99,51,15.2415
99,52,15.4077
99,53,15.5618
99,54,15.7039
99,55,15.834
99,56,15.9524
99,57,16.0592
99,58,16.1544
99,59,16.2382
99,60,16.3107
99,61,16.3719
99,62,16.4219
99,63,16.4607
99,64,16.4883
99,65,16.5047
99,66,16.5098
99,67,16.5036
99,68,16.4859
99,69,16.4566
99,70,16.4157
99,71,16.3628
99,72,16.2977
99,73,16.2204
99,74,16.1305
99,75,16.0277
99,76,15.9118
99,77,15.7825
99,78,15.6396
99,79,15.4828
99,80,15.3118
99,81,15.1263
99,82,14.9261
99,83,14.7109
99,84,14.4804
99,85,14.2346
99,86,13.9731
99,87,13.6959
99,88,13.4027
99,89,13.0937
99,90,12.7686
99,91,12.4276
99,92,12.0708
99,93,11.6983
99,94,11.3105
99,95,10.9075
99,96,10.4898
99,97,10.0578
99,98,9.61212
99,99,9.15325
99,100,8.68179
99,101,8.19835
99,102,7.70346
99,103,7.19757
99,104,6.68098
99,105,6.15376
99,106,5.61564
99,107,5.066
99,108,4.50376
99,109,3.92732
99,110,3.33462
99,111,2.72323
99,112,2.0905
99,113,1.43399
99,114,0.752031
99,115,0.0446595
99,116,-0.683963
99,117,-1.42054
99,118,-2.13939
99,119,-2.79967
99,120,-3.34334
99,121,-3.69767
99,122,-3.78581
99,123,-3.54963
99,124,-2.978
99,125,-2.14964
99,126,-1.20997
99,127,-0.48358
99,128,0
100,0,0
100,1,0.0282541
100,2,0.0802428
100,3,0.171093
100,4,0.294446
100,5,0.450853
100,6,0.638283
100,7,0.855066
100,8,1.09893
100,9,1.3674
100,10,1.65779
100,11,1.96736
100,12,2.29346
100,13,2.63357
100,14,2.98542
100,15,3.34704
100,16,3.71671
100,17,4.09304
100,18,4.47489
100,19,4.86134
100,20,5.25164
100,21,5.64517
100,22,6.04139
100,23,6.43978
100,24,6.83983
100,25,7.24099
100,26,7.64269
100,27,8.04427
100,28,8.44504
100,29,8.84424
100,30,9.24105
100,31,9.63465
100,32,10.0242
100,33,10.4087
100,34,10.7875
100,35,11.1595
100,36,11.5241
100,37,11.8804
100,38,12.2277
100,39,12.5653
100,40,12.8927
100,41,13.2093
100,42,13.5146
100,43,13.8082
100,44,14.0898
100,45,14.3591
100,46,14.616
100,47,14.8602
100,48,15.0917
100,49,15.3105
100,50,15.5164
100,51,15.7097
100,52,15.8903
100,53,16.0583
100,54,16.2138
100,55,16.3569
100,56,16.4877
100,57,16.6064
100,58,16.713
100,59,16.8076
100,60,16.8904
100,61,16.9614
100,62,17.0205
100,63,17.068
100,64,17.1037
100,65,17.1276
100,66,17.1397
100,67,17.14
100,68,17.1283
100,69,17.1044
100,70,17.0683
100,71,17.0198
100,72,16.9586
100,73,16.8847
100,74,16.7976
100,75,16.6973
100,76,16.5833
100,77,16.4555
100,78,16.3135
100,79,16.1572
100,80,15.9863
100,81,15.8004
100,82,15.5994
100,83,15.383
100,84,15.1509
100,85,14.903
100,86,14.6392
100,87,14.3591
100,88,14.0629
100,89,13.7504
100,90,13.4215
100,91,13.0765
100,92,12.7153
100,93,12.3382
100,94,11.9455
100,95,11.5374
100,96,11.1144
100,97,10.6769
100,98,10.2256
100,99,9.7609
100,100,9.28351
100,101,8.79403
100,102,8.29304
100,103,7.78103
100,104,7.25834
100,105,6.72508
100,106,6.18105
100,107,5.62566
100,108,5.05786
100,109,4.47607
100,110,3.87819
100,111,3.26165
100,112,2.6236
100,113,1.9612
100,114,1.27221
100,115,0.555902
100,116,-0.18552
100,117,-0.942795
100,118,-1.69417
100,119,-2.40214
100,120,-3.01055
100,121,-3.44527
100,122,-3.62291
100,123,-3.47336
100,124,-2.97033
100,125,-2.18014
100,126,-1.24494
100,127,-0.502654
100,128,0
101,0,0
101,1,0.0247694
101,2,0.0706351
101,3,0.151479
101,4,0.262468
101,5,0.404848
101,6,0.577551
101,7,0.779715
101,8,1.00981
101,9,1.26598
101,10,1.54602
101,11,1.84755
101,12,2.16813
101,13,2.50537
101,14,2.85699
101,15,3.22092
101,16,3.59534
101,17,3.97865
101,18,4.36947
101,19,4.76666
101,20,5.16922
101,21,5.57632
101,22,5.98718
101,23,6.4011
101,24,6.81741
101,25,7.2354
101,26,7.65438
101,27,8.07359
101,28,8.49224
101,29,8.90953
101,30,9.32457
101,31,9.73651
101,32,10.1444
101,33,10.5474
101,34,10.9446
101,35,11.3351
101,36,11.7181
101,37,12.0927
101,38,12.4583
101,39,12.8141
101,40,13.1596
101,41,13.4941
101,42,13.8171
101,43,14.1283
101,44,14.4272
101,45,14.7136
101,46,14.9873
101,47,15.2481
101,48,15.4958
101,49,15.7304
101,50,15.9519
101,51,16.1602
101,52,16.3555
101,53,16.5377
101,54,16.7069
101,55,16.8633
101,56,17.0069
101,57,17.1379
101,58,17.2562
101,59,17.3621
101,60,17.4556
101,61,17.5367
101,62,17.6054
101,63,17.6619
101,64,17.7062
101,65,17.7381
101,66,17.7576
101,67,17.7648
101,68,17.7594
101,69,17.7414
101,70,17.7106
101,71,17.6669
101,72,17.6101
101,73,17.54
101,74,17.4564
101,75,17.3589
101,76,17.2474
101,77,17.1216
101,78,16.9812
101,79,16.8261
101,80,16.6558
101,81,16.4703
101,82,16.2692
101,83,16.0523
101,84,15.8195
101,85,15.5705
101,86,15.3051
101,87,15.0234
101,88,14.7251
101,89,14.4103
101,90,14.0789
101,91,13.7311
101,92,13.3671
101,93,12.9869
101,94,12.5909
101,95,12.1794
101,96,11.7528
101,97,11.3117
101,98,10.8566
101,99,10.3881
101,100,9.90682
101,101,9.41337
101,102,8.90835
101,103,8.39227
101,104,7.86549
101,105,7.32814
101,106,6.78004
101,107,6.22062
101,108,5.64882
101,109,5.06305
101,110,4.46114
101,111,3.84039
101,112,3.19771
101,113,2.52988
101,114,1.83407
101,115,1.10868
101,116,0.354617
101,117,-0.422045
101,118,-1.20425
101,119,-1.95857
101,120,-2.63164
101,121,-3.14903
101,122,-3.42174
101,123,-3.36761
101,124,-2.94381
101,125,-2.20169
101,126,-1.27766
101,127,-0.521759
101,128,0
102,0,0
102,1,0.0208472
102,2,0.0598036
102,3,0.129331
102,4,0.226323
102,5,0.352796
102,6,0.508757
102,7,0.694234
102,8,0.908511
102,9,1.15039
102,10,1.41819
102,11,1.70992
102,12,2.02338
102,13,2.35629
102,14,2.70642
102,15,3.0716
102,16,3.44986
102,17,3.83941
102,18,4.23866
102,19,4.64619
102,20,5.06078
102,21,5.48132
102,22,5.90683
102,23,6.33639
102,24,6.76913
102,25,7.20419
102,26,7.64073
102,27,8.07789
102,28,8.51478
102,29,8.9505
102,30,9.38414
102,31,9.81474
102,32,10.2414
102,33,10.6631
102,34,11.0791
102,35,11.4883
102,36,11.8899
102,37,12.2832
102,38,12.6673
102,39,13.0415
102,40,13.4052
102,41,13.7578
102,42,14.0988
102,43,14.4277
102,44,14.7442
102,45,15.0479
102,46,15.3387
102,47,15.6162
102,48,15.8803
102,49,16.131
102,50,16.3682
102,51,16.5919
102,52,16.802
102,53,16.9987
102,54,17.182
102,55,17.352
102,56,17.5087
102,57,17.6522
102,58,17.7826
102,59,17.9001
102,60,18.0046
102,61,18.0962
102,62,18.175
102,63,18.2409
102,64,18.294
102,65,18.3343
102,66,18.3617
102,67,18.3762
102,68,18.3776
102,69,18.3659
102,70,18.341
102,71,18.3026
102,72,18.2506
102,73,18.1849
102,74,18.1051
102,75,18.0112
102,76,17.9027
102,77,17.7796
102,78,17.6415
102,79,17.4881
102,80,17.3194
102,81,17.135
102,82,16.9347
102,83,16.7183
102,84,16.4856
102,85,16.2366
102,86,15.9709
102,87,15.6886
102,88,15.3896
102,89,15.0739
102,90,14.7416
102,91,14.3926
102,92,14.0273
102,93,13.6458
102,94,13.2485
102,95,12.8356
102,96,12.4077
102,97,11.9651
102,98,11.5086
102,99,11.0386
102,100,10.5558
102,101,10.0608
102,102,9.55415
102,103,9.03642
102,104,8.50793
102,105,7.96878
102,106,7.41878
102,107,6.85735
102,108,6.2834
102,109,5.69527
102,110,5.09069
102,111,4.46683
102,112,3.82032
102,113,3.14757
102,114,2.44518
102,115,1.71066
102,116,0.943686
102,117,0.148149
102,118,-0.663466
102,119,-1.46281
102,120,-2.20027
102,121,-2.8024
102,122,-3.17575
102,123,-3.22639
102,124,-2.89369
102,125,-2.21122
102,126,-1.30674
102,127,-0.540457
102,128,0
103,0,0
103,1,0.0163849
103,2,0.0474793
103,3,0.104137
103,4,0.185236
103,5,0.293676
103,6,0.430673
103,7,0.59724
103,8,0.793541
103,9,1.01909
103,10,1.27276
103,11,1.55298
103,12,1.85778
103,13,2.18502
103,14,2.53248
103,15,2.89792
103,16,3.27922
103,17,3.67438
103,18,4.08157
103,19,4.49912
103,20,4.92554
103,21,5.35947
103,22,5.79967
103,23,6.245
103,24,6.69438
103,25,7.14678
103,26,7.6012
103,27,8.05664
103,28,8.51211
103,29,8.96663
103,30,9.4192
103,31,9.86883
103,32,10.3145
103,33,10.7553
103,34,11.1903
103,35,11.6185
103,36,12.0391
103,37,12.4511
103,38,12.8539
103,39,13.2468
103,40,13.6289
103,41,13.9998
103,42,14.3589
103,43,14.7057
103,44,15.0399
103,45,15.3611
103,46,15.669
103,47,15.9634
103,48,16.2441
103,49,16.5111
103,50,16.7642
103,51,17.0034
103,52,17.2287
103,53,17.4401
103,54,17.6376
103,55,17.8214
103,56,17.9915
103,57,18.1479
103,58,18.2907
103,59,18.42
103,60,18.5359
103,61,18.6383
103,62,18.7274
103,63,18.8032
103,64,18.8656
103,65,18.9147
103,66,18.9503
103,67,18.9726
103,68,18.9813
103,69,18.9763
103,70,18.9577
103,71,18.9252
103,72,18.8786
103,73,18.8178
103,74,18.7426
103,75,18.6527
103,76,18.5481
103,77,18.4283
103,78,18.2932
103,79,18.1425
103,80,17.9761
103,81,17.7938
103,82,17.5953
103,83,17.3805
103,84,17.1492
103,85,16.9013
103,86,16.6367
103,87,16.3554
103,88,16.0572
103,89,15.7423
103,90,15.4108
103,91,15.0626
103,92,14.6981
103,93,14.3175
103,94,13.9211
103,95,13.5092
103,96,13.0824
103,97,12.641
103,98,12.1856
103,99,11.7169
103,100,11.2354
103,101,10.7417
103,102,10.2363
103,103,9.71976
103,104,9.1923
103,105,8.65402
103,106,8.10466
103,107,7.54358
103,108,6.9696
103,109,6.38098
103,110,5.77533
103,111,5.14959
103,112,4.50015
103,113,3.82303
103,114,3.11425
103,115,2.3705
103,116,1.59021
103,117,0.775458
103,118,-0.0648066
103,119,-0.907968
103,120,-1.70947
103,121,-2.39817
103,122,-2.87766
103,123,-3.04291
103,124,-2.81443
103,125,-2.20503
103,126,-1.3304
103,127,-0.558174
103,128,0
104,0,0
104,1,0.0112472
104,2,0.0333113
104,3,0.075233
104,4,0.13822
104,5,0.226198
104,6,0.341764
104,7,0.487019
104,8,0.663088
104,9,0.870237
104,10,1.10793
104,11,1.37498
104,12,1.66969
104,13,1.99003
104,14,2.33378
104,15,2.69863
104,16,3.08229
104,17,3.48255
104,18,3.89731
104,19,4.32466
104,20,4.76281
104,21,5.21013
104,22,5.66512
104,23,6.12639
104,24,6.59265
104,25,7.06268
104,26,7.53529
104,27,8.00937
104,28,8.48378
104,29,8.95745
104,30,9.42931
104,31,9.8983
104,32,10.3634
104,33,10.8236
104,34,11.2778
104,35,11.7253
104,36,12.165
104,37,12.596
104,38,13.0177
104,39,13.4293
104,40,13.83
104,41,14.2194
104,42,14.5967
104,43,14.9615
104,44,15.3135
104,45,15.6522
104,46,15.9774
104,47,16.2888
104,48,16.5863
104,49,16.8696
104,50,17.1387
104,51,17.3936
104,52,17.6342
104,53,17.8604
104,54,18.0725
104,55,18.2703
104,56,18.4539
104,57,18.6234
104,58,18.7789
104,59,18.9204
104,60,19.0479
104,61,19.1615
104,62,19.2613
104,63,19.3472
104,64,19.4193
104,65,19.4776
104,66,19.5219
104,67,19.5524
104,68,19.5688
104,69,19.5712
104,70,19.5593
104,71,19.5332
104,72,19.4926
104,73,19.4374
104,74,19.3674
104,75,19.2824
104,76,19.1823
104,77,19.0667
104,78,18.9355
104,79,18.7886
104,80,18.6256
104,81,18.4465
104,82,18.251
104,83,18.0391
104,84,17.8106
104,85,17.5654
104,86,17.3035
104,87,17.0249
104,88,16.7294
104,89,16.4174
104,90,16.0887
104,91,15.7437
104,92,15.3824
104,93,15.0052
104,94,14.6124
104,95,14.2043
104,96,13.7815
104,97,13.3443
104,98,12.8933
104,99,12.4291
104,100,11.9521
104,101,11.463
104,102,10.9621
104,103,10.45
104,104,9.92675
104,105,9.39239
104,106,8.84657
104,107,8.28852
104,108,7.71695
104,109,7.12998
104,110,6.52502
104,111,5.8988
104,112,5.2474
104,113,4.56644
104,114,3.85138
104,115,3.0981
104,116,2.3039
104,117,1.46909
104,118,0.599878
104,119,-0.286385
104,120,-1.15152
104,121,-1.92841
104,122,-2.51939
104,123,-2.80948
104,124,-2.69962
104,125,-2.17873
104,126,-1.34644
104,127,-0.574166
104,128,0
105,0,0
105,1,0.0052579
105,2,0.0168472
105,3,0.0417762
105,4,0.0840324
105,5,0.148758
105,6,0.240138
105,7,0.361486
105,8,0.514965
105,9,0.701631
105,10,0.921533
105,11,1.17388
105,12,1.45721
105,13,1.76959
105,14,2.10879
105,15,2.47238
105,16,2.85789
105,17,3.26288
105,18,3.685
105,19,4.12203
105,20,4.5719
105,21,5.0327
105,22,5.50264
105,23,5.98009
105,24,6.46351
105,25,6.95148
105,26,7.44264
105,27,7.9357
105,28,8.42943
105,29,8.92261
105,30,9.41411
105,31,9.90279
105,32,10.3876
105,33,10.8674
105,34,11.3412
105,35,11.8081
105,36,12.2671
105,37,12.7174
105,38,13.1582
105,39,13.5886
105,40,14.008
105,41,14.4158
105,42,14.8115
105,43,15.1944
105,44,15.5642
105,45,15.9205
105,46,16.2631
105,47,16.5915
105,48,16.9057
105,49,17.2055
105,50,17.4908
105,51,17.7614
105,52,18.0174
105,53,18.2587
105,54,18.4853
105,55,18.6973
105,56,18.8947
105,57,19.0775
105,58,19.2459
105,59,19.3997
105,60,19.5392
105,61,19.6643
105,62,19.7751
105,63,19.8715
105,64,19.9537
105,65,20.0215
105,66,20.075
105,67,20.1142
105,68,20.1389
105,69,20.1491
105,70,20.1447
105,71,20.1256
105,72,20.0916
105,73,20.0427
105,74,19.9788
105,75,19.8995
105,76,19.8048
105,77,19.6944
105,78,19.5683
105,79,19.4261
105,80,19.2679
105,81,19.0933
105,82,18.9024
105,83,18.6949
105,84,18.4709
105,85,18.2303
105,86,17.973
105,87,17.6992
105,88,17.4088
105,89,17.1019
105,90,16.7788
105,91,16.4395
105,92,16.0844
105,93,15.7136
105,94,15.3276
105,95,14.9266
105,96,14.5112
105,97,14.0818
105,98,13.6388
105,99,13.1827
105,100,12.714
105,101,12.2332
105,102,11.7407
105,103,11.2366
105,104,10.7212
105,105,10.1942
105,106,9.65522
105,107,9.10324
105,108,8.53682
105,109,7.95386
105,110,7.35156
105,111,6.72635
105,112,6.074
105,113,5.38966
105,114,4.66824
105,115,3.90487
105,116,3.09575
105,117,2.23962
105,118,1.3402
105,119,0.410632
105,120,-0.517952
105,121,-1.38445
105,122,-2.09205
105,123,-2.51748
105,124,-2.54187
105,125,-2.12709
105,126,-1.35217
105,127,-0.587486
105,128,0
106,0,0
106,1,-0.00181034
106,2,-0.00248933
106,3,0.00270643
106,4,0.0211341
106,5,0.0593931
106,6,0.123508
106,7,0.218145
106,8,0.346583
106,9,0.510689
106,10,0.711087
106,11,0.947348
106,12,1.21821
106,13,1.5218
106,14,1.85581
106,15,2.21769
106,16,2.60476
106,17,3.01432
106,18,3.44374
106,19,3.8905
106,20,4.35222
106,21,4.82669
106,22,5.31183
106,23,5.80574
106,24,6.30666
106,25,6.81292
106,26,7.32299
106,27,7.83541
106,28,8.34881
106,29,8.86187
106,30,9.37334
106,31,9.88203
106,32,10.3868
106,33,10.8865
106,34,11.3801
106,35,11.8667
106,36,12.3452
106,37,12.8148
106,38,13.2747
106,39,13.7241
106,40,14.1623
106,41,14.5887
106,42,15.0026
106,43,15.4037
106,44,15.7913
106,45,16.1653
106,46,16.5252
106,47,16.8707
106,48,17.2017
106,49,17.5179
106,50,17.8193
106,51,18.1058
106,52,18.3772
106,53,18.6336
106,54,18.875
106,55,19.1013
106,56,19.3126
106,57,19.509
106,58,19.6904
106,59,19.8569
106,60,20.0086
106,61,20.1454
106,62,20.2676
106,63,20.3749
106,64,20.4675
106,65,20.5454
106,66,20.6085
106,67,20.6569
106,68,20.6904
106,69,20.7091
106,70,20.7128
106,71,20.7015
106,72,20.675
106,73,20.6333
106,74,20.5763
106,75,20.5037
106,76,20.4156
106,77,20.3117
106,78,20.1919
106,79,20.056
106,80,19.9039
106,81,19.7356
106,82,19.551
106,83,19.3499
106,84,19.1325
106,85,18.8986
106,86,18.6484
106,87,18.3819
106,88,18.0992
106,89,17.8005
106,90,17.4859
106,91,17.1556
106,92,16.81
106,93,16.4492
106,94,16.0737
106,95,15.6837
106,96,15.2797
106,97,14.862
106,98,14.4312
106,99,13.9875
106,100,13.5314
106,101,13.0632
106,102,12.5832
106,103,12.0914
106,104,11.5878
106,105,11.0721
106,106,10.5436
106,107,10.001
106,108,9.44272
106,109,8.86637
106,110,8.26884
106,111,7.64623
106,112,6.99389
106,113,6.30652
106,114,5.57845
106,115,4.80403
106,116,3.97848
106,117,3.09907
106,118,2.16734
106,119,1.19292
106,120,0.200556
106,121,-0.756837
106,122,-1.58592
106,123,-2.15729
106,124,-2.33272
106,125,-2.04395
106,126,-1.34433
106,127,-0.596937
106,128,0
107,0,0
107,1,-0.0102498
107,2,-0.0254278
107,3,-0.0432877
107,4,-0.0523459
107,5,-0.0442456
107,6,-0.010826
107,7,0.0540882
107,8,0.154957
107,9,0.294463
107,10,0.473776
107,11,0.692776
107,12,0.95033
107,13,1.24456
107,14,1.57304
107,15,1.93305
107,16,2.32164
107,17,2.73585
107,18,3.17273
107,19,3.62943
107,20,4.10327
107,21,4.59172
107,22,5.09241
107,23,5.60316
107,24,6.12194
107,25,6.64689
107,26,7.17626
107,27,7.70842
107,28,8.24186
107,29,8.77514
107,30,9.30691
107,31,9.8359
107,32,10.3609
107,33,10.8807
107,34,11.3944
107,35,11.9007
107,36,12.3989
107,37,12.888
107,38,13.3671
107,39,13.8355
107,40,14.2925
107,41,14.7374
107,42,15.1697
107,43,15.5888
107,44,15.9943
107,45,16.3858
107,46,16.763
107,47,17.1256
107,48,17.4734
107,49,17.8061
107,50,18.1236
107,51,18.4259
107,52,18.7129
107,53,18.9844
107,54,19.2406
107,55,19.4813
107,56,19.7067
107,57,19.9167
107,58,20.1114
107,59,20.2908
107,60,20.455
107,61,20.604
107,62,20.7378
107,63,20.8564
107,64,20.96
107,65,21.0484
107,66,21.1218
107,67,21.18
107,68,21.223
107,69,21.2509
107,70,21.2635
107,71,21.2609
107,72,21.2429
107,73,21.2095
107,74,21.1605
107,75,21.096
107,76,21.0158
107,77,20.9198
107,78,20.8079
107,79,20.68
107,80,20.5361
107,81,20.3761
107,82,20.1999
107,83,20.0076
107,84,19.7993
107,85,19.5749
107,86,19.3346
107,87,19.0786
107,88,18.8069
107,89,18.5197
107,90,18.2173
107,91,17.8998
107,92,17.5676
107,93,17.221
107,94,16.8603
107,95,16.4857
107,96,16.0976
107,97,15.6964
107,98,15.2825
107,99,14.856
107,100,14.4172
107,101,13.9664
107,102,13.5036
107,103,13.0288
107,104,12.5416
107,105,12.0414
107,106,11.5272
107,107,10.9977
107,108,10.4508
107,109,9.88384
107,110,9.29327
107,111,8.67482
107,112,8.02339
107,113,7.33314
107,114,6.59777
107,115,5.8109
107,116,4.96676
107,117,4.06131
107,118,3.09415
107,119,2.07186
107,120,1.01407
107,121,-0.0354666
107,122,-0.990457
107,123,-1.71826
107,124,-2.06255
107,125,-1.92211
107,126,-1.31895
107,127,-0.601022
107,128,0
108,0,0
108,1,-0.0204361
108,2,-0.0528937
108,3,-0.097844
108,4,-0.138692
108,5,-0.164946
108,6,-0.165971
108,7,-0.133974
108,8,-0.0632577
108,9,0.0496847
108,10,0.206524
108,11,0.407339
108,12,0.65105
108,13,0.935681
108,14,1.25864
108,15,1.61691
108,16,2.0073
108,17,2.4265
108,18,2.87123
108,19,3.33831
108,20,3.82472
108,21,4.3276
108,22,4.84429
108,23,5.37233
108,24,5.90943
108,25,6.45349
108,26,7.00256
108,27,7.55485
108,28,8.10869
108,29,8.66253
108,30,9.2149
108,31,9.76447
108,32,10.3099
108,33,10.8501
108,34,11.3839
108,35,11.9102
108,36,12.4282
108,37,12.9367
108,38,13.4351
108,39,13.9225
108,40,14.3983
108,41,14.8617
108,42,15.3123
108,43,15.7494
108,44,16.1727
108,45,16.5818
108,46,16.9762
108,47,17.3558
108,48,17.7203
108,49,18.0694
108,50,18.4031
108,51,18.7212
108,52,19.0237
108,53,19.3104
108,54,19.5815
108,55,19.8368
108,56,20.0764
108,57,20.3002
108,58,20.5085
108,59,20.701
108,60,20.878
108,61,21.0395
108,62,21.1855
108,63,21.3159
108,64,21.431
108,65,21.5306
108,66,21.6148
108,67,21.6837
108,68,21.7371
108,69,21.7752
108,70,21.7978
108,71,21.805
108,72,21.7967
108,73,21.7729
108,74,21.7336
108,75,21.6787
108,76,21.6081
108,77,21.5219
108,78,21.42
108,79,21.3023
108,80,21.1688
108,81,21.0195
108,82,20.8546
108,83,20.674
108,84,20.4778
108,85,20.2662
108,86,20.0393
108,87,19.7974
108,88,19.5405
108,89,19.269
108,90,18.9831
108,91,18.6829
108,92,18.3689
108,93,18.0412
108,94,17.7002
108,95,17.3461
108,96,16.9792
108,97,16.5998
108,98,16.208
108,99,15.8041
108,100,15.388
108,101,14.9599
108,102,14.5196
108,103,14.0667
108,104,13.6006
108,105,13.1205
108,106,12.6251
108,107,12.1125
108,108,11.5804
108,109,11.0256
108,110,10.4442
108,111,9.83139
108,112,9.18155
108,113,8.48825
108,114,7.74452
108,115,6.94319
108,116,6.07754
108,117,5.14233
108,118,4.1354
108,119,3.06069
108,120,1.93357
108,121,0.790269
108,122,-0.294295
108,123,-1.18868
108,124,-1.72048
108,125,-1.75317
108,126,-1.27127
108,127,-0.597876
108,128,0
109,0,0
109,1,-0.0328496
109,2,-0.0860528
109,3,-0.162988
109,4,-0.240682
109,5,-0.306054
109,6,-0.345613
109,7,-0.349816
109,8,-0.311713
109,9,-0.227083
109,10,-0.0938948
109,11,0.0881156
109,12,0.317813
109,13,0.592994
109,14,0.91079
109,15,1.26787
109,16,1.66066
109,17,2.0855
109,18,2.53875
109,19,3.01687
109,20,3.51648
109,21,4.03441
109,22,4.56768
109,23,5.11354
109,24,5.66946
109,25,6.2331
109,26,6.80232
109,27,7.37514
109,28,7.94974
109,29,8.52445
109,30,9.09771
109,31,9.66809
109,32,10.2342
109,33,10.7949
109,34,11.349
109,35,11.8954
109,36,12.4331
109,37,12.9612
109,38,13.4788
109,39,13.9853
109,40,14.4798
109,41,14.9617
109,42,15.4304
109,43,15.8855
109,44,16.3265
109,45,16.753
109,46,17.1646
109,47,17.5611
109,48,17.9422
109,49,18.3078
109,50,18.6576
109,51,18.9915
109,52,19.3096
109,53,19.6116
109,54,19.8977
109,55,20.1677
109,56,20.4217
109,57,20.6597
109,58,20.8818
109,59,21.0879
109,60,21.2782
109,61,21.4526
109,62,21.6113
109,63,21.7543
109,64,21.8816
109,65,21.9932
109,66,22.0893
109,67,22.1698
109,68,22.2348
109,69,22.2843
109,70,22.3182
109,71,22.3367
109,72,22.3398
109,73,22.3274
109,74,22.2996
109,75,22.2563
109,76,22.1976
109,77,22.1236
109,78,22.0341
109,79,21.9294
109,80,21.8093
109,81,21.6739
109,82,21.5235
109,83,21.3581
109,84,21.1779
109,85,20.983
109,86,20.7738
109,87,20.5504
109,88,20.3131
109,89,20.0621
109,90,19.7976
109,91,19.52
109,92,19.2295
109,93,18.9263
109,94,18.6107
109,95,18.2829
109,96,17.943
109,97,17.5912
109,98,17.2276
109,99,16.8521
109,100,16.4646
109,101,16.0649
109,102,15.6526
109,103,15.2271
109,104,14.7873
109,105,14.3322
109,106,13.8599
109,107,13.3682
109,108,12.8543
109,109,12.3145
109,110,11.7443
109,111,11.1384
109,112,10.4905
109,113,9.79355
109,114,9.03979
109,115,8.22126
109,116,7.33031
109,117,6.36049
109,118,5.3081
109,119,4.17478
109,120,2.97218
109,121,1.73055
109,122,0.513952
109,123,-0.555842
109,124,-1.29428
109,125,-1.52734
109,126,-1.19559
109,127,-0.585192
109,128,0
110,0,0
110,1,-0.0481049
110,2,-0.126369
110,3,-0.241207
110,4,-0.361652
110,5,-0.471488
110,6,-0.553953
110,7,-0.597663
110,8,-0.594471
110,9,-0.53957
110,10,-0.4307
110,11,-0.267649
110,12,-0.0517737
110,13,0.214542
110,14,0.527977
110,15,0.884783
110,16,1.28096
110,17,1.71244
110,18,2.17517
110,19,2.66523
110,20,3.1789
110,21,3.71265
110,22,4.26321
110,23,4.82755
110,24,5.40287
110,25,5.98661
110,26,6.57642
110,27,7.17017
110,28,7.76589
110,29,8.36177
110,30,8.95618
110,31,9.54758
110,32,10.1346
110,33,10.7159
110,34,11.2904
110,35,11.8569
110,36,12.4144
110,37,12.962
110,38,13.4989
110,39,14.0243
110,40,14.5375
110,41,15.0378
110,42,15.5247
110,43,15.9976
110,44,16.4562
110,45,16.9001
110,46,17.3288
110,47,17.7422
110,48,18.1399
110,49,18.5218
110,50,18.8878
110,51,19.2377
110,52,19.5714
110,53,19.8889
110,54,20.1902
110,55,20.4752
110,56,20.7439
110,57,20.9965
110,58,21.2329
110,59,21.4531
110,60,21.6573
110,61,21.8455
110,62,22.0178
110,63,22.1742
110,64,22.3147
110,65,22.4396
110,66,22.5488
110,67,22.6424
110,68,22.7204
110,69,22.783
110,70,22.8302
110,71,22.862
110,72,22.8785
110,73,22.8798
110,74,22.866
110,75,22.837
110,76,22.7931
110,77,22.7342
110,78,22.6605
110,79,22.572
110,80,22.469
110,81,22.3515
110,82,22.2197
110,83,22.0738
110,84,21.9141
110,85,21.7409
110,86,21.5544
110,87,21.3548
110,88,21.1425
110,89,20.9177
110,90,20.6807
110,91,20.4317
110,92,20.1709
110,93,19.8985
110,94,19.6147
110,95,19.3195
110,96,19.0131
110,97,18.6955
110,98,18.3664
110,99,18.0257
110,100,17.673
110,101,17.3079
110,102,16.9295
110,103,16.5369
110,104,16.1289
110,105,15.7036
110,106,15.2589
110,107,14.792
110,108,14.2996
110,109,13.7773
110,110,13.2202
110,111,12.622
110,112,11.9759
110,113,11.274
110,114,10.5078
110,115,9.66846
110,116,8.7473
110,117,7.73679
110,118,6.63177
110,119,5.43184
110,120,4.14547
110,121,2.79776
110,122,1.44422
110,123,0.192985
110,124,-0.770344
110,125,-1.23329
110,126,-1.08507
110,127,-0.560119
110,128,0
111,0,0
111,1,-0.0669865
111,2,-0.175671
111,3,-0.33552
111,4,-0.505532
111,5,-0.665736
111,6,-0.795668
111,7,-0.88208
111,8,-0.915751
111,9,-0.891499
111,10,-0.807073
111,11,-0.662513
111,12,-0.459532
111,13,-0.201039
111,14,0.109259
111,15,0.46717
111,16,0.86813
111,17,1.3076
111,18,1.78109
111,19,2.28428
111,20,2.81306
111,21,3.3636
111,22,3.9323
111,23,4.51586
111,24,5.11123
111,25,5.71564
111,26,6.32655
111,27,6.94164
111,28,7.55882
111,29,8.17618
111,30,8.79196
111,31,9.40458
111,32,10.0126
111,33,10.6147
111,34,11.2096
111,35,11.7962
111,36,12.3736
111,37,12.9407
111,38,13.4968
111,39,14.0411
111,40,14.5729
111,41,15.0916
111,42,15.5965
111,43,16.0873
111,44,16.5635
111,45,17.0246
111,46,17.4705
111,47,17.9008
111,48,18.3152
111,49,18.7136
111,50,19.0959
111,51,19.4619
111,52,19.8116
111,53,20.1449
111,54,20.4618
111,55,20.7623
111,56,21.0464
111,57,21.3142
111,58,21.5656
111,59,21.8009
111,60,22.02
111,61,22.223
111,62,22.41
111,63,22.5812
111,64,22.7366
111,65,22.8762
111,66,23.0003
111,67,23.1089
111,68,23.2022
111,69,23.2802
111,70,23.343
111,71,23.3908
111,72,23.4236
111,73,23.4417
111,74,23.445
111,75,23.4339
111,76,23.4083
111,77,23.3685
111,78,23.3146
111,79,23.2468
111,80,23.1653
111,81,23.0704
111,82,22.9623
111,83,22.8414
111,84,22.7078
111,85,22.562
111,86,22.4042
111,87,22.2348
111,88,22.054
111,89,21.862
111,90,21.6591
111,91,21.4455
111,92,21.2214
111,93,20.9869
111,94,20.7419
111,95,20.4866
111,96,20.2207
111,97,19.9441
111,98,19.6564
111,99,19.3573
111,100,19.0459
111,101,18.7216
111,102,18.3831
111,103,18.0292
111,104,17.658
111,105,17.2673
111,106,16.8544
111,107,16.4161
111,108,15.948
111,109,15.4455
111,110,14.9025
111,111,14.3123
111,112,13.6671
111,113,12.9582
111,114,12.1762
111,115,11.3113
111,116,10.3538
111,117,9.29503
111,118,8.12854
111,119,6.85206
111,120,5.47129
111,121,4.00689
111,122,2.50709
111,123,1.069
111,124,-0.134092
111,125,-0.857791
111,126,-0.93146
111,127,-0.51913
111,128,0
112,0,0
112,1,-0.0904918
112,2,-0.236222
112,3,-0.449537
112,4,-0.676857
112,5,-0.893778
112,6,-1.07574
112,7,-1.2077
112,8,-1.27961
112,9,-1.28623
112,10,-1.2256
112,11,-1.09829
112,12,-0.906611
112,13,-0.65409
112,14,-0.345042
112,15,0.0157288
112,16,0.423318
112,17,0.872514
112,18,1.35838
112,19,1.87615
112,20,2.42137
112,21,2.98984
112,22,3.57769
112,23,4.18134
112,24,4.79751
112,25,5.42321
112,26,6.05574
112,27,6.69262
112,28,7.33163
112,29,7.97075
112,30,8.60814
112,31,9.24217
112,32,9.87131
112,33,10.4942
112,34,11.1097
112,35,11.7165
112,36,12.3137
112,37,12.9004
112,38,13.4757
112,39,14.039
112,40,14.5894
112,41,15.1264
112,42,15.6494
112,43,16.1581
112,44,16.6519
112,45,17.1305
112,46,17.5937
112,47,18.041
112,48,18.4724
112,49,18.8877
112,50,19.2867
112,51,19.6693
112,52,20.0355
112,53,20.3853
112,54,20.7185
112,55,21.0353
112,56,21.3357
112,57,21.6198
112,58,21.8876
112,59,22.1391
112,60,22.3746
112,61,22.5941
112,62,22.7977
112,63,22.9856
112,64,23.1579
112,65,23.3147
112,66,23.4562
112,67,23.5826
112,68,23.6939
112,69,23.7904
112,70,23.8722
112,71,23.9395
112,72,23.9924
112,73,24.0312
112,74,24.056
112,75,24.0671
112,76,24.0646
112,77,24.0487
112,78,24.0198
112,79,23.978
112,80,23.9238
112,81,23.8574
112,82,23.7792
112,83,23.6896
112,84,23.5889
112,85,23.4774
112,86,23.3555
112,87,23.2235
112,88,23.0816
112,89,22.93
112,90,22.7689
112,91,22.5985
112,92,22.4187
112,93,22.2297
112,94,22.0312
112,95,21.8232
112,96,21.6052
112,97,21.3769
112,98,21.1377
112,99,20.8868
112,100,20.6233
112,101,20.3459
112,102,20.0532
112,103,19.7433
112,104,19.4138
112,105,19.0621
112,106,18.6849
112,107,18.2779
112,108,17.8366
112,109,17.355
112,110,16.8267
112,111,16.2437
112,112,15.5976
112,113,14.8785
112,114,14.0761
112,115,13.1795
112,116,12.1781
112,117,11.0619
112,118,9.82329
112,119,8.45825
112,120,6.97002
112,121,5.37537
112,122,3.71603
112,123,2.08028
112,124,0.628068
112,125,-0.38529
112,126,-0.724615
112,127,-0.457838
112,128,0
113,0,0
113,1,-0.119886
113,2,-0.310798
113,3,-0.587498
113,4,-0.880698
113,5,-1.16088
113,6,-1.39909
113,7,-1.57875
113,8,-1.68937
113,9,-1.72604
113,10,-1.68754
113,11,-1.57525
113,12,-1.39233
113,13,-1.14314
113,14,-0.832702
113,15,-0.466477
113,16,-0.0500774
113,17,0.411012
113,18,0.911222
113,19,1.44536
113,20,2.00857
113,21,2.59635
113,22,3.20452
113,23,3.82927
113,24,4.46708
113,25,5.1148
113,26,5.76954
113,27,6.4287
113,28,7.08994
113,29,7.75115
113,30,8.41043
113,31,9.06607
113,32,9.71653
113,33,10.3604
113,34,10.9965
113,35,11.6237
113,36,12.2408
113,37,12.8472
113,38,13.4418
113,39,14.0241
113,40,14.5933
113,41,15.1488
113,42,15.6902
113,43,16.217
113,44,16.7288
113,45,17.2252
113,46,17.7061
113,47,18.1711
113,48,18.62
113,49,19.0528
113,50,19.4693
113,51,19.8694
113,52,20.2532
113,53,20.6205
113,54,20.9714
113,55,21.3059
113,56,21.6241
113,57,21.9262
113,58,22.2121
113,59,22.4821
113,60,22.7361
113,61,22.9745
113,62,23.1973
113,63,23.4048
113,64,23.597
113,65,23.7743
113,66,23.9367
113,67,24.0844
113,68,24.2178
113,69,24.3369
113,70,24.4421
113,71,24.5336
113,72,24.6115
113,73,24.6762
113,74,24.7278
113,75,24.7667
113,76,24.7932
113,77,24.8075
113,78,24.8099
113,79,24.8008
113,80,24.7807
113,81,24.7501
113,82,24.7093
113,83,24.6587
113,84,24.5988
113,85,24.5298
113,86,24.452
113,87,24.3658
113,88,24.2712
113,89,24.1684
113,90,24.0575
113,91,23.9386
113,92,23.8114
113,93,23.676
113,94,23.5319
113,95,23.3788
113,96,23.2163
113,97,23.0435
113,98,22.8596
113,99,22.6635
113,100,22.4539
113,101,22.2292
113,102,21.9874
113,103,21.7261
113,104,21.4426
113,105,21.1333
113,106,20.7944
113,107,20.4209
113,108,20.0074
113,109,19.5471
113,110,19.0325
113,111,18.4549
113,112,17.8046
113,113,17.0707
113,114,16.2419
113,115,15.3061
113,116,14.2515
113,117,13.0671
113,118,11.7437
113,119,10.2759
113,120,8.66471
113,121,6.92337
113,122,5.08784
113,123,3.2382
113,124,1.52389
113,125,0.199222
113,126,-0.45229
113,127,-0.370904
113,128,0
114,0,0
114,1,-0.156773
114,2,-0.40277
114,3,-0.754247
114,4,-1.12245
114,5,-1.47218
114,6,-1.76996
114,7,-1.9982
114,8,-2.14653
114,9,-2.21099
114,10,-2.19151
114,11,-2.09068
114,12,-1.91281
114,13,-1.66324
114,14,-1.34787
114,15,-0.972908
114,16,-0.54459
114,17,-0.0690512
114,18,0.44791
114,19,1.00056
114,20,1.58364
114,21,2.19235
114,22,2.82226
114,23,3.46929
114,24,4.12977
114,25,4.80035
114,26,5.47801
114,27,6.16004
114,28,6.84401
114,29,7.52773
114,30,8.20924
114,31,8.88681
114,32,9.55886
114,33,10.224
114,34,10.881
114,35,11.5287
114,36,12.1661
114,37,12.7924
114,38,13.4067
114,39,14.0084
114,40,14.5967
114,41,15.1713
114,42,15.7315
114,43,16.2771
114,44,16.8075
114,45,17.3226
114,46,17.8221
114,47,18.3057
114,48,18.7733
114,49,19.2249
114,50,19.6603
114,51,20.0794
114,52,20.4823
114,53,20.8691
114,54,21.2396
114,55,21.5941
114,56,21.9326
114,57,22.2552
114,58,22.5621
114,59,22.8535
114,60,23.1294
114,61,23.3901
114,62,23.6359
114,63,23.8668
114,64,24.0832
114,65,24.2853
114,66,24.4733
114,67,24.6474
114,68,24.808
114,69,24.9554
114,70,25.0897
114,71,25.2113
114,72,25.3204
114,73,25.4175
114,74,25.5028
114,75,25.5766
114,76,25.6393
114,77,25.6912
114,78,25.7328
114,79,25.7645
114,80,25.787
114,81,25.8008
114,82,25.8063
114,83,25.8039
114,84,25.7939
114,85,25.7767
114,86,25.7523
114,87,25.721
114,88,25.6828
114,89,25.6379
114,90,25.586
114,91,25.5272
114,92,25.461
114,93,25.3873
114,94,25.3054
114,95,25.2148
114,96,25.1146
114,97,25.0039
114,98,24.8815
114,99,24.7459
114,100,24.5955
114,101,24.4281
114,102,24.2413
114,103,24.0322
114,104,23.7973
114,105,23.5326
114,106,23.2333
114,107,22.8939
114,108,22.5077
114,109,22.0674
114,110,21.5642
114,111,20.9883
114,112,20.329
114,113,19.5742
114,114,18.7114
114,115,17.7271
114,116,16.6085
114,117,15.343
114,118,13.9203
114,119,12.3333
114,120,10.581
114,121,8.67364
114,122,6.64186
114,123,4.55814
114,124,2.56175
114,125,0.907114
114,126,-0.100194
114,127,-0.251536
114,128,0
115,0,0
115,1,-0.203188
115,2,-0.516177
115,3,-0.95511
115,4,-1.4074
115,5,-1.83183
115,6,-2.19071
115,7,-2.46627
115,8,-2.64909
115,9,-2.73689
115,10,-2.73131
115,11,-2.63659
115,12,-2.45843
115,13,-2.20338
115,14,-1.87833
115,15,-1.49029
115,16,-1.04617
115,17,-0.55264
115,18,-0.0160482
115,19,0.557763
115,20,1.16304
115,21,1.79469
115,22,2.44804
115,23,3.11884
115,24,3.80324
115,25,4.49775
115,26,5.19924
115,27,5.90493
115,28,6.6123
115,29,7.31913
115,30,8.02343
115,31,8.72343
115,32,9.41756
115,33,10.1044
115,34,10.7828
115,35,11.4516
115,36,12.1099
115,37,12.7567
115,38,13.3913
115,39,14.0132
115,40,14.6216
115,41,15.2161
115,42,15.7962
115,43,16.3617
115,44,16.9121
115,45,17.4472
115,46,17.9668
115,47,18.4708
115,48,18.9591
115,49,19.4314
115,50,19.8879
115,51,20.3286
115,52,20.7533
115,53,21.1623
115,54,21.5556
115,55,21.9334
115,56,22.2956
115,57,22.6426
115,58,22.9745
115,59,23.2916
115,60,23.5939
115,61,23.8818
115,62,24.1555
115,63,24.4154
115,64,24.6615
115,65,24.8943
115,66,25.1141
115,67,25.3211
115,68,25.5157
115,69,25.6981
115,70,25.8688
115,71,26.0281
115,72,26.1763
115,73,26.3139
115,74,26.441
115,75,26.5583
115,76,26.666
115,77,26.7647
115,78,26.8548
115,79,26.937
115,80,27.0121
115,81,27.0806
115,82,27.1427
115,83,27.1987
115,84,27.2488
115,85,27.2933
115,86,27.3322
115,87,27.3656
115,88,27.3933
115,89,27.4152
115,90,27.4311
115,91,27.4407
115,92,27.4435
115,93,27.4389
115,94,27.4262
115,95,27.4044
115,96,27.3726
115,97,27.3294
115,98,27.2732
115,99,27.2024
115,100,27.1146
115,101,27.0074
115,102,26.8779
115,103,26.7225
115,104,26.5372
115,105,26.3171
115,106,26.0569
115,107,25.7499
115,108,25.3888
115,109,24.965
115,110,24.4688
115,111,23.8893
115,112,23.2143
115,113,22.4307
115,114,21.5243
115,115,20.4807
115,116,19.2852
115,117,17.9242
115,118,16.3857
115,119,14.661
115,120,12.7471
115,121,10.6516
115,122,8.40006
115,123,6.05799
115,124,3.75384
115,125,1.74399
115,126,0.344499
115,127,-0.0901741
115,128,0
116,0,0
116,1,-0.261728
116,2,-0.655767
116,3,-1.19555
116,4,-1.73984
116,5,-2.24162
116,6,-2.65987
116,7,-2.97795
116,8,-3.18858
116,9,-3.29201
116,10,-3.29229
116,11,-3.1957
116,12,-3.00966
116,13,-2.74205
116,14,-2.40086
116,15,-1.99394
116,16,-1.52886
116,17,-1.0128
116,18,-0.452507
116,19,0.145753
116,20,0.776204
116,21,1.43337
116,22,2.1124
116,23,2.80889
116,24,3.51886
116,25,4.23873
116,26,4.96531
116,27,5.69575
116,28,6.42752
116,29,7.15837
116,30,7.88631
116,31,8.60958
116,32,9.32664
116,33,10.0361
116,34,10.7368
116,35,11.4276
116,36,12.1077
116,37,12.7762
116,38,13.4324
116,39,14.0758
116,40,14.7057
116,41,15.3217
116,42,15.9236
116,43,16.5108
116,44,17.0833
116,45,17.6408
116,46,18.1831
116,47,18.7102
116,48,19.2219
116,49,19.7182
116,50,20.1993
116,51,20.665
116,52,21.1155
116,53,21.5509
116,54,21.9713
116,55,22.377
116,56,22.768
116,57,23.1446
116,58,23.507
116,59,23.8555
116,60,24.1904
116,61,24.5119
116,62,24.8202
116,63,25.1159
116,64,25.3991
116,65,25.6702
116,66,25.9295
116,67,26.1774
116,68,26.4143
116,69,26.6406
116,70,26.8565
116,71,27.0626
116,72,27.2592
116,73,27.4468
116,74,27.6258
116,75,27.7965
116,76,27.9597
116,77,28.1157
116,78,28.2654
116,79,28.4096
116,80,28.5488
116,81,28.6832
116,82,28.813
116,83,28.9382
116,84,29.0591
116,85,29.1755
116,86,29.2874
116,87,29.3947
116,88,29.4971
116,89,29.5942
116,90,29.6856
116,91,29.7707
116,92,29.8489
116,93,29.9193
116,94,29.9809
116,95,30.0326
116,96,30.073
116,97,30.1004
116,98,30.1131
116,99,30.1087
116,100,30.0847
116,101,30.0382
116,102,29.9656
116,103,29.8628
116,104,29.7253
116,105,29.5475
116,106,29.3229
116,107,29.0444
116,108,28.7036
116,109,28.2907
116,110,27.7949
116,111,27.2041
116,112,26.5048
116,113,25.6825
116,114,24.7216
116,115,23.606
116,116,22.3196
116,117,20.847
116,118,19.1745
116,119,17.2918
116,120,15.1939
116,121,12.8853
116,122,10.3874
116,123,7.7589
116,124,5.11698
116,125,2.71853
116,126,0.887073
116,127,0.120427
116,128,0
117,0,0
117,1,-0.335715
117,2,-0.826954
117,3,-1.4804
117,4,-2.1214
117,5,-2.69834
117,6,-3.16865
117,7,-3.51882
117,8,-3.7452
117,9,-3.85167
117,10,-3.84537
117,11,-3.73508
117,12,-3.53016
117,13,-3.23998
117,14,-2.87365
117,15,-2.43983
117,16,-1.94671
117,17,-1.40191
117,18,-0.812515
117,19,-0.185074
117,20,0.474557
117,21,1.16075
117,22,1.86851
117,23,2.59332
117,24,3.33115
117,25,4.07839
117,26,4.83183
117,27,5.58862
117,28,6.34625
117,29,7.10249
117,30,7.85539
117,31,8.60323
117,32,9.34452
117,33,10.0779
117,34,10.8023
117,35,11.5167
117,36,12.2203
117,37,12.9122
117,38,13.5919
117,39,14.2588
117,40,14.9125
117,41,15.5526
117,42,16.1788
117,43,16.7908
117,44,17.3885
117,45,17.9717
117,46,18.5403
117,47,19.0943
117,48,19.6337
117,49,20.1584
117,50,20.6687
117,51,21.1645
117,52,21.6461
117,53,22.1135
117,54,22.567
117,55,23.0068
117,56,23.4331
117,57,23.8461
117,58,24.2463
117,59,24.6337
117,60,25.0088
117,61,25.3719
117,62,25.7233
117,63,26.0633
117,64,26.3924
117,65,26.711
117,66,27.0193
117,67,27.3178
117,68,27.607
117,69,27.8871
117,70,28.1587
117,71,28.4222
117,72,28.678
117,73,28.9267
117,74,29.1687
117,75,29.4046
117,76,29.635
117,77,29.8607
117,78,30.0828
117,79,30.3013
117,80,30.5164
117,81,30.7281
117,82,30.9363
117,83,31.1411
117,84,31.3423
117,85,31.5397
117,86,31.7329
117,87,31.9217
117,88,32.1056
117,89,32.284
117,90,32.4562
117,91,32.6214
117,92,32.7788
117,93,32.9272
117,94,33.0654
117,95,33.192
117,96,33.3052
117,97,33.4032
117,98,33.4838
117,99,33.5443
117,100,33.5818
117,101,33.5929
117,102,33.5736
117,103,33.5192
117,104,33.4245
117,105,33.2831
117,106,33.0881
117,107,32.8312
117,108,32.5029
117,109,32.0927
117,110,31.5885
117,111,30.9768
117,112,30.2427
117,113,29.3703
117,114,28.3424
117,115,27.1411
117,116,25.7486
117,117,24.1475
117,118,22.3223
117,119,20.2603
117,120,17.9543
117,121,15.406
117,122,12.6323
117,123,9.68562
117,124,6.67149
117,125,3.84554
117,126,1.53346
117,127,0.38244
117,128,0
118,0,0
118,1,-0.42939
118,2,-1.03551
118,3,-1.81225
118,4,-2.54796
118,5,-3.18919
118,6,-3.6951
118,7,-4.05799
118,8,-4.2798
118,9,-4.36926
118,10,-4.33733
118,11,-4.19569
118,12,-3.95581
118,13,-3.62858
118,14,-3.22419
118,15,-2.75205
118,16,-2.22083
118,17,-1.63849
118,18,-1.01232
118,19,-0.348992
118,20,0.345565
118,21,1.06576
118,22,1.80652
118,23,2.56336
118,24,3.33226
118,25,4.10968
118,26,4.89247
118,27,5.67785
118,28,6.4634
118,29,7.24696
118,30,8.02668
118,31,8.80093
118,32,9.5683
118,33,10.3276
118,34,11.0777
118,35,11.8178
118,36,12.547
118,37,13.2648
118,38,13.9706
118,39,14.664
118,40,15.3446
118,41,16.012
118,42,16.6661
118,43,17.3068
118,44,17.9338
118,45,18.5472
118,46,19.1469
118,47,19.733
118,48,20.3054
118,49,20.8644
118,50,21.41
118,51,21.9424
118,52,22.4617
118,53,22.9682
118,54,23.4622
118,55,23.9438
118,56,24.4134
118,57,24.8713
118,58,25.3177
118,59,25.753
118,60,26.1776
118,61,26.5917
118,62,26.9959
118,63,27.3904
118,64,27.7757
118,65,28.1522
118,66,28.5202
118,67,28.8802
118,68,29.2327
118,69,29.578
118,70,29.9168
118,71,30.2494
118,72,30.5763
118,73,30.8982
118,74,31.2157
118,75,31.5295
118,76,31.8407
118,77,32.1495
118,78,32.4559
118,79,32.7598
118,80,33.061
118,81,33.3594
118,82,33.6547
118,83,33.9467
118,84,34.2351
118,85,34.5193
118,86,34.7989
118,87,35.0733
118,88,35.3418
118,89,35.6036
118,90,35.858
118,91,36.1037
118,92,36.3398
118,93,36.5648
118,94,36.7774
118,95,36.9758
118,96,37.1581
118,97,37.3222
118,98,37.4654
118,99,37.5849
118,100,37.6774
118,101,37.739
118,102,37.7652
118,103,37.7509
118,104,37.6903
118,105,37.5764
118,106,37.4013
118,107,37.156
118,108,36.8302
118,109,36.4121
118,110,35.8885
118,111,35.2445
118,112,34.464
118,113,33.5292
118,114,32.4213
118,115,31.1205
118,116,29.6068
118,117,27.8606
118,118,25.8639
118,119,23.6016
118,120,21.0634
118,121,18.2477
118,122,15.1672
118,123,11.8675
118,124,8.44265
118,125,5.14545
118,126,2.2965
118,127,0.701083
118,128,0
119,0,0
119,1,-0.547958
119,2,-1.28651
119,3,-2.18799
119,4,-3.00368
119,5,-3.68358
119,6,-4.19386
119,7,-4.53624
119,8,-4.72055
119,9,-4.76173
119,10,-4.6752
119,11,-4.47582
119,12,-4.17722
119,13,-3.79174
119,14,-3.33048
119,15,-2.80344
119,16,-2.21958
119,17,-1.58701
119,18,-0.913018
119,19,-0.20422
119,20,0.533555
119,21,1.29477
119,22,2.07452
119,23,2.8685
119,24,3.67288
119,25,4.48427
119,26,5.29971
119,27,6.1166
119,28,6.93268
119,29,7.74597
119,30,8.55478
119,31,9.35763
119,32,10.1533
119,33,10.9406
119,34,11.7188
119,35,12.487
119,36,13.2447
119,37,13.9912
119,38,14.7262
119,39,15.4493
119,40,16.1604
119,41,16.8591
119,42,17.5455
119,43,18.2193
119,44,18.8807
119,45,19.5296
119,46,20.166
119,47,20.7901
119,48,21.402
119,49,22.0019
119,50,22.5898
119,51,23.1661
119,52,23.731
119,53,24.2847
119,54,24.8275
119,55,25.3597
119,56,25.8816
119,57,26.3935
119,58,26.8958
119,59,27.3888
119,60,27.8729
119,61,28.3485
119,62,28.8159
119,63,29.2755
119,64,29.7278
119,65,30.1732
119,66,30.6121
119,67,31.045
119,68,31.4724
119,69,31.8946
119,70,32.3124
119,71,32.7262
119,72,33.1367
119,73,33.5445
119,74,33.9511
119,75,34.356
119,76,34.7591
119,77,35.1602
119,78,35.559
119,79,35.9552
119,80,36.3485
119,81,36.7385
119,82,37.1246
119,83,37.5064
119,84,37.8834
119,85,38.2549
119,86,38.6201
119,87,38.9784
119,88,39.3288
119,89,39.6704
119,90,40.0022
119,91,40.3228
119,92,40.6311
119,93,40.9256
119,94,41.2045
119,95,41.466
119,96,41.708
119,97,41.9281
119,98,42.1234
119,99,42.2909
119,100,42.4269
119,101,42.5272
119,102,42.587
119,103,42.6006
119,104,42.5616
119,105,42.4626
119,106,42.2949
119,107,42.0489
119,108,41.7131
119,109,41.2748
119,110,40.7197
119,111,40.0316
119,112,39.1927
119,113,38.1836
119,114,36.9835
119,115,35.5706
119,116,33.9224
119,117,32.0166
119,118,29.8321
119,119,27.3505
119,120,24.5577
119,121,21.4483
119,122,18.0294
119,123,14.3403
119,124,10.4624
119,125,6.64506
119,126,3.19576
119,127,1.08723
119,128,0
120,0,0
120,1,-0.696965
120,2,-1.58126
120,3,-2.59119
120,4,-3.44925
120,5,-4.11778
120,6,-4.57799
120,7,-4.8455
120,8,-4.94064
120,9,-4.88571
120,10,-4.70112
120,11,-4.40494
120,12,-4.01279
120,13,-3.53817
120,14,-2.99283
120,15,-2.387
120,16,-1.72967
120,17,-1.02874
120,18,-0.291319
120,19,0.476394
120,20,1.26868
120,21,2.0804
120,22,2.9071
120,23,3.74486
120,24,4.59021
120,25,5.44015
120,26,6.29204
120,27,7.14361
120,28,7.99291
120,29,8.83826
120,30,9.67821
120,31,10.5116
120,32,11.3373
120,33,12.1546
120,34,12.9627
120,35,13.7611
120,36,14.5493
120,37,15.327
120,38,16.0939
120,39,16.8498
120,40,17.5947
120,41,18.3284
120,42,19.051
120,43,19.7624
120,44,20.4629
120,45,21.1524
120,46,21.8311
120,47,22.4992
120,48,23.1568
120,49,23.8042
120,50,24.4415
120,51,25.0691
120,52,25.6871
120,53,26.2959
120,54,26.8959
120,55,27.4871
120,56,28.0701
120,57,28.645
120,58,29.2124
120,59,29.7725
120,60,30.3256
120,61,30.8722
120,62,31.4127
120,63,31.9475
120,64,32.477
120,65,33.0015
120,66,33.5217
120,67,34.038
120,68,34.551
120,69,35.0612
120,70,35.5691
120,71,36.0763
120,72,36.5824
120,73,37.087
120,74,37.5899
120,75,38.0908
120,76,38.5891
120,77,39.0846
120,78,39.5766
120,79,40.0646
120,80,40.5482
120,81,41.0266
120,82,41.4992
120,83,41.9654
120,84,42.4243
120,85,42.8753
120,86,43.3174
120,87,43.7497
120,88,44.1713
120,89,44.581
120,90,44.9778
120,91,45.3602
120,92,45.7269
120,93,46.0763
120,94,46.4067
120,95,46.7159
120,96,47.0019
120,97,47.262
120,98,47.4933
120,99,47.6924
120,100,47.8556
120,101,47.9783
120,102,48.0554
120,103,48.081
120,104,48.0482
120,105,47.9489
120,106,47.7741
120,107,47.5133
120,108,47.1542
120,109,46.6833
120,110,46.0849
120,111,45.3416
120,112,44.4341
120,113,43.3412
120,114,42.0399
120,115,40.5059
120,116,38.7141
120,117,36.6387
120,118,34.255
120,119,31.5401
120,120,28.4753
120,121,25.0495
120,122,21.2635
120,123,17.1488
120,124,12.773
120,125,8.38098
120,126,4.25788
120,127,1.55635
120,128,0
121,0,0
121,1,-0.878941
121,2,-1.90856
121,3,-2.97535
121,4,-3.79853
121,5,-4.36632
121,6,-4.68648
121,7,-4.79352
121,8,-4.72079
121,9,-4.49866
121,10,-4.1525
121,11,-3.7032
121,12,-3.16782
121,13,-2.56046
121,14,-1.89293
121,15,-1.17526
121,16,-0.415975
121,17,0.377697
121,18,1.19928
121,19,2.04301
121,20,2.90395
121,21,3.77778
121,22,4.66077
121,23,5.54967
121,24,6.4417
121,25,7.33446
121,26,8.22589
121,27,9.11427
121,28,9.99814
121,29,10.8763
121,30,11.7477
121,31,12.6116
121,32,13.4672
121,33,14.3142
121,34,15.152
121,35,15.9804
121,36,16.7993
121,37,17.6084
121,38,18.4078
121,39,19.1974
121,40,19.9773
121,41,20.7476
121,42,21.5084
121,43,22.2599
121,44,23.0022
121,45,23.7355
121,46,24.4601
121,47,25.1761
121,48,25.8837
121,49,26.5833
121,50,27.2749
121,51,27.9589
121,52,28.6357
121,53,29.3054
121,54,29.9684
121,55,30.6249
121,56,31.2752
121,57,31.9197
121,58,32.5588
121,59,33.1927
121,60,33.8218
121,61,34.4464
121,62,35.067
121,63,35.6841
121,64,36.2981
121,65,36.9095
121,66,37.5186
121,67,38.1264
121,68,38.7341
121,69,39.3407
121,70,39.9458
121,71,40.549
121,72,41.1499
121,73,41.7479
121,74,42.3425
121,75,42.9331
121,76,43.519
121,77,44.0997
121,78,44.6745
121,79,45.2426
121,80,45.8034
121,81,46.3561
121,82,46.8998
121,83,47.434
121,84,47.9576
121,85,48.4698
121,86,48.9698
121,87,49.4565
121,88,49.9289
121,89,50.386
121,90,50.8264
121,91,51.249
121,92,51.6523
121,93,52.0346
121,94,52.3943
121,95,52.7293
121,96,53.0373
121,97,53.3157
121,98,53.5616
121,99,53.7714
121,100,53.9413
121,101,54.0666
121,102,54.142
121,103,54.1613
121,104,54.1172
121,105,54.0015
121,106,53.8045
121,107,53.5152
121,108,53.1206
121,109,52.6063
121,110,51.9555
121,111,51.1496
121,112,50.1675
121,113,48.9861
121,114,47.5804
121,115,45.9232
121,116,43.986
121,117,41.7395
121,118,39.1539
121,119,36.2011
121,120,32.8558
121,121,29.0998
121,122,24.9249
121,123,20.3528
121,124,15.4344
121,125,10.4081
121,126,5.52428
121,127,2.1342
121,128,0
122,0,0
122,1,-1.0817
122,2,-2.22033
122,3,-3.22346
122,4,-3.86697
122,5,-4.18318
122,6,-4.22114
122,7,-4.0386
122,8,-3.68321
122,9,-3.19288
122,10,-2.59679
122,11,-1.91753
122,12,-1.17245
122,13,-0.375161
122,14,0.463603
122,15,1.33484
122,16,2.2311
122,17,3.14631
122,18,4.07536
122,19,5.01393
122,20,5.95831
122,21,6.90544
122,22,7.85275
122,23,8.79811
122,24,9.73978
122,25,10.6763
122,26,11.6067
122,27,12.5298
122,28,13.4452
122,29,14.3522
122,30,15.2505
122,31,16.1399
122,32,17.0202
122,33,17.8914
122,34,18.7536
122,35,19.6067
122,36,20.4511
122,37,21.2868
122,38,22.114
122,39,22.9331
122,40,23.7442
122,41,24.5476
122,42,25.3436
122,43,26.1325
122,44,26.9144
122,45,27.6897
122,46,28.4586
122,47,29.2214
122,48,29.9782
122,49,30.7294
122,50,31.475
122,51,32.2154
122,52,32.9509
122,53,33.6819
122,54,34.4084
122,55,35.1307
122,56,35.8491
122,57,36.5639
122,58,37.2755
122,59,37.9842
122,60,38.6904
122,61,39.3945
122,62,40.0967
122,63,40.7974
122,64,41.499
122,65,42.1997
122,66,42.8991
122,67,43.5965
122,68,44.2915
122,69,44.9834
122,70,45.6715
122,71,46.3552
122,72,47.0338
122,73,47.7066
122,74,48.3728
122,75,49.0317
122,76,49.6826
122,77,50.3247
122,78,50.9572
122,79,51.5795
122,80,52.1906
122,81,52.7899
122,82,53.3765
122,83,53.9497
122,84,54.5086
122,85,55.0524
122,86,55.5803
122,87,56.0913
122,88,56.5844
122,89,57.0587
122,90,57.5131
122,91,57.9462
122,92,58.3569
122,93,58.7435
122,94,59.1043
122,95,59.4375
122,96,59.7408
122,97,60.0117
122,98,60.2473
122,99,60.444
122,100,60.5979
122,101,60.7045
122,102,60.7582
122,103,60.7527
122,104,60.6808
122,105,60.5338
122,106,60.3018
122,107,59.9732
122,108,59.5348
122,109,58.9711
122,110,58.2645
122,111,57.395
122,112,56.34
122,113,55.0744
122,114,53.5706
122,115,51.7986
122,116,49.7261
122,117,47.3192
122,118,44.5429
122,119,41.362
122,120,37.7433
122,121,33.6585
122,122,29.0876
122,123,24.038
122,124,18.5387
122,125,12.8169
122,126,7.0684
122,127,2.87076
122,128,0
123,0,0
123,1,-1.23925
123,2,-2.36631
123,3,-3.05858
123,4,-3.26734
123,5,-3.08953
123,6,-2.63107
123,7,-1.97434
123,8,-1.17933
123,9,-0.288186
123,10,0.669825
123,11,1.67316
123,12,2.7065
123,13,3.75867
123,14,4.82144
123,15,5.88862
123,16,6.9554
123,17,8.0181
123,18,9.07389
123,19,10.1206
123,20,11.1566
123,21,12.1806
123,22,13.192
123,23,14.1903
123,24,15.1753
123,25,16.147
123,26,17.1057
123,27,18.0516
123,28,18.9853
123,29,19.9071
123,30,20.8176
123,31,21.7175
123,32,22.6072
123,33,23.4874
123,34,24.3586
123,35,25.2215
123,36,26.0766
123,37,26.9244
123,38,27.7656
123,39,28.6005
123,40,29.4296
123,41,30.2533
123,42,31.0722
123,43,31.8865
123,44,32.6965
123,45,33.5026
123,46,34.3049
123,47,35.1037
123,48,35.8994
123,49,36.6919
123,50,37.4815
123,51,38.2685
123,52,39.053
123,53,39.8355
123,54,40.6159
123,55,41.3947
123,56,42.1719
123,57,42.948
123,58,43.723
123,59,44.4982
123,60,45.2743
123,61,46.0499
123,62,46.8243
123,63,47.5966
123,64,48.3661
123,65,49.1322
123,66,49.8941
123,67,50.651
123,68,51.4021
123,69,52.1465
123,70,52.8835
123,71,53.6123
123,72,54.332
123,73,55.0419
123,74,55.7413
123,75,56.4292
123,76,57.1051
123,77,57.7681
123,78,58.4175
123,79,59.0527
123,80,59.6729
123,81,60.2775
123,82,60.8657
123,83,61.437
123,84,61.9906
123,85,62.5259
123,86,63.0421
123,87,63.5385
123,88,64.0143
123,89,64.4687
123,90,64.9006
123,91,65.3092
123,92,65.6932
123,93,66.0512
123,94,66.3818
123,95,66.6831
123,96,66.9532
123,97,67.1895
123,98,67.3893
123,99,67.5493
123,100,67.6656
123,101,67.7335
123,102,67.7479
123,103,67.7024
123,104,67.5896
123,105,67.4009
123,106,67.1262
123,107,66.7538
123,108,66.27
123,109,65.6588
123,110,64.9016
123,111,63.9773
123,112,62.8618
123,113,61.5279
123,114,59.9455
123,115,58.0815
123,116,55.9
123,117,53.3622
123,118,50.4269
123,119,47.0514
123,120,43.1921
123,121,38.8079
123,122,33.8622
123,123,28.3418
123,124,22.2444
123,125,15.7744
123,126,9.03773
123,127,3.87608
123,128,0
124,0,0
124,1,-1.11259
124,2,-1.90068
124,3,-1.79438
124,4,-1.13974
124,5,-0.10703
124,6,1.13935
124,7,2.50181
124,8,3.91955
124,9,5.3557
124,10,6.78776
124,11,8.20192
124,12,9.58962
124,13,10.9457
124,14,12.2672
124,15,13.5528
124,16,14.8022
124,17,16.0157
124,18,17.1941
124,19,18.3387
124,20,19.4508
124,21,20.532
124,22,21.5842
124,23,22.6092
124,24,23.6092
124,25,24.5862
124,26,25.5421
124,27,26.4788
124,28,27.3982
124,29,28.302
124,30,29.1919
124,31,30.0695
124,32,30.9362
124,33,31.7932
124,34,32.6419
124,35,33.4834
124,36,34.3187
124,37,35.1487
124,38,35.9742
124,39,36.7961
124,40,37.6148
124,41,38.4309
124,42,39.2451
124,43,40.0577
124,44,40.869
124,45,41.6792
124,46,42.4885
124,47,43.2972
124,48,44.1056
124,49,44.9137
124,50,45.7219
124,51,46.5301
124,52,47.3385
124,53,48.1471
124,54,48.9561
124,55,49.7678
124,56,50.5806
124,57,51.3933
124,58,52.2049
124,59,53.0146
124,60,53.8215
124,61,54.6247
124,62,55.4235
124,63,56.2169
124,64,57.0038
124,65,57.7833
124,66,58.5546
124,67,59.3168
124,68,60.069
124,69,60.8103
124,70,61.5401
124,71,62.2574
124,72,62.9617
124,73,63.652
124,74,64.3279
124,75,64.9886
124,76,65.6335
124,77,66.2621
124,78,66.8739
124,79,67.4683
124,80,68.0448
124,81,68.603
124,82,69.1424
124,83,69.6626
124,84,70.1631
124,85,70.6436
124,86,71.1034
124,87,71.5421
124,88,71.9592
124,89,72.3541
124,90,72.7259
124,91,73.074
124,92,73.3973
124,93,73.6947
124,94,73.965
124,95,74.2066
124,96,74.4176
124,97,74.5958
124,98,74.7386
124,99,74.843
124,100,74.9052
124,101,74.9209
124,102,74.885
124,103,74.7914
124,104,74.6329
124,105,74.4011
124,106,74.086
124,107,73.676
124,108,73.1573
124,109,72.5136
124,110,71.7257
124,111,70.7714
124,112,69.6251
124,113,68.2578
124,114,66.6372
124,115,64.7275
124,116,62.489
124,117,59.8783
124,118,56.8488
124,119,53.3493
124,120,49.3244
124,121,44.7168
124,122,39.4666
124,123,33.5296
124,124,26.8624
124,125,19.6218
124,126,11.7589
124,127,5.41682
124,128,0
125,0,0
125,1,0.0877617
125,2,0.436816
125,3,2.18709
125,4,4.34269
125,5,6.69048
125,6,9.04544
125,7,11.3336
125,8,13.5202
125,9,15.5926
125,10,17.5488
125,11,19.3919
125,12,21.1277
125,13,22.7627
125,14,24.304
125,15,25.7584
125,16,27.1329
125,17,28.4341
125,18,29.6682
125,19,30.8411
125,20,31.9583
125,21,33.0253
125,22,34.047
125,23,35.0285
125,24,35.9743
125,25,36.8886
125,26,37.7754
125,27,38.6384
125,28,39.4808
125,29,40.3056
125,30,41.1157
125,31,41.9134
125,32,42.701
125,33,43.4804
125,34,44.2534
125,35,45.0215
125,36,45.7861
125,37,46.5484
125,38,47.3093
125,39,48.0697
125,40,48.8303
125,41,49.5916
125,42,50.354
125,43,51.1181
125,44,51.8839
125,45,52.6516
125,46,53.4215
125,47,54.1935
125,48,54.968
125,49,55.746
125,50,56.5282
125,51,57.3129
125,52,58.099
125,53,58.8856
125,54,59.6715
125,55,60.4561
125,56,61.2381
125,57,62.0168
125,58,62.791
125,59,63.5597
125,60,64.3218
125,61,65.0763
125,62,65.8223
125,63,66.5588
125,64,67.2848
125,65,67.9996
125,66,68.7024
125,67,69.3923
125,68,70.0686
125,69,70.7307
125,70,71.3779
125,71,72.0097
125,72,72.6256
125,73,73.2252
125,74,73.8079
125,75,74.3735
125,76,74.9216
125,77,75.4519
125,78,75.9641
125,79,76.4581
125,80,76.9336
125,81,77.3904
125,82,77.8284
125,83,78.2474
125,84,78.6471
125,85,79.0275
125,86,79.3882
125,87,79.7291
125,88,80.0498
125,89,80.3498
125,90,80.6289
125,91,80.8862
125,92,81.1212
125,93,81.3329
125,94,81.5203
125,95,81.6821
125,96,81.8165
125,97,81.9218
125,98,81.9955
125,99,82.0349
125,100,82.0365
125,101,81.9964
125,102,81.9097
125,103,81.7707
125,104,81.5726
125,105,81.3073
125,106,80.9652
125,107,80.5349
125,108,80.0027
125,109,79.3525
125,110,78.5644
125,111,77.6151
125,112,76.4786
125,113,75.1254
125,114,73.5236
125,115,71.6363
125,116,69.4222
125,117,66.835
125,118,63.8234
125,119,60.3302
125,120,56.2916
125,121,51.6361
125,122,46.2816
125,123,40.1437
125,124,33.1022
125,125,25.2152
125,126,16.1539
125,127,8.2733
125,128,0
126,0,0
126,1,4.91924
126,2,8.44731
126,3,13.0741
126,4,17.39
126,5,21.3297
126,6,24.8583
126,7,28.0081
126,8,30.8223
126,9,33.3441
126,10,35.6118
126,11,37.6586
126,12,39.5129
126,13,41.1988
126,14,42.7369
126,15,44.1451
126,16,45.439
126,17,46.6322
126,18,47.7369
126,19,48.7639
126,20,49.7229
126,21,50.6225
126,22,51.4706
126,23,52.2742
126,24,53.0399
126,25,53.7732
126,26,54.4794
126,27,55.163
126,28,55.8281
126,29,56.4783
126,30,57.1168
126,31,57.7463
126,32,58.3694
126,33,58.9881
126,34,59.6042
126,35,60.2193
126,36,60.8346
126,37,61.4513
126,38,62.0702
126,39,62.6921
126,40,63.3176
126,41,63.947
126,42,64.5805
126,43,65.2183
126,44,65.8602
126,45,66.5078
126,46,67.1604
126,47,67.817
126,48,68.4765
126,49,69.138
126,50,69.8004
126,51,70.4629
126,52,71.1243
126,53,71.7837
126,54,72.4398
126,55,73.0915
126,56,73.7377
126,57,74.3772
126,58,75.0092
126,59,75.6327
126,60,76.2467
126,61,76.8505
126,62,77.4432
126,63,78.0242
126,64,78.5927
126,65,79.1481
126,66,79.6901
126,67,80.218
126,68,80.7315
126,69,81.2302
126,70,81.7139
126,71,82.1823
126,72,82.6352
126,73,83.0725
126,74,83.4941
126,75,83.8999
126,76,84.2899
126,77,84.664
126,78,85.0223
126,79,85.3649
126,80,85.6917
126,81,86.0028
126,82,86.2983
126,83,86.5781
126,84,86.8424
126,85,87.0911
126,86,87.3241
126,87,87.5414
126,88,87.7429
126,89,87.9284
126,90,88.0975
126,91,88.2498
126,92,88.385
126,93,88.5021
126,94,88.6006
126,95,88.6792
126,96,88.7366
126,97,88.7714
126,98,88.7815
126,99,88.7645
126,100,88.7177
126,101,88.6376
126,102,88.52
126,103,88.36
126,104,88.1517
126,105,87.8882
126,106,87.5609
126,107,87.1597
126,108,86.6725
126,109,86.0841
126,110,85.3753
126,111,84.523
126,112,83.5012
126,113,82.282
126,114,80.8336
126,115,79.12
126,116,77.1
126,117,74.7273
126,118,71.9492
126,119,68.7061
126,120,64.9303
126,121,60.5431
126,122,55.4491
126,123,49.5355
126,124,42.6203
126,125,34.6178
126,126,24.7346
126,127,15.0656
126,128,0
127,0,0
127,1,22.9242
127,2,32.793
127,3,40.6108
127,4,46.5411
127,5,51.144
127,6,54.7972
127,7,57.7584
127,8,60.2026
127,9,62.2509
127,10,63.9893
127,11,65.4805
127,12,66.7711
127,13,67.8972
127,14,68.8867
127,15,69.7622
127,16,70.5419
127,17,71.2412
127,18,71.8731
127,19,72.4487
127,20,72.9798
127,21,73.473
127,22,73.9347
127,23,74.3708
127,24,74.7861
127,25,75.1851
127,26,75.5717
127,27,75.9492
127,28,76.3204
127,29,76.6878
127,30,77.0535
127,31,77.4193
127,32,77.7865
127,33,78.1563
127,34,78.5298
127,35,78.9077
127,36,79.2904
127,37,79.6785
127,38,80.0723
127,39,80.4725
127,40,80.8791
127,41,81.2912
127,42,81.7079
127,43,82.1284
127,44,82.5518
127,45,82.9772
127,46,83.4037
127,47,83.8303
127,48,84.2562
127,49,84.6801
127,50,85.1012
127,51,85.5185
127,52,85.9311
127,53,86.3383
127,54,86.7394
127,55,87.1336
127,56,87.5202
127,57,87.8987
127,58,88.2685
127,59,88.6293
127,60,88.9806
127,61,89.3221
127,62,89.6535
127,63,89.9747
127,64,90.2854
127,65,90.5856
127,66,90.8751
127,67,91.154
127,68,91.4223
127,69,91.6799
127,70,91.927
127,71,92.1636
127,72,92.3899
127,73,92.6059
127,74,92.8118
127,75,93.0078
127,76,93.194
127,77,93.3705
127,78,93.5375
127,79,93.6952
127,80,93.8437
127,81,93.9831
127,82,94.1136
127,83,94.2353
127,84,94.3482
127,85,94.4525
127,86,94.548
127,87,94.6349
127,88,94.713
127,89,94.7822
127,90,94.8423
127,91,94.8931
127,92,94.9341
127,93,94.9649
127,94,94.9849
127,95,94.9932
127,96,94.9889
127,97,94.9708
127,98,94.9374
127,99,94.8869
127,100,94.8169
127,101,94.7248
127,102,94.6072
127,103,94.4599
127,104,94.2778
127,105,94.0547
127,106,93.7826
127,107,93.452
127,108,93.0509
127,109,92.5652
127,110,91.9789
127,111,91.2803
127,112,90.4491
127,113,89.4629
127,114,88.2964
127,115,86.9202
127,116,85.3007
127,117,83.3994
127,118,81.1726
127,119,78.5706
127,120,75.537
127,121,72.0063
127,122,67.8993
127,123,63.1176
127,124,57.4958
127,125,50.8745
127,126,42.2563
127,127,32.2101
127,128,0
128,0,100
128,1,100
128,2,100
128,3,100
128,4,100
128,5,100
128,6,100
128,7,100
128,8,100
128,9,100
128,10,100
128,11,100
128,12,100
128,13,100
128,14,100
128,15,100
128,16,100
128,17,100
128,18,100
128,19,100
128,20,100
128,21,100
128,22,100
128,23,100
128,24,100
128,25,100
128,26,100
128,27,100
128,28,100
128,29,100
128,30,100
128,31,100
128,32,100
128,33,100
128,34,100
128,35,100
128,36,100
128,37,100
128,38,100
128,39,100
128,40,100
128,41,100
128,42,100
128,43,100
128,44,100
128,45,100
128,46,100
128,47,100
128,48,100
128,49,100
128,50,100
128,51,100
128,52,100
128,53,100
128,54,100
128,55,100
128,56,100
128,57,100
128,58,100
128,59,100
128,60,100
128,61,100
128,62,100
128,63,100
128,64,100
128,65,100
128,66,100
128,67,100
128,68,100
128,69,100
128,70,100
128,71,100
128,72,100
128,73,100
128,74,100
128,75,100
128,76,100
128,77,100
128,78,100
128,79,100
128,80,100
128,81,100
128,82,100
128,83,100
128,84,100
128,85,100
128,86,100
128,87,100
128,88,100
128,89,100
128,90,100
128,91,100
128,92,100
128,93,100
128,94,100
128,95,100
128,96,100
128,97,100
128,98,100
128,99,100
128,100,100
128,101,100
128,102,100
128,103,100
128,104,100
128,105,100
128,106,100
128,107,100
128,108,100
128,109,100
128,110,100
128,111,100
128,112,100
128,113,100
128,114,100
128,115,100
128,116,100
128,117,100
128,118,100
128,119,100
128,120,100
128,121,100
128,122,100
128,123,100
128,124,100
128,125,100
128,126,100
128,127,100
128,128,100
