row,column,value
0,0,0
0,1,0
0,2,0
0,3,0
0,4,0
0,5,0
0,6,0
0,7,0
0,8,0
0,9,0
0,10,0
0,11,0
0,12,0
0,13,0
0,14,0
0,15,0
0,16,0
0,17,0
0,18,0
0,19,0
0,20,0
0,21,0
0,22,0
0,23,0
0,24,0
0,25,0
0,26,0
0,27,0
0,28,0
0,29,0
0,30,0
0,31,0
0,32,0
0,33,0
0,34,0
0,35,0
0,36,0
0,37,0
0,38,0
0,39,0
0,40,0
0,41,0
0,42,0
0,43,0
0,44,0
0,45,0
0,46,0
0,47,0
0,48,0
0,49,0
0,50,0
0,51,0
0,52,0
0,53,0
0,54,0
0,55,0
0,56,0
0,57,0
0,58,0
0,59,0
0,60,0
0,61,0
0,62,0
0,63,0
0,64,0
0,65,0
0,66,0
0,67,0
0,68,0
0,69,0
0,70,0
0,71,0
0,72,0
0,73,0
0,74,0
0,75,0
0,76,0
0,77,0
0,78,0
0,79,0
0,80,0
0,81,0
0,82,0
0,83,0
0,84,0
0,85,0
0,86,0
0,87,0
0,88,0
0,89,0
0,90,0
0,91,0
0,92,0
0,93,0
0,94,0
0,95,0
0,96,0
0,97,0
0,98,0
0,99,0
0,100,0
0,101,0
0,102,0
0,103,0
0,104,0
0,105,0
0,106,0
0,107,0
0,108,0
0,109,0
0,110,0
0,111,0
0,112,0
0,113,0
0,114,0
0,115,0
0,116,0
0,117,0
0,118,0
0,119,0
0,120,0
0,121,0
0,122,0
0,123,0
0,124,0
0,125,0
0,126,0
0,127,0
0,128,0
1,0,0
1,1,-0.00178173
1,2,-0.00399241
1,3,-0.0056285
1,4,-0.00659166
1,5,-0.00693281
1,6,-0.00678407
1,7,-0.00626837
1,8,-0.00549115
1,9,-0.0045351
1,10,-0.00346343
1,11,-0.00232302
1,12,-0.00114758
1,13,3.96713e-05
1,14,0.0012233
1,15,0.00239381
1,16,0.00354677
1,17,0.00468161
1,18,0.00580068
1,19,0.00690826
1,20,0.00800986
1,21,0.00911168
1,22,0.01022
1,23,0.0113407
1,24,0.0124791
1,25,0.0136396
1,26,0.0148259
1,27,0.0160402
1,28,0.0172837
1,29,0.0185563
1,30,0.0198564
1,31,0.0211812
1,32,0.0225268
1,33,0.023888
1,34,0.0252584
1,35,0.0266307
1,36,0.0279964
1,37,0.0293462
1,38,0.0306698
1,39,0.0319562
1,40,0.0331935
1,41,0.0343694
1,42,0.0354707
1,43,0.0364838
1,44,0.0373947
1,45,0.0381892
1,46,0.0388528
1,47,0.0393708
1,48,0.039729
1,49,0.0399131
1,50,0.0399092
1,51,0.0397041
1,52,0.0392854
1,53,0.0386414
1,54,0.0377616
1,55,0.036637
1,56,0.0352598
1,57,0.033624
1,58,0.0317256
1,59,0.0295625
1,60,0.0271349
1,61,0.0244456
1,62,0.0214996
1,63,0.018305
1,64,0.0148721
1,65,0.0112142
1,66,0.00734643
1,67,0.0032855
1,68,-0.000952715
1,69,-0.00534538
1,70,-0.00985919
1,71,-0.0144573
1,72,-0.0191007
1,73,-0.0237486
1,74,-0.0283589
1,75,-0.0328878
1,76,-0.0372906
1,77,-0.0415218
1,78,-0.0455359
1,79,-0.0492877
1,80,-0.0527331
1,81,-0.05583
1,82,-0.0585387
1,83,-0.0608229
1,84,-0.0626507
1,85,-0.0639946
1,86,-0.0648332
1,87,-0.0651511
1,88,-0.0649398
1,89,-0.0641982
1,90,-0.0629326
1,91,-0.0611575
1,92,-0.0588951
1,93,-0.0561755
1,94,-0.0530366
1,95,-0.0495239
1,96,-0.0456903
1,97,-0.0415919
1,98,-0.0372847
1,99,-0.0328276
1,100,-0.0282805
1,101,-0.0237028
1,102,-0.0191525
1,103,-0.0146848
1,104,-0.010351
1,105,-0.00619772
1,106,-0.00226597
1,107,0.00140898
1,108,0.00480279
1,109,0.0079032
1,110,0.0107034
1,111,0.0131996
1,112,0.015391
1,113,0.0172781
1,114,0.0188617
1,115,0.0201406
1,116,0.021109
1,117,0.0217539
1,118,0.0220519
1,119,0.0219657
1,120,0.0214411
1,121,0.0204052
1,122,0.0187682
1,123,0.0164315
1,124,0.0133244
1,125,0.00945098
1,126,0.00513303
1,127,0.00110545
1,128,0
2,0,0
2,1,-0.00537709
2,2,-0.0108036
2,3,-0.0146711
2,4,-0.0168872
2,5,-0.017598
2,6,-0.0170967
2,7,-0.015664
2,8,-0.0135477
2,9,-0.0109487
2,10,-0.00802546
2,11,-0.00489839
2,12,-0.0016563
2,13,0.00163795
2,14,0.00494117
2,15,0.00822588
2,16,0.0114782
2,17,0.0146945
2,18,0.0178789
2,19,0.0210409
2,20,0.0241934
2,21,0.027351
2,22,0.0305285
2,23,0.03374
2,24,0.0369983
2,25,0.0403142
2,26,0.0436955
2,27,0.0471471
2,28,0.0506704
2,29,0.0542634
2,30,0.0579205
2,31,0.0616326
2,32,0.0653873
2,33,0.0691689
2,34,0.0729586
2,35,0.0767347
2,36,0.080473
2,37,0.0841465
2,38,0.087726
2,39,0.0911803
2,40,0.0944761
2,41,0.0975788
2,42,0.100452
2,43,0.103058
2,44,0.10536
2,45,0.107317
2,46,0.108892
2,47,0.110046
2,48,0.11074
2,49,0.110939
2,50,0.110605
2,51,0.109706
2,52,0.108211
2,53,0.10609
2,54,0.10332
2,55,0.0998784
2,56,0.0957488
2,57,0.0909189
2,58,0.0853821
2,59,0.079137
2,60,0.0721885
2,61,0.064548
2,62,0.0562334
2,63,0.0472697
2,64,0.0376888
2,65,0.0275291
2,66,0.0168346
2,67,0.00565332
2,68,-0.00596656
2,69,-0.0179572
2,70,-0.0302277
2,71,-0.0426813
2,72,-0.0552161
2,73,-0.0677256
2,74,-0.0800998
2,75,-0.0922254
2,76,-0.103987
2,77,-0.115267
2,78,-0.125949
2,79,-0.135918
2,80,-0.145062
2,81,-0.153273
2,82,-0.16045
2,83,-0.166502
2,84,-0.171348
2,85,-0.174918
2,86,-0.177157
2,87,-0.178025
2,88,-0.177501
2,89,-0.175581
2,90,-0.172278
2,91,-0.16763
2,92,-0.16169
2,93,-0.154533
2,94,-0.146253
2,95,-0.136964
2,96,-0.126797
2,97,-0.115898
2,98,-0.104416
2,99,-0.0925019
2,100,-0.0803119
2,101,-0.0680017
2,102,-0.055724
2,103,-0.0436252
2,104,-0.0318427
2,105,-0.0205021
2,106,-0.00971576
2,107,0.000419049
2,108,0.00982668
2,109,0.018463
2,110,0.0263024
2,111,0.0333267
2,112,0.0395255
2,113,0.0448928
2,114,0.0494233
2,115,0.0531072
2,116,0.055924
2,117,0.0578362
2,118,0.0587819
2,119,0.0586679
2,120,0.0573643
2,121,0.0547023
2,122,0.0504842
2,123,0.044504
2,124,0.0366303
2,125,0.0269009
2,126,0.015989
2,127,0.00530568
2,128,0
3,0,0
3,1,-0.0115866
3,2,-0.0213615
3,3,-0.0280711
3,4,-0.0317536
3,5,-0.032722
3,6,-0.0314566
3,7,-0.0284341
3,8,-0.0240846
3,9,-0.01877
3,10,-0.0127827
3,11,-0.0063509
3,12,0.000353154
3,13,0.00720364
3,14,0.0141111
3,15,0.0210181
3,16,0.0278928
3,17,0.034724
3,18,0.0415156
3,19,0.0482817
3,20,0.0550433
3,21,0.0618249
3,22,0.0686519
3,23,0.075549
3,24,0.082538
3,25,0.0896364
3,26,0.0968561
3,27,0.104203
3,28,0.111676
3,29,0.119266
3,30,0.12696
3,31,0.134733
3,32,0.142558
3,33,0.150398
3,34,0.158212
3,35,0.165952
3,36,0.173565
3,37,0.180993
3,38,0.188174
3,39,0.195042
3,40,0.201527
3,41,0.207557
3,42,0.213057
3,43,0.217952
3,44,0.222163
3,45,0.225613
3,46,0.228225
3,47,0.229924
3,48,0.230636
3,49,0.230291
3,50,0.228822
3,51,0.226168
3,52,0.222271
3,53,0.217083
3,54,0.210562
3,55,0.202673
3,56,0.193393
3,57,0.182706
3,58,0.170609
3,59,0.157109
3,60,0.142226
3,61,0.125992
3,62,0.108451
3,63,0.0896635
3,64,0.0696994
3,65,0.0486425
3,66,0.0265878
3,67,0.00363622
3,68,-0.0201004
3,69,-0.0444706
3,70,-0.0692954
3,71,-0.094387
3,72,-0.119548
3,73,-0.144575
3,74,-0.169255
3,75,-0.193373
3,76,-0.216708
3,77,-0.239039
3,78,-0.260147
3,79,-0.279815
3,80,-0.297832
3,81,-0.313998
3,82,-0.328126
3,83,-0.340045
3,84,-0.349601
3,85,-0.356665
3,86,-0.361134
3,87,-0.362932
3,88,-0.362015
3,89,-0.358373
3,90,-0.35203
3,91,-0.343049
3,92,-0.331526
3,93,-0.317597
3,94,-0.301434
3,95,-0.283241
3,96,-0.26326
3,97,-0.241761
3,98,-0.219036
3,99,-0.195379
3,100,-0.171089
3,101,-0.146468
3,102,-0.121813
3,103,-0.0974131
3,104,-0.0735416
3,105,-0.0504513
3,106,-0.0283711
3,107,-0.007502
3,108,0.0119852
3,109,0.0299737
3,110,0.0463928
3,111,0.0611889
3,112,0.0743235
3,113,0.0857676
3,114,0.0954945
3,115,0.103471
3,116,0.109645
3,117,0.113937
3,118,0.116226
3,119,0.11634
3,120,0.114051
3,121,0.109075
3,122,0.101096
3,123,0.0898091
3,124,0.0750463
3,125,0.0569304
3,126,0.0364427
3,127,0.0154823
3,128,0
4,0,0
4,1,-0.0191137
4,2,-0.0337162
4,3,-0.0433
4,4,-0.0482062
4,5,-0.0490164
4,6,-0.0464365
4,7,-0.0411572
4,8,-0.033803
4,9,-0.0249073
4,10,-0.0149081
4,11,-0.0041531
4,12,0.00709083
4,13,0.0186228
4,14,0.0302984
4,15,0.0420233
4,16,0.0537429
4,17,0.0654339
4,18,0.077096
4,19,0.0887456
4,20,0.10041
4,21,0.112121
4,22,0.123916
4,23,0.135828
4,24,0.147884
4,25,0.160107
4,26,0.17251
4,27,0.185095
4,28,0.197852
4,29,0.210762
4,30,0.223794
4,31,0.236903
4,32,0.250035
4,33,0.263125
4,34,0.276099
4,35,0.288872
4,36,0.301352
4,37,0.313439
4,38,0.325026
4,39,0.336
4,40,0.346245
4,41,0.35564
4,42,0.364062
4,43,0.371385
4,44,0.377484
4,45,0.382236
4,46,0.385518
4,47,0.387212
4,48,0.387204
4,49,0.385389
4,50,0.381666
4,51,0.375946
4,52,0.36815
4,53,0.35821
4,54,0.346071
4,55,0.331694
4,56,0.315054
4,57,0.296143
4,58,0.274971
4,59,0.251565
4,60,0.225973
4,61,0.198262
4,62,0.168517
4,63,0.136847
4,64,0.103376
4,65,0.0682515
4,66,0.0316346
4,67,-0.0063034
4,68,-0.0453596
4,69,-0.0852747
4,70,-0.125769
4,71,-0.166547
4,72,-0.207304
4,73,-0.247722
4,74,-0.287474
4,75,-0.326228
4,76,-0.363647
4,77,-0.399393
4,78,-0.433132
4,79,-0.464535
4,80,-0.493284
4,81,-0.519075
4,82,-0.541624
4,83,-0.560671
4,84,-0.575985
4,85,-0.587368
4,86,-0.59466
4,87,-0.597742
4,88,-0.596544
4,89,-0.591043
4,90,-0.58127
4,91,-0.56731
4,92,-0.549302
4,93,-0.527443
4,94,-0.501984
4,95,-0.473229
4,96,-0.441531
4,97,-0.407296
4,98,-0.370966
4,99,-0.333012
4,100,-0.293905
4,101,-0.254116
4,102,-0.214115
4,103,-0.174363
4,104,-0.135299
4,105,-0.0973349
4,106,-0.0608485
4,107,-0.0261767
4,108,0.00638358
4,109,0.0366003
4,110,0.0643232
4,111,0.0894411
4,112,0.111865
4,113,0.131525
4,114,0.148352
4,115,0.162275
4,116,0.173197
4,117,0.180982
4,118,0.185443
4,119,0.186321
4,120,0.183291
4,121,0.175957
4,122,0.163893
4,123,0.1467
4,124,0.124162
4,125,0.0964161
4,126,0.0645259
4,127,0.0304774
4,128,0
5,0,0
5,1,-0.027324
5,2,-0.0468856
5,3,-0.0591269
5,4,-0.0648141
5,5,-0.0648822
5,6,-0.0603028
5,7,-0.0520009
5,8,-0.0408045
5,9,-0.0274241
5,10,-0.012448
5,11,0.00365204
5,12,0.0205074
5,13,0.0378354
5,14,0.0554334
5,15,0.0731656
5,16,0.0909497
5,17,0.108746
5,18,0.126547
5,19,0.144367
5,20,0.162239
5,21,0.180202
5,22,0.198296
5,23,0.216561
5,24,0.235028
5,25,0.253718
5,26,0.272639
5,27,0.291783
5,28,0.311128
5,29,0.330632
5,30,0.35024
5,31,0.369877
5,32,0.389454
5,33,0.408866
5,34,0.427995
5,35,0.44671
5,36,0.464867
5,37,0.482313
5,38,0.498887
5,39,0.51442
5,40,0.528737
5,41,0.541659
5,42,0.553008
5,43,0.562602
5,44,0.570262
5,45,0.575813
5,46,0.579085
5,47,0.579915
5,48,0.578149
5,49,0.573647
5,50,0.566278
5,51,0.55593
5,52,0.542506
5,53,0.525928
5,54,0.506138
5,55,0.4831
5,56,0.4568
5,57,0.427249
5,58,0.394483
5,59,0.358564
5,60,0.319581
5,61,0.277648
5,62,0.232908
5,63,0.185532
5,64,0.135714
5,65,0.0836769
5,66,0.0296645
5,67,-0.0260639
5,68,-0.0831914
5,69,-0.141341
5,70,-0.200124
5,71,-0.25913
5,72,-0.317936
5,73,-0.376104
5,74,-0.433187
5,75,-0.488729
5,76,-0.54227
5,77,-0.593353
5,78,-0.641521
5,79,-0.686329
5,80,-0.727346
5,81,-0.764161
5,82,-0.796387
5,83,-0.823672
5,84,-0.845697
5,85,-0.862192
5,86,-0.872934
5,87,-0.877754
5,88,-0.876548
5,89,-0.869275
5,90,-0.855963
5,91,-0.836715
5,92,-0.811708
5,93,-0.781193
5,94,-0.745498
5,95,-0.705022
5,96,-0.660237
5,97,-0.611676
5,98,-0.559936
5,99,-0.505662
5,100,-0.449528
5,101,-0.392202
5,102,-0.334346
5,103,-0.276615
5,104,-0.219641
5,105,-0.164021
5,106,-0.110312
5,107,-0.059015
5,108,-0.0105816
5,109,0.0346013
5,110,0.0762588
5,111,0.114196
5,112,0.148251
5,113,0.178286
5,114,0.204177
5,115,0.225793
5,116,0.242976
5,117,0.255527
5,118,0.263179
5,119,0.26559
5,120,0.262333
5,121,0.252906
5,122,0.236772
5,123,0.213434
5,124,0.18258
5,125,0.144265
5,126,0.0994048
5,127,0.0497242
5,128,0
6,0,0
6,1,-0.0354645
6,2,-0.0596815
6,3,-0.0740679
6,4,-0.0798797
6,5,-0.0784633
6,6,-0.0710898
6,7,-0.0589345
6,8,-0.0430342
6,9,-0.0242763
6,10,-0.00339673
6,11,0.01901
6,12,0.0424711
6,13,0.0666249
6,14,0.0912092
6,15,0.116045
6,16,0.141019
6,17,0.166074
6,18,0.191192
6,19,0.216385
6,20,0.241685
6,21,0.267132
6,22,0.292768
6,23,0.318632
6,24,0.344752
6,25,0.371142
6,26,0.397795
6,27,0.424688
6,28,0.451774
6,29,0.478984
6,30,0.506226
6,31,0.533385
6,32,0.560328
6,33,0.5869
6,34,0.612928
6,35,0.638223
6,36,0.662581
6,37,0.685788
6,38,0.707617
6,39,0.727836
6,40,0.746206
6,41,0.762485
6,42,0.776432
6,43,0.787809
6,44,0.796379
6,45,0.801917
6,46,0.804206
6,47,0.803041
6,48,0.798234
6,49,0.789614
6,50,0.777031
6,51,0.760356
6,52,0.739485
6,53,0.714341
6,54,0.684875
6,55,0.651066
6,56,0.612926
6,57,0.570497
6,58,0.523857
6,59,0.473113
6,60,0.41841
6,61,0.359923
6,62,0.297865
6,63,0.232478
6,64,0.16404
6,65,0.0928583
6,66,0.0192703
6,67,-0.0563608
6,68,-0.133595
6,69,-0.211942
6,70,-0.290897
6,71,-0.369939
6,72,-0.448524
6,73,-0.526097
6,74,-0.602089
6,75,-0.675922
6,76,-0.747016
6,77,-0.814791
6,78,-0.878674
6,79,-0.938102
6,80,-0.992531
6,81,-1.04144
6,82,-1.08434
6,83,-1.12079
6,84,-1.15037
6,85,-1.17274
6,86,-1.1876
6,87,-1.19473
6,88,-1.19398
6,89,-1.18529
6,90,-1.16868
6,91,-1.14424
6,92,-1.11219
6,93,-1.07282
6,94,-1.02653
6,95,-0.973811
6,96,-0.915231
6,97,-0.851457
6,98,-0.78323
6,99,-0.711359
6,100,-0.636709
6,101,-0.560171
6,102,-0.482626
6,103,-0.404938
6,104,-0.327949
6,105,-0.252464
6,106,-0.179239
6,107,-0.10897
6,108,-0.0422867
6,109,0.0202459
6,110,0.0781787
6,111,0.131197
6,112,0.179042
6,113,0.221489
6,114,0.258333
6,115,0.289368
6,116,0.314363
6,117,0.333041
6,118,0.345054
6,119,0.349969
6,120,0.347258
6,121,0.336314
6,122,0.316483
6,123,0.28714
6,124,0.247825
6,125,0.198397
6,126,0.139427
6,127,0.0721356
6,128,0
7,0,0
7,1,-0.0429563
7,2,-0.0711335
7,3,-0.0868838
7,4,-0.0919763
7,5,-0.0881962
7,6,-0.0771346
7,7,-0.0602271
7,8,-0.0387206
7,9,-0.0136752
7,10,0.0140314
7,11,0.0436833
7,12,0.074709
7,13,0.106672
7,14,0.139253
7,15,0.17223
7,16,0.205462
7,17,0.238871
7,18,0.272428
7,19,0.306136
7,20,0.340023
7,21,0.374123
7,22,0.408476
7,23,0.443111
7,24,0.478044
7,25,0.513274
7,26,0.548773
7,27,0.58449
7,28,0.620344
7,29,0.656227
7,30,0.692003
7,31,0.727506
7,32,0.762546
7,33,0.796908
7,34,0.830357
7,35,0.862635
7,36,0.893471
7,37,0.922581
7,38,0.949667
7,39,0.974428
7,40,0.996558
7,41,1.01575
7,42,1.0317
7,43,1.0441
7,44,1.05268
7,45,1.05716
7,46,1.05728
7,47,1.05281
7,48,1.04351
7,49,1.02922
7,50,1.00976
7,51,0.985002
7,52,0.95485
7,53,0.919241
7,54,0.878145
7,55,0.831574
7,56,0.779577
7,57,0.722241
7,58,0.659697
7,59,0.592112
7,60,0.519695
7,61,0.442695
7,62,0.3614
7,63,0.276137
7,64,0.187271
7,65,0.0952008
7,66,0.000361503
7,67,-0.09677
7,68,-0.195631
7,69,-0.295628
7,70,-0.396147
7,71,-0.496554
7,72,-0.596194
7,73,-0.694395
7,74,-0.790473
7,75,-0.883733
7,76,-0.973479
7,77,-1.05901
7,78,-1.13965
7,79,-1.2147
7,80,-1.28353
7,81,-1.34549
7,82,-1.4
7,83,-1.4465
7,84,-1.48451
7,85,-1.51357
7,86,-1.53334
7,87,-1.54351
7,88,-1.54389
7,89,-1.53438
7,90,-1.51496
7,91,-1.48575
7,92,-1.44696
7,93,-1.39893
7,94,-1.34209
7,95,-1.27702
7,96,-1.20439
7,97,-1.12498
7,98,-1.03967
7,99,-0.949428
7,100,-0.855286
7,101,-0.758345
7,102,-0.659724
7,103,-0.560526
7,104,-0.461823
7,105,-0.36464
7,106,-0.269956
7,107,-0.178681
7,108,-0.0916512
7,109,-0.00962275
7,110,0.0667407
7,111,0.136956
7,112,0.200643
7,113,0.257468
7,114,0.307126
7,115,0.349318
7,116,0.383723
7,117,0.409978
7,118,0.427643
7,119,0.43619
7,120,0.434988
7,121,0.423314
7,122,0.400386
7,123,0.365419
7,124,0.317747
7,125,0.256941
7,126,0.183089
7,127,0.0967602
7,128,0
8,0,0
8,1,-0.049286
8,2,-0.0803532
8,3,-0.0964189
8,4,-0.0997593
8,5,-0.0926031
8,6,-0.0768673
8,7,-0.0542487
8,8,-0.0261994
8,9,0.00605592
8,10,0.041503
8,11,0.079309
8,12,0.118816
8,13,0.15952
8,14,0.20105
8,15,0.243147
8,16,0.28564
8,17,0.328433
8,18,0.371479
8,19,0.414772
8,20,0.458327
8,21,0.50217
8,22,0.546325
8,23,0.590807
8,24,0.635611
8,25,0.680708
8,26,0.726041
8,27,0.771519
8,28,0.817017
8,29,0.862378
8,30,0.907409
8,31,0.951883
8,32,0.995544
8,33,1.03811
8,34,1.07927
8,35,1.11869
8,36,1.15604
8,37,1.19094
8,38,1.22303
8,39,1.25193
8,40,1.27728
8,41,1.29869
8,42,1.31581
8,43,1.32829
8,44,1.33579
8,45,1.33799
8,46,1.33461
8,47,1.32538
8,48,1.31008
8,49,1.28851
8,50,1.2605
8,51,1.22595
8,52,1.18475
8,53,1.1369
8,54,1.08238
8,55,1.02125
8,56,0.95362
8,57,0.879626
8,58,0.799463
8,59,0.713367
8,60,0.621622
8,61,0.524553
8,62,0.422533
8,63,0.315973
8,64,0.205328
8,65,0.0910939
8,66,-0.0262002
8,67,-0.145961
8,68,-0.267521
8,69,-0.39019
8,70,-0.513254
8,71,-0.635972
8,72,-0.757585
8,73,-0.877312
8,74,-0.994361
8,75,-1.10793
8,76,-1.2172
8,77,-1.32137
8,78,-1.41964
8,79,-1.51123
8,80,-1.59535
8,81,-1.67129
8,82,-1.73833
8,83,-1.79583
8,84,-1.8432
8,85,-1.8799
8,86,-1.90548
8,87,-1.9196
8,88,-1.92198
8,89,-1.91247
8,90,-1.89102
8,91,-1.85774
8,92,-1.81282
8,93,-1.75663
8,94,-1.68964
8,95,-1.61249
8,96,-1.52594
8,97,-1.43086
8,98,-1.32827
8,99,-1.21928
8,100,-1.10511
8,101,-0.987016
8,102,-0.866353
8,103,-0.744471
8,104,-0.622702
8,105,-0.502323
8,106,-0.384544
8,107,-0.270514
8,108,-0.161295
8,109,-0.0578582
8,110,0.0389114
8,111,0.1283
8,112,0.209776
8,113,0.282873
8,114,0.347167
8,115,0.402247
8,116,0.447691
8,117,0.483033
8,118,0.507734
8,119,0.521162
8,120,0.522576
8,121,0.511127
8,122,0.485883
8,123,0.445872
8,124,0.390173
8,125,0.317999
8,126,0.228883
8,127,0.122673
8,128,0
9,0,0
9,1,-0.0540188
9,2,-0.0865629
9,3,-0.101641
9,4,-0.102014
9,5,-0.0903403
9,6,-0.0688556
9,7,-0.0395085
9,8,-0.00394724
9,9,0.036449
9,10,0.080533
9,11,0.127375
9,12,0.176244
9,13,0.226577
9,14,0.27796
9,15,0.330098
9,16,0.382797
9,17,0.435937
9,18,0.489455
9,19,0.543328
9,20,0.597554
9,21,0.652142
9,22,0.707094
9,23,0.762397
9,24,0.818017
9,25,0.873887
9,26,0.929908
9,27,0.985938
9,28,1.0418
9,29,1.09727
9,30,1.15209
9,31,1.20597
9,32,1.25858
9,33,1.30954
9,34,1.35848
9,35,1.40499
9,36,1.44864
9,37,1.489
9,38,1.52562
9,39,1.55805
9,40,1.58586
9,41,1.60862
9,42,1.62591
9,43,1.63734
9,44,1.64253
9,45,1.64113
9,46,1.63285
9,47,1.61741
9,48,1.59458
9,49,1.56415
9,50,1.526
9,51,1.48003
9,52,1.42619
9,53,1.36448
9,54,1.29496
9,55,1.21773
9,56,1.13297
9,57,1.04087
9,58,0.941709
9,59,0.835787
9,60,0.723468
9,61,0.605159
9,62,0.481314
9,63,0.352433
9,64,0.219057
9,65,0.0817711
9,66,-0.0587987
9,67,-0.201961
9,68,-0.346958
9,69,-0.493013
9,70,-0.639318
9,71,-0.785038
9,72,-0.929315
9,73,-1.07127
9,74,-1.21001
9,75,-1.34462
9,76,-1.47419
9,77,-1.5978
9,78,-1.71455
9,79,-1.82354
9,80,-1.92389
9,81,-2.01476
9,82,-2.09533
9,83,-2.16486
9,84,-2.22263
9,85,-2.26804
9,86,-2.30053
9,87,-2.31967
9,88,-2.32511
9,89,-2.31664
9,90,-2.29416
9,91,-2.25774
9,92,-2.20757
9,93,-2.14399
9,94,-2.06754
9,95,-1.97886
9,96,-1.8788
9,97,-1.76833
9,98,-1.64857
9,99,-1.52078
9,100,-1.38632
9,101,-1.24667
9,102,-1.10335
9,103,-0.957943
9,104,-0.812044
9,105,-0.667216
9,106,-0.524944
9,107,-0.386626
9,108,-0.253572
9,109,-0.126989
9,110,-0.00799004
9,111,0.102442
9,112,0.203571
9,113,0.294779
9,114,0.375502
9,115,0.445201
9,116,0.503334
9,117,0.549321
9,118,0.582513
9,119,0.602163
9,120,0.607407
9,121,0.597259
9,122,0.570619
9,123,0.526305
9,124,0.463102
9,125,0.379834
9,126,0.275445
9,127,0.149062
9,128,0
10,0,0
10,1,-0.0567707
10,2,-0.0890649
10,3,-0.101612
10,4,-0.0976252
10,5,-0.0801676
10,6,-0.0517755
10,7,-0.0146341
10,8,0.029431
10,9,0.0788932
10,10,0.132497
10,11,0.189232
10,12,0.248307
10,13,0.309114
10,14,0.371202
10,15,0.434248
10,16,0.498032
10,17,0.562415
10,18,0.627313
10,19,0.692682
10,20,0.758496
10,21,0.824736
10,22,0.891374
10,23,0.958361
10,24,1.02562
10,25,1.09304
10,26,1.16045
10,27,1.22767
10,28,1.29445
10,29,1.36049
10,30,1.42546
10,31,1.48898
10,32,1.55064
10,33,1.61
10,34,1.66659
10,35,1.71991
10,36,1.76946
10,37,1.81474
10,38,1.85522
10,39,1.89039
10,40,1.91976
10,41,1.94284
10,42,1.95918
10,43,1.96834
10,44,1.96993
10,45,1.9636
10,46,1.94901
10,47,1.92591
10,48,1.89408
10,49,1.85334
10,50,1.80358
10,51,1.74475
10,52,1.67683
10,53,1.5999
10,54,1.51405
10,55,1.41947
10,56,1.31638
10,57,1.20506
10,58,1.08585
10,59,0.959124
10,60,0.825335
10,61,0.684964
10,62,0.538545
10,63,0.386659
10,64,0.229928
10,65,0.0690212
10,66,-0.0953516
10,67,-0.262418
10,68,-0.431347
10,69,-0.601284
10,70,-0.771336
10,71,-0.940582
10,72,-1.10808
10,73,-1.27285
10,74,-1.4339
10,75,-1.59024
10,76,-1.74084
10,77,-1.88469
10,78,-2.02077
10,79,-2.14808
10,80,-2.26563
10,81,-2.37246
10,82,-2.46765
10,83,-2.55033
10,84,-2.61971
10,85,-2.67504
10,86,-2.71567
10,87,-2.74108
10,88,-2.75084
10,89,-2.74464
10,90,-2.72234
10,91,-2.68394
10,92,-2.6296
10,93,-2.55966
10,94,-2.47465
10,95,-2.37524
10,96,-2.26234
10,97,-2.13699
10,98,-2.00042
10,99,-1.85401
10,100,-1.69929
10,101,-1.53789
10,102,-1.37154
10,103,-1.20206
10,104,-1.03125
10,105,-0.860964
10,106,-0.692985
10,107,-0.529015
10,108,-0.370634
10,109,-0.219305
10,110,-0.0763876
10,111,0.0568751
10,112,0.179464
10,113,0.290582
10,114,0.389507
10,115,0.475554
10,116,0.548045
10,117,0.606273
10,118,0.649463
10,119,0.676744
10,120,0.687119
10,121,0.679448
10,122,0.65245
10,123,0.604712
10,124,0.534714
10,125,0.440875
10,126,0.321562
10,127,0.175221
10,128,0
11,0,0
11,1,-0.0571989
11,2,-0.0872297
11,3,-0.0954781
11,4,-0.0855755
11,5,-0.0609547
11,6,-0.0244247
11,7,0.0216205
11,8,0.0751935
11,9,0.134644
11,10,0.198633
11,11,0.266091
11,12,0.33618
11,13,0.408259
11,14,0.481852
11,15,0.556611
11,16,0.632298
11,17,0.708748
11,18,0.785857
11,19,0.863551
11,20,0.941776
11,21,1.02048
11,22,1.09958
11,23,1.17899
11,24,1.25858
11,25,1.33818
11,26,1.41755
11,27,1.49644
11,28,1.57451
11,29,1.65139
11,30,1.72667
11,31,1.79989
11,32,1.87054
11,33,1.93809
11,34,2.00199
11,35,2.06167
11,36,2.11655
11,37,2.16604
11,38,2.20956
11,39,2.24655
11,40,2.27645
11,41,2.29875
11,42,2.31296
11,43,2.31862
11,44,2.31532
11,45,2.30271
11,46,2.28048
11,47,2.24838
11,48,2.2062
11,49,2.15383
11,50,2.09118
11,51,2.01824
11,52,1.93508
11,53,1.8418
11,54,1.73859
11,55,1.62568
11,56,1.50336
11,57,1.372
11,58,1.23199
11,59,1.08381
11,60,0.927961
11,61,0.765006
11,62,0.595552
11,63,0.420251
11,64,0.2398
11,65,0.0549373
11,66,-0.133555
11,67,-0.324844
11,68,-0.518039
11,69,-0.712213
11,70,-0.906402
11,71,-1.09961
11,72,-1.2908
11,73,-1.47892
11,74,-1.66289
11,75,-1.84162
11,76,-2.014
11,77,-2.17889
11,78,-2.3352
11,79,-2.4818
11,80,-2.61759
11,81,-2.7415
11,82,-2.8525
11,83,-2.9496
11,84,-3.03188
11,85,-3.09849
11,86,-3.14866
11,87,-3.18176
11,88,-3.19725
11,89,-3.19475
11,90,-3.17402
11,91,-3.135
11,92,-3.07779
11,93,-3.00271
11,94,-2.91025
11,95,-2.80113
11,96,-2.67626
11,97,-2.53676
11,98,-2.38394
11,99,-2.2193
11,100,-2.04451
11,101,-1.86138
11,102,-1.67184
11,103,-1.47789
11,104,-1.28162
11,105,-1.0851
11,106,-0.890411
11,107,-0.69956
11,108,-0.514467
11,109,-0.33689
11,110,-0.168453
11,111,-0.0106545
11,112,0.135164
11,113,0.267969
11,114,0.38686
11,115,0.49099
11,116,0.579528
11,117,0.651624
11,118,0.706368
11,119,0.742748
11,120,0.759622
11,121,0.755689
11,122,0.729472
11,123,0.679321
11,124,0.603407
11,125,0.499756
11,126,0.366196
11,127,0.200559
11,128,0
12,0,0
12,1,-0.05499
12,2,-0.0804837
12,3,-0.0824654
12,4,-0.0649419
12,5,-0.0316749
12,6,0.0142909
12,7,0.0703811
12,8,0.134471
12,9,0.204825
12,10,0.280043
12,11,0.359018
12,12,0.440887
12,13,0.52499
12,14,0.610832
12,15,0.698051
12,16,0.786387
12,17,0.875656
12,18,0.965723
12,19,1.05648
12,20,1.14784
12,21,1.2397
12,22,1.33193
12,23,1.42439
12,24,1.51687
12,25,1.60912
12,26,1.70086
12,27,1.79172
12,28,1.8813
12,29,1.96914
12,30,2.05472
12,31,2.13749
12,32,2.21688
12,33,2.29225
12,34,2.36298
12,35,2.42841
12,36,2.48788
12,37,2.54076
12,38,2.5864
12,39,2.62419
12,40,2.65355
12,41,2.67392
12,42,2.6848
12,43,2.68573
12,44,2.67631
12,45,2.65618
12,46,2.62507
12,47,2.58274
12,48,2.52906
12,49,2.46392
12,50,2.3873
12,51,2.29926
12,52,2.19991
12,53,2.08944
12,54,1.96807
12,55,1.83613
12,56,1.69397
12,57,1.54203
12,58,1.38077
12,59,1.21073
12,60,1.03249
12,61,0.846669
12,62,0.653944
12,63,0.455027
12,64,0.250676
12,65,0.0416871
12,66,-0.1711
12,67,-0.38681
12,68,-0.604502
12,69,-0.823187
12,70,-1.04184
12,71,-1.25938
12,72,-1.47471
12,73,-1.6867
12,74,-1.89419
12,75,-2.09598
12,76,-2.29089
12,77,-2.47768
12,78,-2.65515
12,79,-2.82206
12,80,-2.97721
12,81,-3.11941
12,82,-3.2475
12,83,-3.36038
12,84,-3.45698
12,85,-3.53635
12,86,-3.5976
12,87,-3.63995
12,88,-3.66276
12,89,-3.66554
12,90,-3.64796
12,91,-3.60984
12,92,-3.55125
12,93,-3.47243
12,94,-3.37385
12,95,-3.25621
12,96,-3.12044
12,97,-2.96771
12,98,-2.79939
12,99,-2.6171
12,100,-2.42263
12,101,-2.21794
12,102,-2.00517
12,103,-1.78654
12,104,-1.56437
12,105,-1.341
12,106,-1.11878
12,107,-0.900023
12,108,-0.686953
12,109,-0.481689
12,110,-0.286185
12,111,-0.102218
12,112,0.0685869
12,113,0.224856
12,114,0.365488
12,115,0.489452
12,116,0.595753
12,117,0.683382
12,118,0.751278
12,119,0.798279
12,120,0.823087
12,121,0.824228
12,122,0.800028
12,123,0.748597
12,124,0.667809
12,125,0.55532
12,126,0.408481
12,127,0.224593
12,128,0
13,0,0
13,1,-0.0498566
13,2,-0.0683038
13,3,-0.0618674
13,4,-0.0348843
13,5,0.00860293
13,6,0.0653557
13,7,0.132648
13,8,0.208267
13,9,0.290422
13,10,0.377687
13,11,0.468939
13,12,0.563309
13,13,0.660133
13,14,0.75891
13,15,0.859269
13,16,0.960931
13,17,1.06369
13,18,1.16738
13,19,1.27185
13,20,1.37696
13,21,1.48257
13,22,1.58847
13,23,1.69445
13,24,1.80023
13,25,1.90549
13,26,2.00983
13,27,2.11282
13,28,2.21396
13,29,2.31268
13,30,2.40839
13,31,2.50043
13,32,2.58815
13,33,2.67082
13,34,2.74773
13,35,2.81817
13,36,2.88142
13,37,2.93677
13,38,2.98354
13,39,3.02108
13,40,3.04879
13,41,3.0661
13,42,3.0725
13,43,3.06755
13,44,3.05084
13,45,3.02207
13,46,2.98098
13,47,2.92739
13,48,2.8612
13,49,2.78237
13,50,2.69094
13,51,2.58703
13,52,2.4708
13,53,2.34251
13,54,2.20247
13,55,2.05105
13,56,1.88868
13,57,1.71585
13,58,1.5331
13,59,1.34103
13,60,1.14026
13,61,0.931473
13,62,0.715405
13,63,0.492815
13,64,0.26451
13,65,0.0313324
13,66,-0.205836
13,67,-0.446091
13,68,-0.688449
13,69,-0.931868
13,70,-1.17526
13,71,-1.41749
13,72,-1.65739
13,73,-1.89376
13,74,-2.12534
13,75,-2.35089
13,76,-2.5691
13,77,-2.77866
13,78,-2.97826
13,79,-3.16656
13,80,-3.34223
13,81,-3.50398
13,82,-3.65052
13,83,-3.78061
13,84,-3.89307
13,85,-3.98679
13,86,-4.06075
13,87,-4.11405
13,88,-4.14591
13,89,-4.15571
13,90,-4.143
13,91,-4.10751
13,92,-4.04919
13,93,-3.96823
13,94,-3.86503
13,95,-3.74026
13,96,-3.59485
13,97,-3.42999
13,98,-3.24711
13,99,-3.04791
13,100,-2.8343
13,101,-2.6084
13,102,-2.37252
13,103,-2.12911
13,104,-1.88073
13,105,-1.62998
13,106,-1.37952
13,107,-1.13194
13,108,-0.889804
13,109,-0.65554
13,110,-0.431453
13,111,-0.219689
13,112,-0.0221763
13,113,0.159352
13,114,0.323524
13,115,0.469109
13,116,0.594925
13,117,0.699794
13,118,0.78249
13,119,0.84169
13,120,0.875931
13,121,0.883562
13,122,0.862709
13,123,0.81125
13,124,0.72678
13,125,0.606626
13,126,0.447726
13,127,0.246946
13,128,0
14,0,0
14,1,-0.0415324
14,2,-0.0502096
14,3,-0.0330409
14,4,0.00535715
14,5,0.0607152
14,6,0.129636
14,7,0.209302
14,8,0.297455
14,9,0.392289
14,10,0.492383
14,11,0.596628
14,12,0.704171
14,13,0.814359
14,14,0.926696
14,15,1.04081
14,16,1.1564
14,17,1.27323
14,18,1.39111
14,19,1.50984
14,20,1.62922
14,21,1.74904
14,22,1.86902
14,23,1.98888
14,24,2.10824
14,25,2.22668
14,26,2.34374
14,27,2.45885
14,28,2.57144
14,29,2.68083
14,30,2.78633
14,31,2.88721
14,32,2.98271
14,33,3.07203
14,34,3.1544
14,35,3.22902
14,36,3.29514
14,37,3.35199
14,38,3.39888
14,39,3.43512
14,40,3.4601
14,41,3.47326
14,42,3.47411
14,43,3.4622
14,44,3.43719
14,45,3.39879
14,46,3.3468
14,47,3.28108
14,48,3.20159
14,49,3.10836
14,50,3.00148
14,51,2.88114
14,52,2.74757
14,53,2.60108
14,54,2.44205
14,55,2.27091
14,56,2.08816
14,57,1.89434
14,58,1.69003
14,59,1.47589
14,60,1.2526
14,61,1.02089
14,62,0.781517
14,63,0.535294
14,64,0.283062
14,65,0.0257006
14,66,-0.235879
14,67,-0.500754
14,68,-0.767905
14,69,-1.03624
14,70,-1.30463
14,71,-1.57188
14,72,-1.83675
14,73,-2.09797
14,74,-2.35424
14,75,-2.6042
14,76,-2.84649
14,77,-3.0797
14,78,-3.3024
14,79,-3.51317
14,80,-3.71056
14,81,-3.89316
14,82,-4.05955
14,83,-4.20835
14,84,-4.33826
14,85,-4.448
14,86,-4.53643
14,87,-4.60248
14,88,-4.64524
14,89,-4.66394
14,90,-4.65799
14,91,-4.62699
14,92,-4.57079
14,93,-4.48945
14,94,-4.38332
14,95,-4.25302
14,96,-4.09942
14,97,-3.92373
14,98,-3.72742
14,99,-3.51223
14,100,-3.2802
14,101,-3.03358
14,102,-2.77486
14,103,-2.50671
14,104,-2.23191
14,105,-1.95336
14,106,-1.67401
14,107,-1.39677
14,108,-1.12452
14,109,-0.860057
14,110,-0.606008
14,111,-0.364865
14,112,-0.138927
14,113,0.0696999
14,114,0.259261
14,115,0.428303
14,116,0.575442
14,117,0.699315
14,118,0.79852
14,119,0.871563
14,120,0.916808
14,121,0.932425
14,122,0.916344
14,123,0.866224
14,124,0.779407
14,125,0.652933
14,126,0.483402
14,127,0.267339
14,128,0
15,0,0
15,1,-0.0297707
15,2,-0.0257611
15,3,0.00459741
15,4,0.0564655
15,5,0.125392
15,6,0.20789
15,7,0.301104
15,8,0.40278
15,9,0.511141
15,10,0.624807
15,11,0.742714
15,12,0.864047
15,13,0.988183
15,14,1.11464
15,15,1.24304
15,16,1.37308
15,17,1.5045
15,18,1.63704
15,19,1.77048
15,20,1.90453
15,21,2.0389
15,22,2.17326
15,23,2.3072
15,24,2.44028
15,25,2.57196
15,26,2.70167
15,27,2.82876
15,28,2.95254
15,29,3.07225
15,30,3.18709
15,31,3.29624
15,32,3.39887
15,33,3.4941
15,34,3.5811
15,35,3.65903
15,36,3.72707
15,37,3.78445
15,38,3.83044
15,39,3.86436
15,40,3.8856
15,41,3.8936
15,42,3.88791
15,43,3.86812
15,44,3.83391
15,45,3.78505
15,46,3.7214
15,47,3.64287
15,48,3.54949
15,49,3.44133
15,50,3.31857
15,51,3.18144
15,52,3.03024
15,53,2.86535
15,54,2.6872
15,55,2.49628
15,56,2.29313
15,57,2.07834
15,58,1.85254
15,59,1.61644
15,60,1.37073
15,61,1.1162
15,62,0.85364
15,63,0.583884
15,64,0.307805
15,65,0.0263077
15,66,-0.259673
15,67,-0.549203
15,68,-0.841236
15,69,-1.13464
15,70,-1.42824
15,71,-1.72078
15,72,-2.01098
15,73,-2.29752
15,74,-2.579
15,75,-2.85402
15,76,-3.12113
15,77,-3.37882
15,78,-3.62559
15,79,-3.8599
15,80,-4.0802
15,81,-4.28495
15,82,-4.4726
15,83,-4.64165
15,84,-4.79063
15,85,-4.91813
15,86,-5.02285
15,87,-5.10355
15,88,-5.15917
15,89,-5.18877
15,90,-5.1916
15,91,-5.16713
15,92,-5.11504
15,93,-5.0353
15,94,-4.92814
15,95,-4.79407
15,96,-4.63395
15,97,-4.44894
15,98,-4.2405
15,99,-4.01046
15,100,-3.76091
15,101,-3.49425
15,102,-3.21311
15,103,-2.92038
15,104,-2.6191
15,105,-2.31242
15,106,-2.00361
15,107,-1.69592
15,108,-1.39257
15,109,-1.09672
15,110,-0.811362
15,111,-0.539353
15,112,-0.283341
15,113,-0.0457782
15,114,0.171102
15,115,0.365513
15,116,0.535855
15,117,0.680572
15,118,0.79807
15,119,0.886676
15,120,0.944579
15,121,0.969768
15,122,0.959985
15,123,0.912686
15,124,0.824988
15,125,0.693692
15,126,0.515135
15,127,0.285585
15,128,0
16,0,0
16,1,-0.0143441
16,2,0.00544192
16,3,0.0515719
16,4,0.119033
16,5,0.203269
16,6,0.300766
16,7,0.408693
16,8,0.524856
16,9,0.647554
16,10,0.775491
16,11,0.907677
16,12,1.04336
16,13,1.18196
16,14,1.32303
16,15,1.46619
16,16,1.61112
16,17,1.75753
16,18,1.90512
16,19,2.05359
16,20,2.2026
16,21,2.35177
16,22,2.50066
16,23,2.64878
16,24,2.79557
16,25,2.9404
16,26,3.08258
16,27,3.22137
16,28,3.35596
16,29,3.4855
16,30,3.60911
16,31,3.72588
16,32,3.83489
16,33,3.93523
16,34,4.026
16,35,4.10632
16,36,4.17534
16,37,4.23228
16,38,4.2764
16,39,4.30703
16,40,4.32358
16,41,4.32552
16,42,4.31243
16,43,4.28394
16,44,4.2398
16,45,4.17982
16,46,4.10391
16,47,4.01206
16,48,3.90435
16,49,3.78092
16,50,3.642
16,51,3.48789
16,52,3.31895
16,53,3.1356
16,54,2.93833
16,55,2.72767
16,56,2.50421
16,57,2.26858
16,58,2.02145
16,59,1.76354
16,60,1.4956
16,61,1.21842
16,62,0.932826
16,63,0.63968
16,64,0.339871
16,65,0.034325
16,66,-0.276008
16,67,-0.590184
16,68,-0.907137
16,69,-1.22571
16,70,-1.54466
16,71,-1.86273
16,72,-2.17857
16,73,-2.49079
16,74,-2.79797
16,75,-3.09862
16,76,-3.39121
16,77,-3.67418
16,78,-3.94591
16,79,-4.20479
16,80,-4.44914
16,81,-4.67731
16,82,-4.88762
16,83,-5.07844
16,84,-5.24814
16,85,-5.39517
16,86,-5.51804
16,87,-5.61537
16,88,-5.68589
16,89,-5.7285
16,90,-5.74228
16,91,-5.72651
16,92,-5.68073
16,93,-5.60473
16,94,-5.49861
16,95,-5.36279
16,96,-5.19802
16,97,-5.00541
16,98,-4.78641
16,99,-4.54286
16,100,-4.27691
16,101,-3.99106
16,102,-3.68812
16,103,-3.37115
16,104,-3.04343
16,105,-2.70842
16,106,-2.36967
16,107,-2.0308
16,108,-1.6954
16,109,-1.36699
16,110,-1.04898
16,111,-0.744596
16,112,-0.456883
16,113,-0.188653
16,114,0.0575021
16,115,0.279303
16,116,0.474832
16,117,0.642325
16,118,0.779993
16,119,0.88598
16,120,0.95829
16,121,0.994737
16,122,0.992884
16,123,0.95
16,124,0.863013
16,125,0.728526
16,126,0.542681
16,127,0.301574
16,128,0
17,0,0
17,1,0.00495552
17,2,0.0437588
17,3,0.108336
17,4,0.193574
17,5,0.294884
17,6,0.408801
17,7,0.532586
17,8,0.664165
17,9,0.801968
17,10,0.944822
17,11,1.09185
17,12,1.24238
17,13,1.3959
17,14,1.552
17,15,1.7103
17,16,1.87048
17,17,2.0322
17,18,2.19513
17,19,2.35887
17,20,2.52302
17,21,2.68709
17,22,2.85055
17,23,3.0128
17,24,3.17317
17,25,3.33093
17,26,3.48528
17,27,3.63536
17,28,3.78027
17,29,3.91906
17,30,4.05078
17,31,4.17443
17,32,4.28904
17,33,4.39364
17,34,4.48728
17,35,4.56907
17,36,4.63815
17,37,4.69371
17,38,4.73505
17,39,4.76151
17,40,4.77252
17,41,4.7676
17,42,4.74637
17,43,4.70851
17,44,4.65383
17,45,4.5822
17,46,4.49359
17,47,4.38806
17,48,4.26573
17,49,4.12682
17,50,3.97161
17,51,3.80045
17,52,3.61376
17,53,3.41201
17,54,3.19571
17,55,2.96545
17,56,2.72185
17,57,2.46556
17,58,2.1973
17,59,1.91779
17,60,1.62783
17,61,1.32821
17,62,1.01979
17,63,0.703428
17,64,0.380046
17,65,0.0505789
17,66,-0.284007
17,67,-0.622764
17,68,-0.964612
17,69,-1.30836
17,70,-1.65276
17,71,-1.99649
17,72,-2.33817
17,73,-2.67638
17,74,-3.00963
17,75,-3.33637
17,76,-3.65503
17,77,-3.96396
17,78,-4.26148
17,79,-4.54586
17,80,-4.81533
17,81,-5.06813
17,82,-5.30246
17,83,-5.51654
17,84,-5.70859
17,85,-5.87691
17,86,-6.01983
17,87,-6.13578
17,88,-6.22333
17,89,-6.28115
17,90,-6.30815
17,91,-6.30341
17,92,-6.26627
17,93,-6.19634
17,94,-6.09357
17,95,-5.95822
17,96,-5.79092
17,97,-5.59268
17,98,-5.36492
17,99,-5.10944
17,100,-4.82845
17,101,-4.52452
17,102,-4.20059
17,103,-3.85991
17,104,-3.50599
17,105,-3.14257
17,106,-2.77352
17,107,-2.40282
17,108,-2.03445
17,109,-1.67234
17,110,-1.32031
17,111,-0.982031
17,112,-0.660937
17,113,-0.36025
17,114,-0.0829415
17,115,0.168271
17,116,0.391083
17,117,0.583421
17,118,0.743259
17,119,0.868554
17,120,0.957135
17,121,1.00664
17,122,1.01446
17,123,0.977706
17,124,0.893137
17,125,0.757205
17,126,0.565916
17,127,0.315265
17,128,0
18,0,0
18,1,0.0283134
18,2,0.0894995
18,3,0.175279
18,4,0.280517
18,5,0.400676
18,6,0.53242
18,7,0.673177
18,8,0.82106
18,9,0.974685
18,10,1.13305
18,11,1.29541
18,12,1.46123
18,13,1.63005
18,14,1.80152
18,15,1.97528
18,16,2.15097
18,17,2.32825
18,18,2.50668
18,19,2.68583
18,20,2.86518
18,21,3.04415
18,22,3.2221
18,23,3.39833
18,24,3.57204
18,25,3.74239
18,26,3.90848
18,27,4.06935
18,28,4.22399
18,29,4.37138
18,30,4.51047
18,31,4.64022
18,32,4.75959
18,33,4.86758
18,34,4.96321
18,35,5.04557
18,36,5.1138
18,37,5.16713
18,38,5.20484
18,39,5.22632
18,40,5.23104
18,41,5.21857
18,42,5.18857
18,43,5.14079
18,44,5.0751
18,45,4.99142
18,46,4.88979
18,47,4.77033
18,48,4.63321
18,49,4.47872
18,50,4.30718
18,51,4.119
18,52,3.91463
18,53,3.69458
18,54,3.45941
18,55,3.20973
18,56,2.94619
18,57,2.66948
18,58,2.38032
18,59,2.07947
18,60,1.76772
18,61,1.44591
18,62,1.11488
18,63,0.775529
18,64,0.428776
18,65,0.0755722
18,66,-0.283105
18,67,-0.6463
18,68,-1.01293
18,69,-1.3818
18,70,-1.75161
18,71,-2.12103
18,72,-2.48865
18,73,-2.85301
18,74,-3.21257
18,75,-3.56577
18,76,-3.91095
18,77,-4.24641
18,78,-4.5704
18,79,-4.8811
18,80,-5.17667
18,81,-5.45521
18,82,-5.71482
18,83,-5.95358
18,84,-6.16956
18,85,-6.3609
18,86,-6.52575
18,87,-6.66236
18,88,-6.76908
18,89,-6.84441
18,90,-6.887
18,91,-6.89573
18,92,-6.86972
18,93,-6.80839
18,94,-6.71146
18,95,-6.57902
18,96,-6.41155
18,97,-6.20992
18,98,-5.97547
18,99,-5.70994
18,100,-5.41554
18,101,-5.09489
18,102,-4.75104
18,103,-4.38741
18,104,-4.00772
18,105,-3.61598
18,106,-3.21641
18,107,-2.81334
18,108,-2.41116
18,109,-2.01424
18,110,-1.62686
18,111,-1.25312
18,112,-0.896916
18,113,-0.561914
18,114,-0.251496
18,115,0.0312207
18,116,0.283423
18,117,0.502743
18,118,0.686896
18,119,0.833576
18,120,0.940423
18,121,1.00491
18,122,1.02428
18,123,0.995483
18,124,0.915152
18,125,0.779622
18,126,0.584812
18,127,0.326675
18,128,0
19,0,0
19,1,0.0558891
19,2,0.142928
19,3,0.252724
19,4,0.380205
19,5,0.520983
19,6,0.671934
19,7,0.830737
19,8,0.995763
19,9,1.16587
19,10,1.34027
19,11,1.51841
19,12,1.69987
19,13,1.88432
19,14,2.07143
19,15,2.26086
19,16,2.45227
19,17,2.64522
19,18,2.83926
19,19,3.03383
19,20,3.22834
19,21,3.42211
19,22,3.61436
19,23,3.80429
19,24,3.99099
19,25,4.1735
19,26,4.35082
19,27,4.52187
19,28,4.68558
19,29,4.84084
19,30,4.98653
19,31,5.12155
19,32,5.24484
19,33,5.35534
19,34,5.45209
19,35,5.53416
19,36,5.60071
19,37,5.65098
19,38,5.6843
19,39,5.70008
19,40,5.69786
19,41,5.67724
19,42,5.63795
19,43,5.57982
19,44,5.50273
19,45,5.40671
19,46,5.29184
19,47,5.15829
19,48,5.0063
19,49,4.83619
19,50,4.64835
19,51,4.44322
19,52,4.22128
19,53,3.98309
19,54,3.72924
19,55,3.46036
19,56,3.17712
19,57,2.88023
19,58,2.57043
19,59,2.2485
19,60,1.91524
19,61,1.5715
19,62,1.21814
19,63,0.856065
19,64,0.486204
19,65,0.109517
19,66,-0.273006
19,67,-0.660405
19,68,-1.05161
19,69,-1.4454
19,70,-1.84048
19,71,-2.23548
19,72,-2.62899
19,73,-3.01952
19,74,-3.40551
19,75,-3.78535
19,76,-4.15734
19,77,-4.51975
19,78,-4.87075
19,79,-5.20846
19,80,-5.53094
19,81,-5.83622
19,82,-6.12226
19,83,-6.38702
19,84,-6.62843
19,85,-6.84446
19,86,-7.03309
19,87,-7.19237
19,88,-7.32045
19,89,-7.41558
19,90,-7.47621
19,91,-7.50096
19,92,-7.48873
19,93,-7.43867
19,94,-7.35028
19,95,-7.22344
19,96,-7.05841
19,97,-6.85591
19,98,-6.61712
19,99,-6.34371
19,100,-6.03784
19,101,-5.70214
19,102,-5.33974
19,103,-4.95418
19,104,-4.54939
19,105,-4.12966
19,106,-3.69952
19,107,-3.26368
19,108,-2.82696
19,109,-2.39418
19,110,-1.97011
19,111,-1.55934
19,112,-1.16626
19,113,-0.795012
19,114,-0.44944
19,115,-0.133092
19,116,0.15077
19,117,0.399314
19,118,0.609988
19,119,0.780259
19,120,0.907536
19,121,0.989082
19,122,1.022
19,123,1.00312
19,124,0.928958
19,125,0.795765
19,126,0.599414
19,127,0.33586
19,128,0
20,0,0
20,1,0.0878153
20,2,0.204256
20,3,0.34092
20,4,0.492894
20,5,0.656037
20,6,0.827539
20,7,1.00541
20,8,1.18836
20,9,1.37555
20,10,1.56646
20,11,1.76074
20,12,1.95816
20,13,2.15846
20,14,2.3614
20,15,2.56667
20,16,2.77387
20,17,2.98256
20,18,3.19219
20,19,3.40212
20,20,3.61165
20,21,3.81999
20,22,4.02626
20,23,4.22952
20,24,4.42875
20,25,4.6229
20,26,4.81084
20,27,4.99143
20,28,5.16348
20,29,5.32583
20,30,5.47731
20,31,5.61678
20,32,5.74312
20,33,5.8553
20,34,5.95232
20,35,6.03328
20,36,6.09735
20,37,6.14382
20,38,6.17204
20,39,6.1815
20,40,6.17175
20,41,6.14249
20,42,6.09349
20,43,6.02462
20,44,5.93586
20,45,5.82727
20,46,5.699
20,47,5.55126
20,48,5.38436
20,49,5.19865
20,50,4.99457
20,51,4.77258
20,52,4.53322
20,53,4.27706
20,54,4.00473
20,55,3.71686
20,56,3.41416
20,57,3.09736
20,58,2.7672
20,59,2.42448
20,60,2.07002
20,61,1.70467
20,62,1.3293
20,63,0.944831
20,64,0.552197
20,65,0.152368
20,66,-0.253656
20,67,-0.664916
20,68,-1.08035
20,69,-1.49875
20,70,-1.9188
20,71,-2.33913
20,72,-2.75833
20,73,-3.17488
20,74,-3.58722
20,75,-3.99372
20,76,-4.39265
20,77,-4.78224
20,78,-5.16061
20,79,-5.52584
20,80,-5.8759
20,81,-6.20874
20,82,-6.52221
20,83,-6.81416
20,84,-7.08239
20,85,-7.32469
20,86,-7.53887
20,87,-7.72279
20,88,-7.87437
20,89,-7.99164
20,90,-8.0728
20,91,-8.11622
20,92,-8.1205
20,93,-8.08455
20,94,-8.00759
20,95,-7.88924
20,96,-7.72953
20,97,-7.52894
20,98,-7.28849
20,99,-7.0097
20,100,-6.69462
20,101,-6.34588
20,102,-5.96661
20,103,-5.56047
20,104,-5.13157
20,105,-4.68443
20,106,-4.2239
20,107,-3.75508
20,108,-3.28322
20,109,-2.81363
20,110,-2.35158
20,111,-1.90221
20,112,-1.47045
20,113,-1.06096
20,114,-0.678093
20,115,-0.325867
20,116,-0.00798144
20,117,0.272178
20,118,0.511739
20,119,0.707908
20,120,0.857875
20,121,0.95872
20,122,1.00735
20,123,1.00048
20,124,0.934526
20,125,0.805688
20,126,0.609821
20,127,0.34291
20,128,0
21,0,0
21,1,0.124195
21,2,0.273642
21,3,0.440041
21,4,0.618743
21,5,0.805968
21,6,0.999317
21,7,1.19723
21,8,1.39883
21,9,1.60364
21,10,1.81145
21,11,2.02219
21,12,2.23577
21,13,2.4521
21,14,2.67099
21,15,2.89215
21,16,3.11518
21,17,3.33956
21,18,3.56468
21,19,3.7898
21,20,4.01412
21,21,4.23672
21,22,4.45661
21,23,4.67275
21,24,4.88399
21,25,5.08917
21,26,5.28707
21,27,5.47647
21,28,5.6561
21,29,5.82475
21,30,5.98119
21,31,6.12426
21,32,6.25282
21,33,6.36583
21,34,6.46232
21,35,6.5414
21,36,6.60227
21,37,6.64425
21,38,6.66675
21,39,6.66931
21,40,6.65155
21,41,6.6132
21,42,6.55411
21,43,6.47421
21,44,6.37354
21,45,6.25221
21,46,6.11041
21,47,5.94843
21,48,5.76659
21,49,5.56532
21,50,5.34506
21,51,5.10633
21,52,4.84968
21,53,4.57573
21,54,4.2851
21,55,3.97848
21,56,3.65658
21,57,3.32013
21,58,2.96991
21,59,2.60673
21,60,2.23141
21,61,1.84481
21,62,1.44783
21,63,1.04137
21,64,0.626391
21,65,0.203863
21,66,-0.225207
21,67,-0.659858
21,68,-1.09905
21,69,-1.54158
21,70,-1.98615
21,71,-2.4314
21,72,-2.8759
21,73,-3.31815
21,74,-3.75659
21,75,-4.18957
21,76,-4.61536
21,77,-5.03217
21,78,-5.43809
21,79,-5.83113
21,80,-6.20925
21,81,-6.57029
21,82,-6.91204
21,83,-7.23221
21,84,-7.52848
21,85,-7.7985
21,86,-8.0399
21,87,-8.25033
21,88,-8.42752
21,89,-8.56924
21,90,-8.67342
21,91,-8.73818
21,92,-8.76181
21,93,-8.74293
21,94,-8.68046
21,95,-8.57371
21,96,-8.42242
21,97,-8.22683
21,98,-7.98769
21,99,-7.70634
21,100,-7.38469
21,101,-7.02527
21,102,-6.6312
21,103,-6.20619
21,104,-5.75449
21,105,-5.28084
21,106,-4.79039
21,107,-4.28862
21,108,-3.78122
21,109,-3.27401
21,110,-2.77279
21,111,-2.2833
21,112,-1.81103
21,113,-1.36124
21,114,-0.938841
21,115,-0.548377
21,116,-0.194041
21,117,0.120323
21,118,0.391315
21,119,0.615872
21,120,0.79095
21,121,0.913437
21,122,0.980083
21,123,0.987452
21,124,0.931868
21,125,0.809483
21,126,0.616159
21,127,0.347928
21,128,0
22,0,0
22,1,0.165101
22,2,0.351186
22,3,0.550183
22,4,0.757822
22,5,0.970797
22,6,1.18723
22,7,1.4061
22,8,1.627
22,9,1.8499
22,10,2.07496
22,11,2.30237
22,12,2.53229
22,13,2.76475
22,14,2.99963
22,15,3.23668
22,16,3.47545
22,17,3.7154
22,18,3.95582
22,19,4.19588
22,20,4.43466
22,21,4.67112
22,22,4.90418
22,23,5.13265
22,24,5.35529
22,25,5.57084
22,26,5.77799
22,27,5.97544
22,28,6.16186
22,29,6.33598
22,30,6.49656
22,31,6.64239
22,32,6.77236
22,33,6.88541
22,34,6.98059
22,35,7.05705
22,36,7.11403
22,37,7.1509
22,38,7.16711
22,39,7.16226
22,40,7.13603
22,41,7.08822
22,42,7.01872
22,43,6.92753
22,44,6.81473
22,45,6.6805
22,46,6.52508
22,47,6.34879
22,48,6.15201
22,49,5.93518
22,50,5.69881
22,51,5.44343
22,52,5.16963
22,53,4.87804
22,54,4.56933
22,55,4.24418
22,56,3.90333
22,57,3.54753
22,58,3.17759
22,59,2.7943
22,60,2.39852
22,61,1.99111
22,62,1.57297
22,63,1.14502
22,64,0.708221
22,65,0.263546
22,66,-0.187991
22,67,-0.645432
22,68,-1.10777
22,69,-1.57381
22,70,-2.04229
22,71,-2.51184
22,72,-2.98108
22,73,-3.44851
22,74,-3.91258
22,75,-4.37167
22,76,-4.82404
22,77,-5.26789
22,78,-5.70131
22,79,-6.12228
22,80,-6.52871
22,81,-6.91839
22,82,-7.28903
22,83,-7.63826
22,84,-7.96363
22,85,-8.26265
22,86,-8.53279
22,87,-8.7715
22,88,-8.97629
22,89,-9.14471
22,90,-9.2744
22,91,-9.36317
22,92,-9.40904
22,93,-9.41028
22,94,-9.36548
22,95,-9.27362
22,96,-9.13409
22,97,-8.94683
22,98,-8.71229
22,99,-8.43155
22,100,-8.10633
22,101,-7.73899
22,102,-7.33258
22,103,-6.89082
22,104,-6.41804
22,105,-5.91916
22,106,-5.3996
22,107,-4.8652
22,108,-4.3221
22,109,-3.77664
22,110,-3.23521
22,111,-2.70413
22,112,-2.18956
22,113,-1.69738
22,114,-1.23314
22,115,-0.801956
22,116,-0.408576
22,117,-0.0573297
22,118,0.247823
22,119,0.503444
22,120,0.706238
22,121,0.852888
22,122,0.939977
22,123,0.963934
22,124,0.920998
22,125,0.807253
22,126,0.618567
22,127,0.351024
22,128,0
23,0,0
23,1,0.210569
23,2,0.436928
23,3,0.671363
23,4,0.9101
23,5,1.15044
23,6,1.39114
23,7,1.6318
23,8,1.8726
23,9,2.11399
23,10,2.35656
23,11,2.60083
23,12,2.84717
23,13,3.09578
23,14,3.34662
23,15,3.59946
23,16,3.85385
23,17,4.10916
23,18,4.3646
23,19,4.61926
23,20,4.8721
23,21,5.12196
23,22,5.36764
23,23,5.60783
23,24,5.84122
23,25,6.06642
23,26,6.28207
23,27,6.48677
23,28,6.67917
23,29,6.85794
23,30,7.02182
23,31,7.16961
23,32,7.30017
23,33,7.41249
23,34,7.50564
23,35,7.57879
23,36,7.63125
23,37,7.66241
23,38,7.67181
23,39,7.65908
23,40,7.62397
23,41,7.56633
23,42,7.48612
23,43,7.38338
23,44,7.25826
23,45,7.11098
23,46,6.94182
23,47,6.75115
23,48,6.5394
23,49,6.30704
23,50,6.05459
23,51,5.78265
23,52,5.49181
23,53,5.18274
23,54,4.85612
23,55,4.51268
23,56,4.15316
23,57,3.77834
23,58,3.38902
23,59,2.98605
23,60,2.57026
23,61,2.14254
23,62,1.70379
23,63,1.25494
23,64,0.796954
23,65,0.330802
23,66,-0.142497
23,67,-0.621989
23,68,-1.1067
23,69,-1.59548
23,70,-2.08707
23,71,-2.58016
23,72,-3.07338
23,73,-3.56527
23,74,-4.05433
23,75,-4.53893
23,76,-5.01738
23,77,-5.48787
23,78,-5.94851
23,79,-6.39727
23,80,-6.83204
23,81,-7.25057
23,82,-7.65051
23,83,-8.02941
23,84,-8.38472
23,85,-8.71383
23,86,-9.01405
23,87,-9.28265
23,88,-9.51692
23,89,-9.71415
23,90,-9.87175
23,91,-9.9872
23,92,-10.0582
23,93,-10.0827
23,94,-10.0588
23,95,-9.98526
23,96,-9.86103
23,97,-9.68568
23,98,-9.45932
23,99,-9.1827
23,100,-8.85727
23,101,-8.48517
23,102,-8.06932
23,103,-7.61335
23,104,-7.12164
23,105,-6.59922
23,106,-6.05175
23,107,-5.48542
23,108,-4.90679
23,109,-4.32272
23,110,-3.7402
23,111,-3.16621
23,112,-2.6076
23,113,-2.07096
23,114,-1.5625
23,115,-1.08803
23,116,-0.652883
23,117,-0.261959
23,118,0.0802865
23,119,0.369851
23,120,0.60316
23,121,0.776677
23,122,0.886807
23,123,0.929844
23,124,0.901926
23,125,0.799084
23,126,0.617168
23,127,0.352301
23,128,0
24,0,0
24,1,0.260603
24,2,0.530846
24,3,0.803511
24,4,1.07545
24,5,1.34471
24,6,1.61079
24,7,1.87402
24,8,2.13522
24,9,2.39545
24,10,2.65574
24,11,2.91696
24,12,3.17975
24,13,3.44446
24,14,3.71117
24,15,3.97964
24,16,4.24941
24,17,4.5198
24,18,4.78993
24,19,5.05878
24,20,5.32519
24,21,5.58791
24,22,5.8456
24,23,6.09687
24,24,6.34029
24,25,6.5744
24,26,6.79775
24,27,7.0089
24,28,7.20645
24,29,7.38905
24,30,7.55542
24,31,7.70435
24,32,7.83475
24,33,7.94559
24,34,8.036
24,35,8.1052
24,36,8.15252
24,37,8.17743
24,38,8.17951
24,39,8.15845
24,40,8.11406
24,41,8.04624
24,42,7.95502
24,43,7.84049
24,44,7.70283
24,45,7.54233
24,46,7.3593
24,47,7.15417
24,48,6.92738
24,49,6.67946
24,50,6.41097
24,51,6.12252
24,52,5.81475
24,53,5.48834
24,54,5.14402
24,55,4.78252
24,56,4.40463
24,57,4.01113
24,58,3.60286
24,59,3.18065
24,60,2.74537
24,61,2.29792
24,62,1.8392
24,63,1.37015
24,64,0.891716
24,65,0.404878
24,66,-0.089352
24,67,-0.590021
24,68,-1.0962
24,69,-1.60676
24,70,-2.12052
24,71,-2.63619
24,72,-3.15245
24,73,-3.6679
24,74,-4.18107
24,75,-4.69038
24,76,-5.19418
24,77,-5.69069
24,78,-6.17804
24,79,-6.65423
24,80,-7.11711
24,81,-7.56445
24,82,-7.99384
24,83,-8.40279
24,84,-8.78866
24,85,-9.14872
24,86,-9.48014
24,87,-9.78003
24,88,-10.0455
24,89,-10.2735
24,90,-10.4613
24,91,-10.606
24,92,-10.705
24,93,-10.7557
24,94,-10.7562
24,95,-10.7045
24,96,-10.5992
24,97,-10.4396
24,98,-10.2252
24,99,-9.95657
24,100,-9.63466
24,101,-9.26138
24,102,-8.8394
24,103,-8.37224
24,104,-7.8642
24,105,-7.32041
24,106,-6.7467
24,107,-6.14954
24,108,-5.53591
24,109,-4.91319
24,110,-4.28899
24,111,-3.67096
24,112,-3.0667
24,113,-2.48355
24,114,-1.9285
24,115,-1.40808
24,116,-0.928332
24,117,-0.494765
24,118,-0.112395
24,119,0.214213
24,120,0.48105
24,121,0.684334
24,122,0.820283
24,123,0.885041
24,124,0.87464
24,125,0.785038
24,126,0.612062
24,127,0.351844
24,128,0
25,0,0
25,1,0.315168
25,2,0.632852
25,3,0.946479
25,4,1.25366
25,5,1.55331
25,6,1.84581
25,7,2.1323
25,8,2.41438
25,9,2.69372
25,10,2.97185
25,11,3.25006
25,12,3.52926
25,13,3.80997
25,14,4.09236
25,15,4.37624
25,16,4.66112
25,17,4.94623
25,18,5.23064
25,19,5.5132
25,20,5.79265
25,21,6.06762
25,22,6.33667
25,23,6.59831
25,24,6.85101
25,25,7.09324
25,26,7.32349
25,27,7.54027
25,28,7.74215
25,29,7.92775
25,30,8.0958
25,31,8.2451
25,32,8.37457
25,33,8.48323
25,34,8.57023
25,35,8.63483
25,36,8.67643
25,37,8.69455
25,38,8.68882
25,39,8.65899
25,40,8.60492
25,41,8.52658
25,42,8.42404
25,43,8.29744
25,44,8.14702
25,45,7.97309
25,46,7.77604
25,47,7.55632
25,48,7.31441
25,49,7.05089
25,50,6.76635
25,51,6.46143
25,52,6.13682
25,53,5.79322
25,54,5.43139
25,55,5.0521
25,56,4.65615
25,57,4.24436
25,58,3.81758
25,59,3.37667
25,60,2.9225
25,61,2.45598
25,62,1.97802
25,63,1.48955
25,64,0.991523
25,65,0.484907
25,66,-0.0293026
25,67,-0.550145
25,68,-1.07672
25,69,-1.60799
25,70,-2.14279
25,71,-2.67993
25,72,-3.21812
25,73,-3.75602
25,74,-4.29224
25,75,-4.82525
25,76,-5.35345
25,77,-5.87513
25,78,-6.38845
25,79,-6.89143
25,80,-7.38196
25,81,-7.85781
25,82,-8.31655
25,83,-8.75565
25,84,-9.17242
25,85,-9.56403
25,86,-9.92753
25,87,-10.2599
25,88,-10.558
25,89,-10.8186
25,90,-11.0387
25,91,-11.2151
25,92,-11.3448
25,93,-11.4249
25,94,-11.453
25,95,-11.4267
25,96,-11.3443
25,97,-11.2043
25,98,-11.006
25,99,-10.7494
25,100,-10.4351
25,101,-10.0646
25,102,-9.64022
25,103,-9.16534
25,104,-8.6441
25,105,-8.08161
25,106,-7.4838
25,107,-6.8574
25,108,-6.20976
25,109,-5.54875
25,110,-4.88258
25,111,-4.21965
25,112,-3.56831
25,113,-2.93672
25,114,-2.33273
25,115,-1.76368
25,116,-1.23639
25,117,-0.757076
25,118,-0.331396
25,119,0.0355449
25,120,0.339132
25,121,0.575292
25,122,0.740026
25,123,0.829313
25,124,0.83906
25,125,0.765136
25,126,0.603317
25,127,0.349718
25,128,0
26,0,0
26,1,0.374192
26,2,0.742795
26,3,1.10003
26,4,1.44441
26,5,1.77585
26,6,2.09572
26,7,2.40613
26,8,2.70947
26,9,3.00812
26,10,3.30418
26,11,3.59935
26,12,3.89485
26,13,4.19139
26,14,4.48924
26,15,4.78823
26,16,5.08785
26,17,5.38728
26,18,5.68548
26,19,5.98121
26,20,6.27311
26,21,6.55968
26,22,6.83939
26,23,7.11065
26,24,7.37186
26,25,7.62141
26,26,7.85774
26,27,8.07933
26,28,8.28471
26,29,8.47251
26,30,8.64145
26,31,8.79035
26,32,8.91815
26,33,9.02392
26,34,9.10685
26,35,9.16624
26,36,9.20155
26,37,9.21235
26,38,9.19832
26,39,9.15927
26,40,9.09512
26,41,9.00589
26,42,8.89168
26,43,8.75271
26,44,8.58926
26,45,8.40169
26,46,8.19042
26,47,7.95595
26,48,7.69882
26,49,7.41962
26,50,7.119
26,51,6.79765
26,52,6.45628
26,53,6.09564
26,54,5.71651
26,55,5.31971
26,56,4.90606
26,57,4.47641
26,58,4.03163
26,59,3.57259
26,60,3.10019
26,61,2.61534
26,62,2.11896
26,63,1.61196
26,64,1.0953
26,65,0.569923
26,66,0.0368087
26,67,-0.503079
26,68,-1.04888
26,69,-1.59961
26,70,-2.15421
26,71,-2.71152
26,72,-3.27035
26,73,-3.82944
26,74,-4.38744
26,75,-4.94294
26,76,-5.49439
26,77,-6.04016
26,78,-6.57845
26,79,-7.10736
26,80,-7.62483
26,81,-8.12861
26,82,-8.61633
26,83,-9.08542
26,84,-9.53315
26,85,-9.95663
26,86,-10.3528
26,87,-10.7185
26,88,-11.0505
26,89,-11.3453
26,90,-11.5996
26,91,-11.8099
26,92,-11.9729
26,93,-12.0854
26,94,-12.1444
26,95,-12.1471
26,96,-12.0913
26,97,-11.9751
26,98,-11.7971
26,99,-11.5569
26,100,-11.2545
26,101,-10.8911
26,102,-10.4686
26,103,-9.98992
26,104,-9.45909
26,105,-8.88109
26,106,-8.26189
26,107,-7.60836
26,108,-6.92818
26,109,-6.22969
26,110,-5.52171
26,111,-4.81333
26,112,-4.11372
26,113,-3.43195
26,114,-2.77675
26,115,-2.1564
26,116,-1.57857
26,117,-1.0503
26,118,-0.577969
26,119,-0.167307
26,120,0.176496
26,121,0.448863
26,122,0.645551
26,123,0.762351
26,124,0.795024
26,125,0.739326
26,126,0.590951
26,127,0.34596
26,128,0
27,0,0
27,1,0.437563
27,2,0.860459
27,3,1.26385
27,4,1.64729
27,5,2.01183
27,6,2.35997
27,7,2.69485
27,8,3.01977
27,9,3.33788
27,10,3.65189
27,11,3.96395
27,12,4.27558
27,13,4.58772
27,14,4.90073
27,15,5.21448
27,16,5.52843
27,17,5.84171
27,18,6.15317
27,19,6.46149
27,20,6.76518
27,21,7.06267
27,22,7.3523
27,23,7.63242
27,24,7.90134
27,25,8.15739
27,26,8.39898
27,27,8.62454
27,28,8.83261
27,29,9.0218
27,30,9.19084
27,31,9.33859
27,32,9.46401
27,33,9.5662
27,34,9.6444
27,35,9.69798
27,36,9.72642
27,37,9.72936
27,38,9.70653
27,39,9.6578
27,40,9.58314
27,41,9.48261
27,42,9.35638
27,43,9.20471
27,44,9.02793
27,45,8.82644
27,46,8.60073
27,47,8.35133
27,48,8.07883
27,49,7.78387
27,50,7.46714
27,51,7.12937
27,52,6.77133
27,53,6.3938
27,54,5.99761
27,55,5.5836
27,56,5.15264
27,57,4.7056
27,58,4.24338
27,59,3.76686
27,60,3.27697
27,61,2.7746
27,62,2.26069
27,63,1.73614
27,64,1.20189
27,65,0.658885
27,66,0.108057
27,67,-0.449632
27,68,-1.01334
27,69,-1.5822
27,70,-2.1552
27,71,-2.73127
27,72,-3.3093
27,73,-3.88813
27,74,-4.46651
27,75,-5.04309
27,76,-5.61643
27,77,-6.18498
27,78,-6.74705
27,79,-7.30079
27,80,-7.84419
27,81,-8.37509
27,82,-8.89112
27,83,-9.38974
27,84,-9.86821
27,85,-10.3236
27,86,-10.7528
27,87,-11.1525
27,88,-11.5192
27,89,-11.8495
27,90,-12.1396
27,91,-12.3859
27,92,-12.5846
27,93,-12.7322
27,94,-12.8253
27,95,-12.8605
27,96,-12.8352
27,97,-12.7468
27,98,-12.5935
27,99,-12.3742
27,100,-12.0885
27,101,-11.7368
27,102,-11.3207
27,103,-10.8426
27,104,-10.3063
27,105,-9.71654
27,106,-9.07919
27,107,-8.40122
27,108,-7.69055
27,109,-6.95593
27,110,-6.20672
27,111,-5.45276
27,112,-4.70406
27,113,-3.97059
27,114,-3.26209
27,115,-2.58783
27,116,-1.95646
27,117,-1.37594
27,118,-0.853478
27,119,-0.395528
27,120,-0.00788655
27,121,0.304229
27,122,0.536249
27,123,0.683737
27,124,0.742275
27,125,0.707479
27,126,0.574922
27,127,0.340575
27,128,0
28,0,0
28,1,0.505132
28,2,0.985562
28,3,1.43755
28,4,1.86181
28,5,2.26067
28,6,2.63789
28,7,2.99773
28,8,3.34451
28,9,3.68217
28,10,4.01408
28,11,4.34288
28,12,4.67044
28,13,4.9979
28,14,5.32572
28,15,5.65383
28,16,5.98164
28,17,6.30823
28,18,6.63238
28,19,6.95265
28,20,7.26746
28,21,7.57513
28,22,7.87393
28,23,8.16211
28,24,8.43792
28,25,8.69966
28,26,8.94567
28,27,9.17439
28,28,9.38432
28,29,9.57411
28,30,9.74248
28,31,9.88833
28,32,10.0106
28,33,10.1086
28,34,10.1814
28,35,10.2286
28,36,10.2496
28,37,10.2441
28,38,10.2119
28,39,10.153
28,40,10.0674
28,41,9.95515
28,42,9.81651
28,43,9.65177
28,44,9.46133
28,45,9.24563
28,46,9.00522
28,47,8.74068
28,48,8.45264
28,49,8.14182
28,50,7.80894
28,51,7.45478
28,52,7.08016
28,53,6.68591
28,54,6.27291
28,55,5.84204
28,56,5.3942
28,57,4.93029
28,58,4.45123
28,59,3.95794
28,60,3.45134
28,61,2.93234
28,62,2.40187
28,63,1.86083
28,64,1.31013
28,65,0.750702
28,66,0.183448
28,67,-0.390697
28,68,-0.970931
28,69,-1.55646
28,70,-2.14635
28,71,-2.73964
28,72,-3.33531
28,73,-3.9323
28,74,-4.52945
28,75,-5.12555
28,76,-5.71925
28,77,-6.3091
28,78,-6.89351
28,79,-7.47073
28,80,-8.03885
28,81,-8.59577
28,82,-9.13918
28,83,-9.66658
28,84,-10.1752
28,85,-10.6622
28,86,-11.1244
28,87,-11.5583
28,88,-11.9605
28,89,-12.3272
28,90,-12.6545
28,91,-12.9385
28,92,-13.1751
28,93,-13.3604
28,94,-13.4905
28,95,-13.5616
28,96,-13.5705
28,97,-13.5141
28,98,-13.3899
28,99,-13.1962
28,100,-12.9319
28,101,-12.5969
28,102,-12.1921
28,103,-11.7195
28,104,-11.1823
28,105,-10.585
28,106,-9.93337
28,107,-9.23423
28,108,-8.4957
28,109,-7.72685
28,110,-6.93758
28,111,-6.13839
28,112,-5.34014
28,113,-4.5538
28,114,-3.79012
28,115,-3.05948
28,116,-2.37163
28,117,-1.73554
28,118,-1.15937
28,119,-0.650427
28,120,-0.215221
28,121,0.140427
28,122,0.41138
28,123,0.59293
28,124,0.680449
28,125,0.669375
28,126,0.555125
28,127,0.333531
28,128,0
29,0,0
29,1,0.576714
29,2,1.11776
29,3,1.62064
29,4,2.08737
29,5,2.5217
29,6,2.92874
29,7,3.31397
29,8,3.6828
29,9,4.04005
29,10,4.38978
29,11,4.73514
29,12,5.07836
29,13,5.42079
29,14,5.76304
29,15,6.10504
29,16,6.4462
29,17,6.78554
29,18,7.12175
29,19,7.4533
29,20,7.77851
29,21,8.09562
29,22,8.4028
29,23,8.69823
29,24,8.98012
29,25,9.24671
29,26,9.49632
29,27,9.72736
29,28,9.93836
29,29,10.1279
29,30,10.2949
29,31,10.4381
29,32,10.5566
29,33,10.6496
29,34,10.7164
29,35,10.7565
29,36,10.7694
29,37,10.755
29,38,10.713
29,39,10.6434
29,40,10.5463
29,41,10.4219
29,42,10.2704
29,43,10.0922
29,44,9.88773
29,45,9.65751
29,46,9.40212
29,47,9.12221
29,48,8.81847
29,49,8.49167
29,50,8.14259
29,51,7.77207
29,52,7.38099
29,53,6.97022
29,54,6.5407
29,55,6.09333
29,56,5.62907
29,57,5.14886
29,58,4.65362
29,59,4.14431
29,60,3.62186
29,61,3.08717
29,62,2.54118
29,63,1.98476
29,64,1.41883
29,65,0.844262
29,66,0.261941
29,67,-0.32724
29,68,-0.922518
29,69,-1.52317
29,70,-2.12836
29,71,-2.73723
29,72,-3.34886
29,73,-3.9623
29,74,-4.57653
29,75,-5.19042
29,76,-5.80278
29,77,-6.41226
29,78,-7.0174
29,79,-7.61656
29,80,-8.20793
29,81,-8.78952
29,82,-9.35911
29,83,-9.91426
29,84,-10.4523
29,85,-10.9703
29,86,-11.465
29,87,-11.9332
29,88,-12.3711
29,89,-12.7748
29,90,-13.1403
29,91,-13.4634
29,92,-13.7397
29,93,-13.9649
29,94,-14.1348
29,95,-14.245
29,96,-14.2917
29,97,-14.2713
29,98,-14.1807
29,99,-14.0172
29,100,-13.7794
29,101,-13.4662
29,102,-13.0779
29,103,-12.616
29,104,-12.083
29,105,-11.483
29,106,-10.8214
29,107,-10.105
29,108,-9.34188
29,109,-8.54134
29,110,-7.71373
29,111,-6.87022
29,112,-6.02249
29,113,-5.18248
29,114,-4.36207
29,115,-3.57281
29,116,-2.82562
29,117,-2.13066
29,118,-1.49716
29,119,-0.933397
29,120,-0.446714
29,121,-0.0436235
29,122,0.270069
29,123,0.489264
29,124,0.609069
29,125,0.624704
29,126,0.531382
29,127,0.324754
29,128,0
30,0,0
30,1,0.652087
30,2,1.25665
30,3,1.81258
30,4,2.32332
30,5,2.79417
30,6,3.23167
30,7,3.64268
30,8,4.0337
30,9,4.41053
30,10,4.77794
30,11,5.13963
30,12,5.4982
30,13,5.85523
30,14,6.21145
30,15,6.56685
30,16,6.92081
30,17,7.27229
30,18,7.6199
30,19,7.96203
30,20,8.2969
30,21,8.62267
30,22,8.93743
30,23,9.23931
30,24,9.52644
30,25,9.79705
30,26,10.0494
30,27,10.282
30,28,10.4932
30,29,10.6818
30,30,10.8466
30,31,10.9864
30,32,11.1004
30,33,11.1878
30,34,11.2479
30,35,11.2803
30,36,11.2846
30,37,11.2606
30,38,11.2081
30,39,11.1273
30,40,11.0183
30,41,10.8812
30,42,10.7164
30,43,10.5243
30,44,10.3054
30,45,10.0603
30,46,9.78968
30,47,9.49417
30,48,9.17456
30,49,8.83167
30,50,8.46637
30,51,8.07954
30,52,7.67212
30,53,7.24506
30,54,6.79932
30,55,6.33588
30,56,5.85571
30,57,5.35979
30,58,4.84909
30,59,4.32456
30,60,3.78715
30,61,3.23778
30,62,2.67734
30,63,2.10673
30,64,1.52682
30,65,0.938449
30,66,0.342471
30,67,-0.260268
30,68,-0.86905
30,69,-1.48323
30,70,-2.10206
30,71,-2.72478
30,72,-3.35062
30,73,-3.97872
30,74,-4.6082
30,75,-5.23806
30,76,-5.86724
30,77,-6.49453
30,78,-7.1186
30,79,-7.73796
30,80,-8.35092
30,81,-8.9556
30,82,-9.5499
30,83,-10.1315
30,84,-10.6977
30,85,-11.2458
30,86,-11.7725
30,87,-12.2744
30,88,-12.7479
30,89,-13.1889
30,90,-13.5932
30,91,-13.9564
30,92,-14.274
30,93,-14.5411
30,94,-14.7532
30,95,-14.9054
30,96,-14.9934
30,97,-15.0128
30,98,-14.96
30,99,-14.8316
30,100,-14.6252
30,101,-14.3391
30,102,-13.9729
30,103,-13.5271
30,104,-13.0038
30,105,-12.4063
30,106,-11.7398
30,107,-11.0106
30,108,-10.2267
30,109,-9.39769
30,110,-8.53415
30,111,-7.64783
30,112,-6.75121
30,113,-5.85724
30,114,-4.97893
30,115,-4.12907
30,116,-3.3199
30,117,-2.56285
30,118,-1.86839
30,119,-1.24591
30,120,-0.703714
30,121,-0.249145
30,122,0.111316
30,123,0.371953
30,124,0.527549
30,125,0.57306
30,126,0.503448
30,127,0.314135
30,128,0
31,0,0
31,1,0.730991
31,2,1.40178
31,3,2.01275
31,4,2.56893
31,5,3.07723
31,6,3.5458
31,7,3.98288
31,8,4.39621
31,9,4.79256
31,10,5.17747
31,11,5.55522
31,12,5.92878
31,13,6.29999
31,14,6.66971
31,15,7.03797
31,16,7.40413
31,17,7.76711
31,18,8.12544
31,19,8.47742
31,20,8.8212
31,21,9.15484
31,22,9.47637
31,23,9.78386
31,24,10.0754
31,25,10.3492
31,26,10.6035
31,27,10.8368
31,28,11.0475
31,29,11.2343
31,30,11.3961
31,31,11.5318
31,32,11.6406
31,33,11.7216
31,34,11.7744
31,35,11.7984
31,36,11.7935
31,37,11.7593
31,38,11.6959
31,39,11.6033
31,40,11.4817
31,41,11.3314
31,42,11.1528
31,43,10.9464
31,44,10.7128
31,45,10.4525
31,46,10.1662
31,47,9.85489
31,48,9.51925
31,49,9.16019
31,50,8.77865
31,51,8.37558
31,52,7.952
31,53,7.50889
31,54,7.04728
31,55,6.56821
31,56,6.07267
31,57,5.5617
31,58,5.03627
31,59,4.49737
31,60,3.94594
31,61,3.38291
31,62,2.80916
31,63,2.22557
31,64,1.63296
31,65,1.03217
31,66,0.423981
31,67,-0.190804
31,68,-0.811516
31,69,-1.43757
31,70,-2.06834
31,71,-2.70317
31,72,-3.34139
31,73,-3.9823
31,74,-4.62513
31,75,-5.26905
31,76,-5.91311
31,77,-6.55627
31,78,-7.19734
31,79,-7.83498
31,80,-8.46766
31,81,-9.09364
31,82,-9.71095
31,83,-10.3174
31,84,-10.9104
31,85,-11.4873
31,86,-12.0449
31,87,-12.5798
31,88,-13.0884
31,89,-13.5666
31,90,-14.0099
31,91,-14.414
31,92,-14.7738
31,93,-15.0845
31,94,-15.3408
31,95,-15.5377
31,96,-15.67
31,97,-15.7329
31,98,-15.722
31,99,-15.6333
31,100,-15.4633
31,101,-15.2097
31,102,-14.8711
31,103,-14.4473
31,104,-13.9394
31,105,-13.3503
31,106,-12.6842
31,107,-11.9473
31,108,-11.1473
31,109,-10.2936
31,110,-9.39723
31,111,-8.47027
31,112,-7.526
31,113,-6.57831
31,114,-5.64139
31,115,-4.72934
31,116,-3.85579
31,117,-3.03361
31,118,-2.27461
31,119,-1.58947
31,120,-0.987629
31,121,-0.477378
31,122,-0.0659943
31,123,0.240093
31,124,0.435197
31,125,0.513948
31,126,0.471009
31,127,0.301523
31,128,0
32,0,0
32,1,0.813138
32,2,1.55262
32,3,2.22048
32,4,2.82337
32,5,3.36999
32,6,3.87014
32,7,4.33356
32,8,4.76925
32,9,5.18502
32,10,5.58723
32,11,5.98072
32,12,6.36889
32,13,6.75383
32,14,7.13653
32,15,7.51708
32,16,7.89483
32,17,8.26864
32,18,8.63698
32,19,8.99807
32,20,9.34997
32,21,9.69068
32,22,10.0182
32,23,10.3305
32,24,10.6256
32,25,10.9017
32,26,11.1572
32,27,11.3903
32,28,11.5997
32,29,11.784
32,30,11.9421
32,31,12.0729
32,32,12.1757
32,33,12.2498
32,34,12.2945
32,35,12.3095
32,36,12.2946
32,37,12.2496
32,38,12.1746
32,39,12.0697
32,40,11.935
32,41,11.7711
32,42,11.5782
32,43,11.357
32,44,11.1082
32,45,10.8323
32,46,10.5302
32,47,10.2028
32,48,9.85101
32,49,9.47571
32,50,9.07795
32,51,8.65875
32,52,8.21919
32,53,7.76033
32,54,7.28324
32,55,6.78901
32,56,6.2787
32,57,5.75335
32,58,5.21398
32,59,4.66158
32,60,4.0971
32,61,3.52146
32,62,2.93555
32,63,2.3402
32,64,1.73622
32,65,1.12438
32,66,0.505444
32,67,-0.119865
32,68,-0.750919
32,69,-1.3872
32,70,-2.02819
32,71,-2.67334
32,72,-3.32212
32,73,-3.97395
32,74,-4.6282
32,75,-5.28418
32,76,-5.94112
32,77,-6.59811
32,78,-7.25415
32,79,-7.90804
32,80,-8.55842
32,81,-9.20372
32,82,-9.84212
32,83,-10.4716
32,84,-11.0897
32,85,-11.6938
32,86,-12.281
32,87,-12.8478
32,88,-13.3907
32,89,-13.9054
32,90,-14.3877
32,91,-14.8328
32,92,-15.2356
32,93,-15.5909
32,94,-15.8931
32,95,-16.1368
32,96,-16.3162
32,97,-16.426
32,98,-16.461
32,99,-16.4162
32,100,-16.2877
32,101,-16.0719
32,102,-15.7667
32,103,-15.3708
32,104,-14.8845
32,105,-14.3097
32,106,-13.6501
32,107,-12.9111
32,108,-12.1001
32,109,-11.2263
32,110,-10.3008
32,111,-9.33609
32,112,-8.34606
32,113,-7.34552
32,114,-6.34983
32,115,-5.37444
32,116,-4.43447
32,117,-3.54431
32,118,-2.71733
32,119,-1.96561
32,120,-1.29992
32,121,-0.72967
32,122,-0.26307
32,123,0.0926818
32,124,0.331224
32,125,0.446792
32,126,0.433688
32,127,0.286732
32,128,0
33,0,0
33,1,0.898206
33,2,1.70862
33,3,2.43501
33,4,3.08578
33,5,3.67149
33,6,4.20368
33,7,4.69363
33,8,5.1517
33,9,5.58677
33,10,6.00602
33,11,6.41492
33,12,6.81728
33,13,7.21547
33,14,7.61061
33,15,8.00285
33,16,8.39154
33,17,8.7755
33,18,9.15312
33,19,9.52256
33,20,9.8818
33,21,10.2288
33,22,10.5614
33,23,10.8777
33,24,11.1756
33,25,11.4533
33,26,11.709
33,27,11.9412
33,28,12.1485
33,29,12.3295
33,30,12.4831
33,31,12.6083
33,32,12.7044
33,33,12.7707
33,34,12.8067
33,35,12.8121
33,36,12.7866
33,37,12.7302
33,38,12.6429
33,39,12.525
33,40,12.3768
33,41,12.1986
33,42,11.991
33,43,11.7546
33,44,11.4902
33,45,11.1984
33,46,10.8803
33,47,10.5366
33,48,10.1685
33,49,9.77691
33,50,9.36298
33,51,8.92779
33,52,8.47248
33,53,7.99819
33,54,7.50605
33,55,6.99719
33,56,6.47271
33,57,5.93369
33,58,5.38118
33,59,4.81617
33,60,4.23963
33,61,3.65246
33,62,3.05553
33,63,2.44966
33,64,1.83562
33,65,1.21413
33,66,0.585888
33,67,-0.048434
33,68,-0.688257
33,69,-1.33313
33,70,-1.98262
33,71,-2.63633
33,72,-3.29383
33,73,-3.95469
33,74,-4.61842
33,75,-5.28448
33,76,-5.95224
33,77,-6.62099
33,78,-7.28986
33,79,-7.95786
33,80,-8.62381
33,81,-9.2863
33,82,-9.94371
33,83,-10.5941
33,84,-11.2354
33,85,-11.865
33,86,-12.48
33,87,-13.0773
33,88,-13.6531
33,89,-14.2035
33,90,-14.7241
33,91,-15.21
33,92,-15.656
33,93,-16.0566
33,94,-16.406
33,95,-16.6982
33,96,-16.9272
33,97,-17.0868
33,98,-17.1711
33,99,-17.1746
33,100,-17.0921
33,101,-16.9195
33,102,-16.6533
33,103,-16.2913
33,104,-15.8329
33,105,-15.2789
33,106,-14.6321
33,107,-13.8972
33,108,-13.0809
33,109,-12.1923
33,110,-11.2421
33,111,-10.2433
33,112,-9.21008
33,113,-8.15826
33,114,-7.10425
33,115,-6.0649
33,116,-5.05686
33,117,-4.0962
33,118,-3.19795
33,119,-2.37583
33,120,-1.64208
33,121,-1.00741
33,122,-0.481142
33,123,-0.0713724
33,124,0.214758
33,125,0.37094
33,126,0.391054
33,127,0.269547
33,128,0
34,0,0
34,1,0.985848
34,2,1.86917
34,3,2.65555
34,4,3.35524
34,5,3.98072
34,6,4.54532
34,7,5.06198
34,8,5.54241
34,9,5.99661
34,10,6.43264
34,11,6.85658
34,12,7.2727
34,13,7.68362
34,14,8.09064
34,15,8.49395
34,16,8.89292
34,17,9.28632
34,18,9.67249
34,19,10.0495
34,20,10.4153
34,21,10.7677
34,22,11.1047
34,23,11.4241
34,24,11.7239
34,25,12.0024
34,26,12.2576
34,27,12.4881
34,28,12.6925
34,29,12.8694
34,30,13.0178
34,31,13.1367
34,32,13.2254
34,33,13.2832
34,34,13.3098
34,35,13.3048
34,36,13.2681
34,37,13.1996
34,38,13.0995
34,39,12.9681
34,40,12.8057
34,41,12.6127
34,42,12.3899
34,43,12.1379
34,44,11.8575
34,45,11.5496
34,46,11.2151
34,47,10.855
34,48,10.4705
34,49,10.0627
34,50,9.63264
34,51,9.18164
34,52,8.71087
34,53,8.22151
34,54,7.71478
34,55,7.19184
34,56,6.65384
34,57,6.10189
34,58,5.53705
34,59,4.96035
34,60,4.37273
34,61,3.7751
34,62,3.16831
34,63,2.55314
34,64,1.93032
34,65,1.30054
34,66,0.664421
34,67,0.0225658
34,68,-0.624488
34,69,-1.27634
34,70,-1.93268
34,71,-2.59322
34,72,-3.25766
34,73,-3.9257
34,74,-4.59698
34,75,-5.27113
34,76,-5.94768
34,77,-6.62607
34,78,-7.30563
34,79,-7.98555
34,80,-8.66482
34,81,-9.34226
34,82,-10.0164
34,83,-10.6856
34,84,-11.3479
34,85,-12.0008
34,86,-12.6418
34,87,-13.2677
34,88,-13.8749
34,89,-14.4597
34,90,-15.0175
34,91,-15.5435
34,92,-16.0324
34,93,-16.4785
34,94,-16.8758
34,95,-17.2179
34,96,-17.4982
34,97,-17.7102
34,98,-17.847
34,99,-17.9025
34,100,-17.8707
34,101,-17.7462
34,102,-17.5246
34,103,-17.2027
34,104,-16.7785
34,105,-16.2519
34,106,-15.6246
34,107,-14.9003
34,108,-14.0852
34,109,-13.1875
34,110,-12.2179
34,111,-11.1892
34,112,-10.1163
34,113,-9.01541
34,114,-7.90422
34,115,-6.80087
34,116,-5.72363
34,117,-4.69032
34,118,-3.7178
34,119,-2.82158
34,120,-2.01557
34,121,-1.31202
34,122,-0.721513
34,123,-0.25322
34,124,0.0848571
34,125,0.285678
34,126,0.342626
34,127,0.249724
34,128,0
35,0,0
35,1,1.07569
35,2,2.03362
35,3,2.88127
35,4,3.63077
35,5,4.2966
35,6,4.89396
35,7,5.43745
35,8,5.94019
35,9,6.41334
35,10,6.86585
35,11,7.30445
35,12,7.73386
35,13,8.157
35,14,8.57531
35,15,8.98906
35,16,9.39763
35,17,9.79975
35,18,10.1937
35,19,10.5775
35,20,10.9491
35,21,11.3062
35,22,11.6467
35,23,11.9684
35,24,12.2694
35,25,12.5477
35,26,12.8017
35,27,13.0297
35,28,13.2304
35,29,13.4024
35,30,13.5448
35,31,13.6567
35,32,13.7372
35,33,13.7859
35,34,13.8024
35,35,13.7864
35,36,13.7377
35,37,13.6566
35,38,13.543
35,39,13.3975
35,40,13.2204
35,41,13.0122
35,42,12.7737
35,43,12.5057
35,44,12.209
35,45,11.8846
35,46,11.5336
35,47,11.157
35,48,10.7561
35,49,10.332
35,50,9.88607
35,51,9.41949
35,52,8.93356
35,53,8.42956
35,54,7.90873
35,55,7.37229
35,56,6.82144
35,57,6.25731
35,58,5.68099
35,59,5.0935
35,60,4.49579
35,61,3.88876
35,62,3.27324
35,63,2.64996
35,64,2.01963
35,65,1.38286
35,66,0.740245
35,67,0.092294
35,68,-0.560504
35,69,-1.21781
35,70,-1.87941
35,71,-2.54512
35,72,-3.21478
35,73,-3.88819
35,74,-4.56517
35,75,-5.24548
35,76,-5.9288
35,77,-6.61476
35,78,-7.30286
35,79,-7.99247
35,80,-8.6828
35,81,-9.37286
35,82,-10.0614
35,83,-10.7471
35,84,-11.4279
35,85,-12.102
35,86,-12.7666
35,87,-13.419
35,88,-14.0558
35,89,-14.6731
35,90,-15.2667
35,91,-15.8317
35,92,-16.3628
35,93,-16.8541
35,94,-17.2995
35,95,-17.6922
35,96,-18.0253
35,97,-18.2916
35,98,-18.4837
35,99,-18.5946
35,100,-18.6175
35,101,-18.5459
35,102,-18.3743
35,103,-18.0984
35,104,-17.7149
35,105,-17.2225
35,106,-16.6216
35,107,-15.915
35,108,-15.1077
35,109,-14.2074
35,110,-13.2242
35,111,-12.1708
35,112,-11.0622
35,113,-9.9154
35,114,-8.74888
35,115,-7.58216
35,116,-6.43515
35,117,-5.32749
35,118,-4.27801
35,119,-3.30419
35,120,-2.42184
35,121,-1.64491
35,122,-0.985506
35,123,-0.454023
35,124,-0.0594772
35,125,0.190241
35,126,0.287884
35,127,0.226995
35,128,0
36,0,0
36,1,1.16734
36,2,2.20129
36,3,3.11127
36,4,3.91135
36,5,4.61804
36,6,5.24843
36,7,5.81883
36,8,6.34382
36,9,6.83572
36,10,7.3044
36,11,7.75726
36,12,8.19948
36,13,8.63429
36,14,9.0633
36,15,9.48684
36,16,9.90432
36,17,10.3144
36,18,10.7155
36,19,11.1053
36,20,11.4819
36,21,11.8428
36,22,12.186
36,23,12.5093
36,24,12.8106
36,25,13.088
36,26,13.3399
36,27,13.5647
36,28,13.7609
36,29,13.9274
36,30,14.0631
36,31,14.1671
36,32,14.2388
36,33,14.2777
36,34,14.2833
36,35,14.2556
36,36,14.1944
36,37,14.0999
36,38,13.9724
36,39,13.8122
36,40,13.6198
36,41,13.396
36,42,13.1414
36,43,12.857
36,44,12.5438
36,45,12.2027
36,46,11.835
36,47,11.4419
36,48,11.0245
36,49,10.5844
36,50,10.1226
36,51,9.64076
36,52,9.14005
36,53,8.62184
36,54,8.08744
36,55,7.53812
36,56,6.97512
36,57,6.39958
36,58,5.81261
36,59,5.21524
36,60,4.60842
36,61,3.99303
36,62,3.36986
36,63,2.73963
36,64,2.10298
36,65,1.4605
36,66,0.812689
36,67,0.160008
36,68,-0.497126
36,69,-1.15843
36,70,-1.82379
36,71,-2.49312
36,72,-3.16636
36,73,-3.84347
36,74,-4.52437
36,75,-5.20897
36,76,-5.89713
36,77,-6.58863
36,78,-7.28315
36,79,-7.98026
36,80,-8.67937
36,81,-9.37972
36,82,-10.0803
36,83,-10.7799
36,84,-11.4769
36,85,-12.1695
36,86,-12.8554
36,87,-13.532
36,88,-14.196
36,89,-14.8438
36,90,-15.4714
36,91,-16.0738
36,92,-16.6458
36,93,-17.1816
36,94,-17.6747
36,95,-18.1182
36,96,-18.5049
36,97,-18.8269
36,98,-19.0765
36,99,-19.2458
36,100,-19.3269
36,101,-19.3127
36,102,-19.1963
36,103,-18.972
36,104,-18.6356
36,105,-18.1842
36,106,-17.6169
36,107,-16.9352
36,108,-16.143
36,109,-15.2471
36,110,-14.2567
36,111,-13.1844
36,112,-12.0451
36,113,-10.8561
36,114,-9.63689
36,115,-8.40815
36,116,-7.19142
36,117,-6.00825
36,118,-4.87952
36,119,-3.82489
36,120,-2.86225
36,121,-2.0075
36,122,-1.27446
36,123,-0.674983
36,124,-0.219277
36,125,0.0838246
36,126,0.226276
36,127,0.201076
36,128,0
37,0,0
37,1,1.26039
37,2,2.37147
37,3,3.34466
37,4,4.19594
37,5,4.94389
37,6,5.60754
37,7,6.20491
37,8,6.75205
37,9,7.26249
37,10,7.74702
37,11,8.21374
37,12,8.66829
37,13,9.11422
37,14,9.55331
37,15,9.986
37,16,10.4117
37,17,10.8291
37,18,11.2364
37,19,11.6316
37,20,12.0123
37,21,12.3763
37,22,12.7214
37,23,13.0454
37,24,13.3463
37,25,13.6221
37,26,13.8711
37,27,14.0919
37,28,14.2829
37,29,14.443
37,30,14.5713
37,31,14.6668
37,32,14.729
37,33,14.7573
37,34,14.7515
37,35,14.7114
37,36,14.6371
37,37,14.5287
37,38,14.3865
37,39,14.2112
37,40,14.0031
37,41,13.7632
37,42,13.4922
37,43,13.1911
37,44,12.861
37,45,12.5032
37,46,12.1187
37,47,11.709
37,48,11.2753
37,49,10.8192
37,50,10.342
37,51,9.84512
37,52,9.33003
37,53,8.7981
37,54,8.25071
37,55,7.68916
37,56,7.1147
37,57,6.52853
37,58,5.93176
37,59,5.32541
37,60,4.71043
37,61,4.08767
37,62,3.45791
37,63,2.82182
37,64,2.18001
37,65,1.53299
37,66,0.881217
37,67,0.225078
37,68,-0.435085
37,69,-1.09905
37,70,-1.76678
37,71,-2.43828
37,72,-3.1136
37,73,-3.79281
37,74,-4.47597
37,75,-5.16314
37,76,-5.8543
37,77,-6.5494
37,78,-7.24832
37,79,-7.95079
37,80,-8.65645
37,81,-9.36473
37,82,-10.0749
37,83,-10.7859
37,84,-11.4965
37,85,-12.2051
37,86,-12.9097
37,87,-13.6078
37,88,-14.2965
37,89,-14.9725
37,90,-15.6317
37,91,-16.2695
37,92,-16.8808
37,93,-17.4597
37,94,-17.9996
37,95,-18.4936
37,96,-18.9341
37,97,-19.3128
37,98,-19.6214
37,99,-19.8514
37,100,-19.994
37,101,-20.041
37,102,-19.9845
37,103,-19.8175
37,104,-19.5343
37,105,-19.1305
37,106,-18.604
37,107,-17.9547
37,108,-17.1852
37,109,-16.301
37,110,-15.3107
37,111,-14.2259
37,112,-13.0614
37,113,-11.8349
37,114,-10.5664
37,115,-9.27778
37,116,-7.99209
37,117,-6.73283
37,118,-5.52306
37,119,-4.38473
37,120,-3.33805
37,121,-2.40111
37,122,-1.58968
37,123,-0.917307
37,124,-0.395568
37,125,-0.0344002
37,126,0.157228
37,127,0.17167
37,128,0
38,0,0
38,1,1.35441
38,2,2.54344
38,3,3.58048
38,4,4.48346
38,5,5.27301
38,6,5.97009
38,7,6.59446
38,8,7.16365
38,9,7.69241
38,10,8.19246
38,11,8.67261
38,12,9.13901
38,13,9.59549
38,14,10.0441
38,15,10.4852
38,16,10.9185
38,17,11.3424
38,18,11.7553
38,19,12.155
38,20,12.5391
38,21,12.9055
38,22,13.2517
38,23,13.5757
38,24,13.8753
38,25,14.1487
38,26,14.3942
38,27,14.6101
38,28,14.7952
38,29,14.9483
38,30,15.0684
38,31,15.1547
38,32,15.2066
38,33,15.2238
38,34,15.2059
38,35,15.1528
38,36,15.0647
38,37,14.9419
38,38,14.7847
38,39,14.5936
38,40,14.3695
38,41,14.113
38,42,13.8253
38,43,13.5073
38,44,13.1603
38,45,12.7855
38,46,12.3842
38,47,11.958
38,48,11.5082
38,49,11.0363
38,50,10.5439
38,51,10.0325
38,52,9.50347
38,53,8.95837
38,54,8.39858
38,55,7.82545
38,56,7.24028
38,57,6.64426
38,58,6.03851
38,59,5.42406
38,60,4.80184
38,61,4.17269
38,62,3.53733
38,63,2.89642
38,64,2.2505
38,65,1.60004
38,66,0.945439
38,67,0.287003
38,68,-0.374995
38,69,-1.0404
38,70,-1.70923
38,71,-2.38159
38,72,-3.05762
38,73,-3.7375
38,74,-4.42141
38,75,-5.10953
38,76,-5.80199
38,77,-6.4989
38,78,-7.20028
38,79,-7.90609
38,80,-8.61612
38,81,-9.33006
38,82,-10.0474
38,83,-10.7674
38,84,-11.4889
38,85,-12.2108
38,86,-12.9313
38,87,-13.6481
38,88,-14.3589
38,89,-15.0603
38,90,-15.7486
38,91,-16.4194
38,92,-17.0678
38,93,-17.6879
38,94,-18.2733
38,95,-18.8169
38,96,-19.3107
38,97,-19.7464
38,98,-20.115
38,99,-20.4074
38,100,-20.6141
38,101,-20.7257
38,102,-20.7333
38,103,-20.6287
38,104,-20.4045
38,105,-20.0551
38,106,-19.5765
38,107,-18.9672
38,108,-18.2281
38,109,-17.3635
38,110,-16.3807
38,111,-15.2906
38,112,-14.1074
38,113,-12.8488
38,114,-11.5352
38,115,-10.1896
38,116,-8.83642
38,117,-7.50114
38,118,-6.20906
38,119,-4.98457
38,120,-3.85038
38,121,-2.82701
38,122,-1.93246
38,123,-1.18219
38,124,-0.589396
38,125,-0.165284
38,126,0.0801456
38,127,0.138466
38,128,0
39,0,0
39,1,1.44896
39,2,2.71645
39,3,3.81777
39,4,4.77281
39,5,5.60422
39,6,6.33486
39,7,6.98623
39,8,7.57736
39,9,8.1242
39,10,8.63945
39,11,9.13263
39,12,9.61037
39,13,10.0769
39,14,10.5343
39,15,10.9833
39,16,11.4234
39,17,11.8532
39,18,12.2709
39,19,12.6743
39,20,13.0612
39,21,13.4291
39,22,13.7757
39,23,14.0989
39,24,14.3965
39,25,14.6668
39,26,14.9079
39,27,15.1183
39,28,15.2968
39,29,15.4421
39,30,15.5534
39,31,15.6298
39,32,15.6709
39,33,15.6762
39,34,15.6456
39,35,15.579
39,36,15.4767
39,37,15.3388
39,38,15.1661
39,39,14.9589
39,40,14.7183
39,41,14.4451
39,42,14.1404
39,43,13.8053
39,44,13.4412
39,45,13.0495
39,46,12.6315
39,47,12.1889
39,48,11.7231
39,49,11.2358
39,50,10.7286
39,51,10.203
39,52,9.66057
39,53,9.10286
39,54,8.53131
39,55,7.9473
39,56,7.35215
39,57,6.74706
39,58,6.13316
39,59,5.51147
39,60,4.88289
39,61,4.24825
39,62,3.60824
39,63,2.96346
39,64,2.31442
39,65,1.66153
39,66,1.00511
39,67,0.345423
39,68,-0.317344
39,69,-0.983098
39,70,-1.65191
39,71,-2.32396
39,72,-2.99948
39,73,-3.67876
39,74,-4.36206
39,75,-5.04969
39,76,-5.74192
39,77,-6.43897
39,78,-7.14106
39,79,-7.84828
39,80,-8.56065
39,81,-9.27806
39,82,-10.0002
39,83,-10.7267
39,84,-11.4566
39,85,-12.189
39,86,-12.9226
39,87,-13.6553
39,88,-14.3851
39,89,-15.109
39,90,-15.8235
39,91,-16.5247
39,92,-17.2076
39,93,-17.8667
39,94,-18.4956
39,95,-19.0871
39,96,-19.6333
39,97,-20.1256
39,98,-20.5546
39,99,-20.9105
39,100,-21.1831
39,101,-21.3622
39,102,-21.4376
39,103,-21.3999
39,104,-21.2404
39,105,-20.9515
39,106,-20.5279
39,107,-19.9661
39,108,-19.2654
39,109,-18.4285
39,110,-17.4613
39,111,-16.3735
39,112,-15.1786
39,113,-13.894
39,114,-12.5405
39,115,-11.1415
39,116,-9.72322
39,117,-8.31273
39,118,-6.93768
39,119,-5.62503
39,120,-4.4002
39,121,-3.28637
39,122,-2.30402
39,123,-1.47082
39,124,-0.801797
39,125,-0.309656
39,126,-0.00556634
39,127,0.101152
39,128,0
40,0,0
40,1,1.54361
40,2,2.88973
40,3,4.05558
40,4,5.0629
40,5,5.93633
40,6,6.70062
40,7,7.37898
40,8,7.99192
40,9,8.55663
40,10,9.08675
40,11,9.59253
40,12,10.0811
40,13,10.5571
40,14,11.0228
40,15,11.479
40,16,11.9252
40,17,12.3602
40,18,12.782
40,19,13.1885
40,20,13.5772
40,21,13.9459
40,22,14.2922
40,23,14.6139
40,24,14.9088
40,25,15.1752
40,26,15.4113
40,27,15.6156
40,28,15.7867
40,29,15.9236
40,30,16.0254
40,31,16.0913
40,32,16.1209
40,33,16.1138
40,34,16.0699
40,35,15.9893
40,36,15.8722
40,37,15.7189
40,38,15.5302
40,39,15.3066
40,40,15.0493
40,41,14.759
40,42,14.4372
40,43,14.0849
40,44,13.7037
40,45,13.2951
40,46,12.8606
40,47,12.4017
40,48,11.9203
40,49,11.4179
40,50,10.8963
40,51,10.357
40,52,9.80176
40,53,9.23205
40,54,8.64939
40,55,8.0552
40,56,7.45081
40,57,6.83743
40,58,6.21618
40,59,5.58808
40,60,4.954
40,61,4.31472
40,62,3.67093
40,63,3.02317
40,64,2.37189
40,65,1.71746
40,66,1.06014
40,67,0.400121
40,68,-0.26248
40,69,-0.927631
40,70,-1.59545
40,71,-2.26619
40,72,-2.94016
40,73,-3.61772
40,74,-4.29924
40,75,-4.98512
40,76,-5.67574
40,77,-6.37148
40,78,-7.07265
40,79,-7.77955
40,80,-8.49237
40,81,-9.2112
40,82,-9.93599
40,83,-10.6665
40,84,-11.4023
40,85,-12.1426
40,86,-12.8863
40,87,-13.632
40,88,-14.3777
40,89,-15.121
40,90,-15.8587
40,91,-16.5871
40,92,-17.3016
40,93,-17.9969
40,94,-18.6668
40,95,-19.3043
40,96,-19.9014
40,97,-20.4492
40,98,-20.9381
40,99,-21.3579
40,100,-21.6977
40,101,-21.9464
40,102,-22.0928
40,103,-22.1261
40,104,-22.0361
40,105,-21.8138
40,106,-21.4518
40,107,-20.9449
40,108,-20.2907
40,109,-19.4898
40,110,-18.5465
40,111,-17.4692
40,112,-16.2703
40,113,-14.9667
40,114,-13.5789
40,115,-12.1313
40,116,-10.6509
40,117,-9.16677
40,118,-7.70876
40,119,-6.3065
40,120,-4.98829
40,121,-3.7802
40,122,-2.70549
40,123,-1.78431
40,124,-1.03379
40,125,-0.468356
40,126,-0.100519
40,127,0.0594067
40,128,0
41,0,0
41,1,1.63791
41,2,3.06253
41,3,4.29291
41,4,5.3526
41,5,6.26815
41,6,7.06613
41,7,7.77146
41,8,8.40609
41,9,8.98844
41,10,9.53312
41,11,10.0511
41,12,10.5501
41,13,11.0349
41,14,11.5083
41,15,11.9711
41,16,12.4228
41,17,12.8622
41,18,13.2875
41,19,13.6962
41,20,14.0862
41,21,14.455
41,22,14.8002
41,23,15.1197
41,24,15.4113
41,25,15.6731
41,26,15.9035
41,27,16.1009
41,28,16.2641
41,29,16.3919
41,30,16.4836
41,31,16.5385
41,32,16.556
41,33,16.536
41,34,16.4783
41,35,16.3831
41,36,16.2508
41,37,16.0817
41,38,15.8767
41,39,15.6364
41,40,15.3621
41,41,15.0547
41,42,14.7156
41,43,14.3462
41,44,13.9479
41,45,13.5225
41,46,13.0716
41,47,12.5969
41,48,12.1002
41,49,11.5831
41,50,11.0476
41,51,10.4952
41,52,9.92764
41,53,9.34658
41,54,8.7535
41,55,8.14985
41,56,7.53697
41,57,6.91606
41,58,6.28825
41,59,5.65452
41,60,5.01574
41,61,4.37264
41,62,3.72586
41,63,3.07591
41,64,2.42319
41,65,1.76802
41,66,1.11058
41,67,0.451023
41,68,-0.210615
41,69,-0.874359
41,70,-1.54037
41,71,-2.20896
41,72,-2.88049
41,73,-3.55541
41,74,-4.23416
41,75,-4.91722
41,76,-5.60507
41,77,-6.29819
41,78,-6.99706
41,79,-7.70208
41,80,-8.41364
41,81,-9.13201
41,82,-9.85736
41,83,-10.5897
41,84,-11.3289
41,85,-12.0744
41,86,-12.8255
41,87,-13.5812
41,88,-14.3397
41,89,-15.0992
41,90,-15.8567
41,91,-16.609
41,92,-17.3519
41,93,-18.0803
41,94,-18.7884
41,95,-19.4692
41,96,-20.1148
41,97,-20.7165
41,98,-21.2644
41,99,-21.7478
41,100,-22.1553
41,101,-22.475
41,102,-22.6947
41,103,-22.8024
41,104,-22.7864
41,105,-22.6361
41,106,-22.3422
41,107,-21.8975
41,108,-21.2975
41,109,-20.541
41,110,-19.6303
41,111,-18.572
41,112,-17.3774
41,113,-16.0623
41,114,-14.647
41,115,-13.156
41,116,-11.6175
41,117,-10.062
41,118,-8.5218
41,119,-7.02908
41,120,-5.61521
41,121,-4.30939
41,122,-3.13793
41,123,-2.12374
41,124,-1.28638
41,125,-0.642206
41,126,-0.205299
41,127,0.0129121
41,128,0
42,0,0
42,1,1.73141
42,2,3.23408
42,3,4.52881
42,4,5.64081
42,5,6.59849
42,6,7.43019
42,7,8.16244
42,8,8.81864
42,9,9.41842
42,10,9.97734
42,11,10.5071
42,12,11.016
42,13,11.5093
42,14,11.9897
42,15,12.4584
42,16,12.915
42,17,13.3582
42,18,13.7862
42,19,14.1966
42,20,14.5871
42,21,14.9553
42,22,15.2988
42,23,15.6153
42,24,15.9029
42,25,16.1595
42,26,16.3835
42,27,16.5735
42,28,16.7281
42,29,16.8463
42,30,16.9273
42,31,16.9705
42,32,16.9755
42,33,16.942
42,34,16.8702
42,35,16.76
42,36,16.6121
42,37,16.4269
42,38,16.2053
42,39,15.9482
42,40,15.6567
42,41,15.3321
42,42,14.9757
42,43,14.5892
42,44,14.1741
42,45,13.7322
42,46,13.2652
42,47,12.7749
42,48,12.2633
42,49,11.7321
42,50,11.1831
42,51,10.6182
42,52,10.039
42,53,9.44728
42,54,8.84448
42,55,8.2321
42,56,7.61147
42,57,6.9838
42,58,6.35018
42,59,5.71158
42,60,5.06884
42,61,4.42266
42,62,3.77362
42,63,3.1222
42,64,2.46874
42,65,1.8135
42,66,1.15663
42,67,0.498189
42,68,-0.161827
42,69,-0.823504
42,70,-1.48704
42,71,-2.1528
42,72,-2.8212
42,73,-3.49273
42,74,-4.1679
42,75,-4.84726
42,76,-5.53138
42,77,-6.22082
42,78,-6.91618
42,79,-7.61799
42,80,-8.32677
42,81,-9.043
42,82,-9.76703
42,83,-10.4991
42,84,-11.2394
42,85,-11.9876
42,86,-12.7434
42,87,-13.5061
42,88,-14.2744
42,89,-15.0467
42,90,-15.8206
42,91,-16.5934
42,92,-17.3611
42,93,-18.1192
42,94,-18.862
42,95,-19.5831
42,96,-20.2747
42,97,-20.928
42,98,-21.533
42,99,-22.079
42,100,-22.5539
42,101,-22.9453
42,102,-23.2401
42,103,-23.4249
42,104,-23.4867
42,105,-23.4132
42,106,-23.1932
42,107,-22.8176
42,108,-22.2797
42,109,-21.5758
42,110,-20.7064
42,111,-19.6761
42,112,-18.4944
42,113,-17.176
42,114,-15.7404
42,115,-14.2123
42,116,-12.6205
42,117,-10.9969
42,118,-9.37594
42,119,-7.79257
42,120,-6.28129
42,121,-4.87464
42,122,-3.60224
42,123,-2.4901
42,124,-1.56049
42,125,-0.832012
42,126,-0.320497
42,127,-0.0386523
42,128,0
43,0,0
43,1,1.82368
43,2,3.40363
43,3,4.76228
43,4,5.92643
43,5,6.92619
43,6,7.79157
43,7,8.55069
43,8,9.22835
43,9,9.84535
43,10,10.4182
43,11,10.9595
43,12,11.4778
43,13,11.9789
43,14,12.4659
43,15,12.9399
43,16,13.4007
43,17,13.8471
43,18,14.2771
43,19,14.6885
43,20,15.0789
43,21,15.4458
43,22,15.7869
43,23,16.0999
43,24,16.3828
43,25,16.6336
43,26,16.8507
43,27,17.0326
43,28,17.1781
43,29,17.2861
43,30,17.356
43,31,17.3871
43,32,17.379
43,33,17.3317
43,34,17.2452
43,35,17.1198
43,36,16.956
43,37,16.7545
43,38,16.5161
43,39,16.242
43,40,15.9333
43,41,15.5915
43,42,15.218
43,43,14.8145
43,44,14.3827
43,45,13.9245
43,46,13.4418
43,47,12.9364
43,48,12.4104
43,49,11.8655
43,50,11.3038
43,51,10.727
43,52,10.1369
43,53,9.53511
43,54,8.92332
43,55,8.30294
43,56,7.67529
43,57,7.04159
43,58,6.4029
43,59,5.76015
43,60,5.11415
43,61,4.46556
43,62,3.81492
43,63,3.16266
43,64,2.50906
43,65,1.85434
43,66,1.19858
43,67,0.541803
43,68,-0.116063
43,69,-0.775157
43,70,-1.43571
43,71,-2.09812
43,72,-2.76285
43,73,-3.43042
43,74,-4.1014
43,75,-4.77638
43,76,-5.45601
43,77,-6.14091
43,78,-6.83177
43,79,-7.52924
43,80,-8.23398
43,81,-8.9466
43,82,-9.66766
43,83,-10.3976
43,84,-11.1368
43,85,-11.8854
43,86,-12.6433
43,87,-13.4102
43,88,-14.1851
43,89,-14.967
43,90,-15.7539
43,91,-16.5435
43,92,-17.3323
43,93,-18.1164
43,94,-18.8904
43,95,-19.6483
43,96,-20.3825
43,97,-21.0845
43,98,-21.7444
43,99,-22.3512
43,100,-22.8926
43,101,-23.3556
43,102,-23.7262
43,103,-23.99
43,104,-24.1327
43,105,-24.1402
43,106,-23.9996
43,107,-23.6995
43,108,-23.2309
43,109,-22.588
43,110,-21.7687
43,111,-20.7754
43,112,-19.6157
43,113,-18.3027
43,114,-16.8549
43,115,-15.2967
43,116,-13.6571
43,117,-11.9694
43,118,-10.27
43,119,-8.59647
43,120,-6.98661
43,121,-5.47645
43,122,-4.09921
43,123,-2.8843
43,124,-1.85704
43,125,-1.03855
43,126,-0.446691
43,127,-0.0956005
43,128,0
44,0,0
44,1,1.91428
44,2,3.57044
44,3,4.9924
44,4,6.20837
44,5,7.25007
44,6,8.14908
44,7,8.93501
44,8,9.63402
44,9,10.2681
44,10,10.8546
44,11,11.4069
44,12,11.9343
44,13,12.4428
44,14,12.9358
44,15,13.4145
44,16,13.8789
44,17,14.3278
44,18,14.7592
44,19,15.171
44,20,15.5606
44,21,15.9257
44,22,16.2638
44,23,16.5726
44,24,16.8502
44,25,17.0946
44,26,17.3042
44,27,17.4775
44,28,17.6134
44,29,17.7108
44,30,17.7691
44,31,17.7876
44,32,17.7661
44,33,17.7046
44,34,17.6032
44,35,17.4622
44,36,17.2824
44,37,17.0643
44,38,16.8091
44,39,16.5179
44,40,16.1921
44,41,15.8332
44,42,15.4427
44,43,15.0225
44,44,14.5744
44,45,14.1003
44,46,13.6023
44,47,13.0823
44,48,12.5424
44,49,11.9845
44,50,11.4106
44,51,10.8225
44,52,10.2222
44,53,9.61117
44,54,8.99111
44,55,8.36345
44,56,7.72952
44,57,7.0905
44,58,6.44743
44,59,5.80121
44,60,5.1526
44,61,4.50222
44,62,3.85056
44,63,3.198
44,64,2.54477
44,65,1.89104
44,66,1.23685
44,67,0.582157
44,68,-0.0731605
44,69,-0.729287
44,70,-1.38649
44,71,-2.04518
44,72,-2.70586
44,73,-3.36908
44,74,-4.03543
44,75,-4.70556
44,76,-5.38012
44,77,-6.05984
44,78,-6.74544
44,79,-7.43768
44,80,-8.13732
44,81,-8.84511
44,82,-9.56177
44,83,-10.288
44,84,-11.0243
44,85,-11.7711
44,86,-12.5287
44,87,-13.297
44,88,-14.0757
44,89,-14.8639
44,90,-15.6604
44,91,-16.4631
44,92,-17.2693
44,93,-18.0753
44,94,-18.8766
44,95,-19.6673
44,96,-20.4405
44,97,-21.1878
44,98,-21.8996
44,99,-22.5648
44,100,-23.171
44,101,-23.7047
44,102,-24.1512
44,103,-24.4952
44,104,-24.721
44,105,-24.813
44,106,-24.7564
44,107,-24.5377
44,108,-24.1455
44,109,-23.5714
44,110,-22.8109
44,111,-21.8638
44,112,-20.7354
44,113,-19.437
44,114,-17.9856
44,115,-16.4049
44,116,-14.724
44,117,-12.9771
44,118,-11.2023
44,119,-9.43994
44,120,-7.73097
44,121,-6.11512
44,122,-4.62946
44,123,-3.30715
44,124,-2.17686
44,125,-1.26258
44,126,-0.584445
44,127,-0.158243
44,128,0
45,0,0
45,1,2.00279
45,2,3.73378
45,3,5.21821
45,4,6.48557
45,5,7.569
45,6,8.50155
45,7,9.31423
45,8,10.0345
45,9,10.6854
45,10,11.2854
45,11,11.8484
45,12,12.3844
45,13,12.8998
45,14,13.3982
45,15,13.8812
45,16,14.3486
45,17,14.7994
45,18,15.2317
45,19,15.6431
45,20,16.0314
45,21,16.394
45,22,16.7285
45,23,17.0327
45,24,17.3045
45,25,17.542
45,26,17.7436
45,27,17.9079
45,28,18.0336
45,29,18.12
45,30,18.1662
45,31,18.1718
45,32,18.1366
45,33,18.0606
45,34,17.944
45,35,17.7873
45,36,17.5913
45,37,17.3566
45,38,17.0846
45,39,16.7764
45,40,16.4336
45,41,16.0577
45,42,15.6505
45,43,15.2139
45,44,14.7498
45,45,14.2603
45,46,13.7475
45,47,13.2135
45,48,12.6603
45,49,12.09
45,50,11.5046
45,51,10.9061
45,52,10.2962
45,53,9.6766
45,54,9.049
45,55,8.4148
45,56,7.77529
45,57,7.13164
45,58,6.48486
45,59,5.83579
45,60,5.18516
45,61,4.53355
45,62,3.88138
45,63,3.22899
45,64,2.57657
45,65,1.92421
45,66,1.27193
45,67,0.619632
45,68,-0.0328534
45,69,-0.685753
45,70,-1.33936
45,71,-1.99412
45,72,-2.65052
45,73,-3.30915
45,74,-3.97061
45,75,-4.63556
45,76,-5.3047
45,77,-5.97878
45,78,-6.65858
45,79,-7.34492
45,80,-8.03865
45,81,-8.74062
45,82,-9.4517
45,83,-10.1727
45,84,-10.9045
45,85,-11.6476
45,86,-12.4027
45,87,-13.1701
45,88,-13.9497
45,89,-14.7412
45,90,-15.5438
45,91,-16.356
45,92,-17.1757
45,93,-17.9998
45,94,-18.8241
45,95,-19.6436
45,96,-20.4517
45,97,-21.2405
45,98,-22.0006
45,99,-22.7211
45,100,-23.3897
45,101,-23.9923
45,102,-24.514
45,103,-24.9384
45,104,-25.2488
45,105,-25.428
45,106,-25.4594
45,107,-25.3273
45,108,-25.018
45,109,-24.5203
45,110,-23.827
45,111,-22.9352
45,112,-21.8477
45,113,-20.5733
45,114,-19.1275
45,115,-17.5327
45,116,-15.8176
45,117,-14.0172
45,118,-12.171
45,119,-10.3218
45,120,-8.51389
45,121,-6.79073
45,122,-5.19347
45,123,-3.75932
45,124,-2.52069
45,125,-1.50478
45,126,-0.734302
45,127,-0.226884
45,128,0
46,0,0
46,1,2.0888
46,2,3.89295
46,3,5.43881
46,4,6.75698
46,5,7.88188
46,6,8.84784
46,7,9.68719
46,8,10.4286
46,9,11.0962
46,10,11.7094
46,11,12.2829
46,12,12.8271
46,13,13.349
46,14,13.8523
46,15,14.339
46,16,14.8089
46,17,15.261
46,18,15.6935
46,19,16.1042
46,20,16.4905
46,21,16.8501
46,22,17.1805
46,23,17.4795
46,24,17.745
46,25,17.9751
46,26,18.1682
46,27,18.323
46,28,18.4383
46,29,18.5132
46,30,18.5471
46,31,18.5395
46,32,18.4903
46,33,18.3996
46,34,18.2677
46,35,18.0952
46,36,17.8829
46,37,17.6317
46,38,17.3429
46,39,17.0179
46,40,16.6582
46,41,16.2657
46,42,15.8421
46,43,15.3895
46,44,14.9099
46,45,14.4055
46,46,13.8785
46,47,13.331
46,48,12.7652
46,49,12.1832
46,50,11.587
46,51,10.9787
46,52,10.36
46,53,9.73262
46,54,9.09821
46,55,8.45817
46,56,7.81377
46,57,7.16616
46,58,6.51628
46,59,5.86496
46,60,5.21286
46,61,4.5605
46,62,3.90827
46,63,3.25644
46,64,2.60517
46,65,1.95449
46,66,1.30437
46,67,0.654677
46,68,0.00520232
46,69,-0.644322
46,70,-1.29422
46,71,-1.94493
46,72,-2.59697
46,73,-3.2509
46,74,-3.90736
46,75,-4.56699
46,76,-5.23052
46,77,-5.89871
46,78,-6.57236
46,79,-7.25235
46,80,-7.93958
46,81,-8.635
46,82,-9.33958
46,83,-10.0543
46,84,-10.7801
46,85,-11.518
46,86,-12.2686
46,87,-13.0328
46,88,-13.8108
46,89,-14.6027
46,90,-15.4082
46,91,-16.2265
46,92,-17.0558
46,93,-17.8938
46,94,-18.737
46,95,-19.5808
46,96,-20.4194
46,97,-21.2454
46,98,-22.0498
46,99,-22.8221
46,100,-23.5498
46,101,-24.219
46,102,-24.8143
46,103,-25.3186
46,104,-25.7142
46,105,-25.9824
46,106,-26.105
46,107,-26.064
46,108,-25.8433
46,109,-25.4291
46,110,-24.8111
46,111,-23.9837
46,112,-22.9466
46,113,-21.7061
46,114,-20.2754
46,115,-18.6753
46,116,-16.934
46,117,-15.0866
46,118,-13.1738
46,119,-11.2407
46,120,-9.33463
46,121,-7.5031
46,122,-5.7915
46,123,-4.24137
46,124,-2.88923
46,125,-1.76583
46,126,-0.896783
46,127,-0.301822
46,128,0
47,0,0
47,1,2.17194
47,2,4.04726
47,3,5.65332
47,4,7.0216
47,5,8.1876
47,6,9.18682
47,7,10.0528
47,8,10.8152
47,9,11.4994
47,10,12.1257
47,11,12.7093
47,12,13.2614
47,13,13.7893
47,14,14.2972
47,15,14.787
47,16,15.2588
47,17,15.7118
47,18,16.144
47,19,16.5533
47,20,16.9372
47,21,17.2933
47,22,17.6191
47,23,17.9124
47,24,18.1711
47,25,18.3934
47,26,18.5777
47,27,18.7227
47,28,18.8271
47,29,18.8903
47,30,18.9115
47,31,18.8905
47,32,18.8272
47,33,18.7217
47,34,18.5744
47,35,18.3861
47,36,18.1575
47,37,17.8899
47,38,17.5845
47,39,17.2428
47,40,16.8666
47,41,16.4578
47,42,16.0182
47,43,15.5501
47,44,15.0556
47,45,14.5368
47,46,13.9962
47,47,13.4359
47,48,12.8582
47,49,12.2652
47,50,11.659
47,51,11.0416
47,52,10.4149
47,53,9.78044
47,54,9.13993
47,55,8.49475
47,56,7.84614
47,57,7.19519
47,58,6.54281
47,59,5.88977
47,60,5.23668
47,61,4.58401
47,62,3.93211
47,63,3.28117
47,64,2.63131
47,65,1.98254
47,66,1.33475
47,67,0.687789
47,68,0.0414107
47,69,-0.604686
47,70,-1.25085
47,71,-1.89752
47,72,-2.54521
47,73,-3.19449
47,74,-3.84596
47,75,-4.50028
47,76,-5.15816
47,77,-5.82037
47,78,-6.48772
47,79,-7.16112
47,80,-7.84149
47,81,-8.52985
47,82,-9.22726
47,83,-9.93481
47,84,-10.6536
47,85,-11.3848
47,86,-12.1294
47,87,-12.8883
47,88,-13.6624
47,89,-14.4521
47,90,-15.2576
47,91,-16.0784
47,92,-16.9137
47,93,-17.7616
47,94,-18.6193
47,95,-19.4831
47,96,-20.3476
47,97,-21.2062
47,98,-22.0505
47,99,-22.8702
47,100,-23.6534
47,101,-24.3861
47,102,-25.0525
47,103,-25.6354
47,104,-26.1158
47,105,-26.4741
47,106,-26.69
47,107,-26.7439
47,108,-26.6169
47,109,-26.2927
47,110,-25.7578
47,111,-25.0035
47,112,-24.0263
47,113,-22.8295
47,114,-21.4238
47,115,-19.828
47,116,-18.0691
47,117,-16.1818
47,118,-14.208
47,119,-12.1946
47,120,-10.1921
47,121,-8.25183
47,122,-6.42363
47,123,-4.75371
47,124,-3.28303
47,125,-2.0463
47,126,-1.07238
47,127,-0.383342
47,128,0
48,0,0
48,1,2.25181
48,2,4.19608
48,3,5.86089
48,4,7.27845
48,5,8.48513
48,6,9.51742
48,7,10.4099
48,8,11.1934
48,9,11.8941
48,10,12.5331
48,11,13.1266
48,12,13.6863
48,13,14.2198
48,14,14.7318
48,15,15.2243
48,16,15.6976
48,17,16.1509
48,18,16.5824
48,19,16.9898
48,20,17.3708
48,21,17.7229
48,22,18.0436
48,23,18.3308
48,24,18.5824
48,25,18.7966
48,26,18.9717
48,27,19.1065
48,28,19.1999
48,29,19.2511
48,30,19.2595
48,31,19.2249
48,32,19.1473
48,33,19.027
48,34,18.8643
48,35,18.6602
48,36,18.4156
48,37,18.1316
48,38,17.8099
48,39,17.4519
48,40,17.0596
48,41,16.6348
48,42,16.1798
48,43,15.6967
48,44,15.1878
48,45,14.6554
48,46,14.1018
48,47,13.5295
48,48,12.9405
48,49,12.3373
48,50,11.7218
48,51,11.0961
48,52,10.462
48,53,9.82127
48,54,9.17538
48,55,8.52573
48,56,7.87354
48,57,7.21984
48,58,6.5655
48,59,5.91124
48,60,5.25761
48,61,4.60502
48,62,3.95375
48,63,3.30398
48,64,2.65575
48,65,2.00902
48,66,1.36367
48,67,0.719492
48,68,0.0762166
48,69,-0.566484
48,70,-1.20898
48,71,-1.8517
48,72,-2.49517
48,73,-3.13991
48,74,-3.78653
48,75,-4.43566
48,76,-5.088
48,77,-5.7443
48,78,-6.40537
48,79,-7.0721
48,80,-7.74546
48,81,-8.42648
48,82,-9.11628
48,83,-9.81605
48,84,-10.527
48,85,-11.2505
48,86,-11.9876
48,87,-12.7397
48,88,-13.5079
48,89,-14.293
48,90,-15.0956
48,91,-15.9159
48,92,-16.7536
48,93,-17.6075
48,94,-18.4756
48,95,-19.3547
48,96,-20.2404
48,97,-21.1268
48,98,-22.0061
48,99,-22.8687
48,100,-23.7031
48,101,-24.4954
48,102,-25.23
48,103,-25.8891
48,104,-26.4532
48,105,-26.9015
48,106,-27.2123
48,107,-27.3639
48,108,-27.335
48,109,-27.1065
48,110,-26.6619
48,111,-25.989
48,112,-25.081
48,113,-23.9378
48,114,-22.5673
48,115,-20.9856
48,116,-19.2182
48,117,-17.2992
48,118,-15.2707
48,119,-13.1815
48,120,-11.085
48,121,-9.03625
48,122,-7.08976
48,123,-5.29661
48,124,-3.70259
48,125,-2.34675
48,126,-1.26155
48,127,-0.47172
48,128,0
49,0,0
49,1,2.32808
49,2,4.33877
49,3,6.06072
49,4,7.5266
49,5,8.77347
49,6,9.8386
49,7,10.7575
49,8,11.5619
49,9,12.279
49,10,12.9308
49,11,13.534
49,12,14.1009
49,13,14.6398
49,14,15.1554
49,15,15.6501
49,16,16.1245
49,17,16.5776
49,18,17.0079
49,19,17.413
49,20,17.7906
49,21,18.1383
49,22,18.4536
49,23,18.7344
49,24,18.9785
49,25,19.1842
49,26,19.3498
49,27,19.4743
49,28,19.5564
49,29,19.5954
49,30,19.5909
49,31,19.5427
49,32,19.4509
49,33,19.3157
49,34,19.1378
49,35,18.918
49,36,18.6575
49,37,18.3575
49,38,18.0197
49,39,17.6458
49,40,17.2378
49,41,16.7977
49,42,16.3277
49,43,15.8302
49,44,15.3076
49,45,14.7621
49,46,14.1964
49,47,13.6127
49,48,13.0133
49,49,12.4006
49,50,11.7766
49,51,11.1434
49,52,10.5027
49,53,9.85629
49,54,9.20569
49,55,8.55223
49,56,7.89706
49,57,7.24117
49,58,6.58538
49,59,5.93035
49,60,5.27656
49,61,4.62438
49,62,3.97403
49,63,3.32563
49,64,2.67917
49,65,2.03459
49,66,1.39172
49,67,0.750312
49,68,0.110084
49,69,-0.529316
49,70,-1.16827
49,71,-1.80722
49,72,-2.44664
49,73,-3.08707
49,74,-3.72906
49,75,-4.37324
49,76,-5.02025
49,77,-5.67083
49,78,-6.32577
49,79,-6.98594
49,80,-7.6523
49,81,-8.3259
49,82,-9.00789
49,83,-9.69951
49,84,-10.4021
49,85,-11.117
49,86,-11.8457
49,87,-12.5896
49,88,-13.3501
49,89,-14.1286
49,90,-14.9259
49,91,-15.7429
49,92,-16.5796
49,93,-17.4358
49,94,-18.3101
49,95,-19.2001
49,96,-20.1023
49,97,-21.0115
49,98,-21.9208
49,99,-22.8213
49,100,-23.702
49,101,-24.5497
49,102,-25.3486
49,103,-26.0809
49,104,-26.7267
49,105,-27.2642
49,106,-27.6704
49,107,-27.9215
49,108,-27.9943
49,109,-27.8665
49,110,-27.5187
49,111,-26.9351
49,112,-26.1052
49,113,-25.0255
49,114,-23.7003
49,115,-22.143
49,116,-20.3768
49,117,-18.4346
49,118,-16.3587
49,119,-14.1991
49,120,-12.0117
49,121,-9.85545
49,122,-7.78954
49,123,-5.87016
49,124,-4.14826
49,125,-2.66761
49,126,-1.46471
49,127,-0.567214
49,128,0
50,0,0
50,1,2.40042
50,2,4.47477
50,3,6.25204
50,4,7.76517
50,5,9.05163
50,6,10.1494
50,7,11.0946
50,8,11.9199
50,9,12.6534
50,10,13.3177
50,11,13.9304
50,12,14.5044
50,13,15.0482
50,14,15.5672
50,15,16.0638
50,16,16.5388
50,17,16.9913
50,18,17.4199
50,19,17.8223
50,20,18.1962
50,21,18.5391
50,22,18.8487
50,23,19.1226
50,24,19.359
50,25,19.5559
50,26,19.712
50,27,19.8258
50,28,19.8965
50,29,19.9233
50,30,19.9059
50,31,19.8441
50,32,19.738
50,33,19.5881
50,34,19.3951
50,35,19.1599
50,36,18.8838
50,37,18.5682
50,38,18.2147
50,39,17.8254
50,40,17.4021
50,41,16.9472
50,42,16.4629
50,43,15.9517
50,44,15.416
50,45,14.8583
50,46,14.281
50,47,13.6867
50,48,13.0777
50,49,12.4563
50,50,11.8245
50,51,11.1845
50,52,10.5379
50,53,9.88661
50,54,9.23197
50,55,8.5753
50,56,7.91772
50,57,7.26016
50,58,6.60338
50,59,5.94798
50,60,5.29438
50,61,4.64289
50,62,3.99368
50,63,3.34682
50,64,2.70225
50,65,2.05986
50,66,1.41945
50,67,0.780765
50,68,0.14348
50,69,-0.492767
50,70,-1.12837
50,71,-1.76376
50,72,-2.39939
50,73,-3.03577
50,74,-3.67343
50,75,-4.31295
50,76,-4.95495
50,77,-5.60011
50,78,-6.24919
50,79,-6.90304
50,80,-7.56258
50,81,-8.22886
50,82,-8.90303
50,83,-9.58634
50,84,-10.2802
50,85,-10.9861
50,86,-11.7055
50,87,-12.4402
50,88,-13.1918
50,89,-13.9618
50,90,-14.7518
50,91,-15.5628
50,92,-16.3957
50,93,-17.2507
50,94,-18.1273
50,95,-19.0239
50,96,-19.9379
50,97,-20.8649
50,98,-21.799
50,99,-22.7321
50,100,-23.654
50,101,-24.552
50,102,-25.4109
50,103,-26.2127
50,104,-26.9374
50,105,-27.5623
50,106,-28.0633
50,107,-28.4151
50,108,-28.592
50,109,-28.5692
50,110,-28.3239
50,111,-27.8369
50,112,-27.0938
50,113,-26.0872
50,114,-24.8176
50,115,-23.295
50,116,-21.5401
50,117,-19.584
50,118,-17.4684
50,119,-15.2445
50,120,-12.9702
50,121,-10.7083
50,122,-8.52244
50,123,-6.4743
50,124,-4.62027
50,125,-3.00929
50,126,-1.68224
50,127,-0.670067
50,128,0
51,0,0
51,1,2.46852
51,2,4.60354
51,3,6.43414
51,4,7.9933
51,5,9.31872
51,6,10.4487
51,7,11.4202
51,8,12.2664
51,9,13.0162
51,10,13.693
51,11,14.3151
51,12,14.8959
51,13,15.4445
51,14,15.9664
51,15,16.4645
51,16,16.9397
51,17,17.3914
51,18,17.8179
51,19,18.2172
51,20,18.5871
51,21,18.9249
51,22,19.2284
51,23,19.4953
51,24,19.7237
51,25,19.9117
51,26,20.0579
51,27,20.1611
51,28,20.2203
51,29,20.2349
51,30,20.2045
51,31,20.1292
51,32,20.009
51,33,19.8446
51,34,19.6367
51,35,19.3864
51,36,19.0951
51,37,18.7642
51,38,18.3956
51,39,17.9913
51,40,17.5534
51,41,17.0843
51,42,16.5864
51,43,16.0621
51,44,15.514
51,45,14.9448
51,46,14.3569
51,47,13.7528
51,48,13.1349
51,49,12.5054
51,50,11.8667
51,51,11.2206
51,52,10.5689
51,53,9.91328
51,54,9.25521
51,55,8.59592
51,56,7.93646
51,57,7.27771
51,58,6.62036
51,59,5.96495
51,60,5.31184
51,61,4.66129
51,62,4.0134
51,63,3.36819
51,64,2.72557
51,65,2.08539
51,66,1.4474
51,67,0.811336
51,68,0.176854
51,69,-0.45642
51,70,-1.08889
51,71,-1.72097
51,72,-2.3531
51,73,-2.98575
51,74,-3.61942
51,75,-4.25465
51,76,-4.89199
51,77,-5.53211
51,78,-6.17571
51,79,-6.82357
51,80,-7.4766
51,81,-8.13581
51,82,-8.80231
51,83,-9.47739
51,84,-10.1624
51,85,-10.859
51,86,-11.5688
51,87,-12.2935
51,88,-13.0351
51,89,-13.7954
51,90,-14.5761
51,91,-15.379
51,92,-16.2054
51,93,-17.056
51,94,-17.9313
51,95,-18.8304
51,96,-19.7516
51,97,-20.6915
51,98,-21.6451
51,99,-22.6055
51,100,-23.5631
51,101,-24.5062
51,102,-25.42
51,103,-26.2869
51,104,-27.0867
51,105,-27.7965
51,106,-28.391
51,107,-28.8435
51,108,-29.1262
51,109,-29.2116
51,110,-29.0739
51,111,-28.6901
51,112,-28.0419
51,113,-27.1176
51,114,-25.9136
51,115,-24.4364
51,116,-22.7031
51,117,-20.7429
51,118,-18.5963
51,119,-16.3148
51,120,-13.9585
51,121,-11.5933
51,122,-9.28772
51,123,-7.1088
51,124,-5.11876
51,125,-3.37208
51,126,-1.91447
51,127,-0.780501
51,128,0
52,0,0
52,1,2.53212
52,2,4.72458
52,3,6.60635
52,4,8.21021
52,5,9.57385
52,6,10.7358
52,7,11.7334
52,8,12.6005
52,9,13.3666
52,10,14.0559
52,11,14.6873
52,12,15.2747
52,13,15.8277
52,14,16.3524
52,15,16.8517
52,16,17.3268
52,17,17.7771
52,18,18.2013
52,19,18.5973
52,20,18.9627
52,21,19.2952
52,22,19.5924
52,23,19.8521
52,24,20.0723
52,25,20.2513
52,26,20.3876
52,27,20.48
52,28,20.5278
52,29,20.5302
52,30,20.487
52,31,20.3983
52,32,20.2642
52,33,20.0856
52,34,19.8631
52,35,19.5981
52,36,19.2919
52,37,18.9463
52,38,18.5631
52,39,18.1444
52,40,17.6925
52,41,17.2099
52,42,16.699
52,43,16.1624
52,44,15.6028
52,45,15.0228
52,46,14.4249
52,47,13.8118
52,48,13.1857
52,49,12.5491
52,50,11.9041
52,51,11.2526
52,52,10.5965
52,53,9.93723
52,54,9.27633
52,55,8.61496
52,56,7.95411
52,57,7.29461
52,58,6.63707
52,59,5.98196
52,60,5.32961
52,61,4.6802
52,62,4.03377
52,63,3.39031
52,64,2.74967
52,65,2.11166
52,66,1.47603
52,67,0.842471
52,68,0.210629
52,69,-0.419875
52,70,-1.04945
52,71,-1.67849
52,72,-2.30743
52,73,-2.9367
52,74,-3.56675
52,75,-4.19807
52,76,-4.83118
52,77,-5.46668
52,78,-6.10522
52,79,-6.74753
52,80,-7.39445
52,81,-8.04695
52,82,-8.70611
52,83,-9.37317
52,84,-10.0495
52,85,-10.7368
52,86,-11.4367
52,87,-12.151
52,88,-12.8819
52,89,-13.6313
52,90,-14.4015
52,91,-15.1944
52,92,-16.0119
52,93,-16.8555
52,94,-17.7261
52,95,-18.6239
52,96,-19.5479
52,97,-20.4958
52,98,-21.4639
52,99,-22.4459
52,100,-23.4337
52,101,-24.4162
52,102,-25.3795
52,103,-26.3065
52,104,-27.1772
52,105,-27.9684
52,106,-28.6542
52,107,-29.2064
52,108,-29.5956
52,109,-29.7916
52,110,-29.7656
52,111,-29.4908
52,112,-28.9449
52,113,-28.1117
52,114,-26.9834
52,115,-25.562
52,116,-23.8611
52,117,-21.9068
52,118,-19.7384
52,119,-17.4069
52,120,-14.974
52,121,-12.5089
52,122,-10.0844
52,123,-7.77325
52,124,-5.64371
52,125,-3.75619
52,126,-2.16167
52,127,-0.898715
52,128,0
53,0,0
53,1,2.59097
53,2,4.83743
53,3,6.76804
53,4,8.41516
53,5,9.81621
53,6,11.0097
53,7,12.0333
53,8,12.9213
53,9,13.7037
53,10,14.4055
53,11,15.0461
53,12,15.64
53,13,16.1974
53,14,16.7245
53,15,17.2247
53,16,17.6994
53,17,18.1482
53,18,18.5697
53,19,18.962
53,20,19.3228
53,21,19.6497
53,22,19.9404
53,23,20.1927
53,24,20.4047
53,25,20.5745
53,26,20.7009
53,27,20.7827
53,28,20.819
53,29,20.8094
53,30,20.7536
53,31,20.6516
53,32,20.504
53,33,20.3114
53,34,20.0748
53,35,19.7955
53,36,19.475
53,37,19.1152
53,38,18.7179
53,39,18.2855
53,40,17.8203
53,41,17.3249
53,42,16.8017
53,43,16.2536
53,44,15.6832
53,45,15.0932
53,46,14.4862
53,47,13.8648
53,48,13.2314
53,49,12.5883
53,50,11.9377
53,51,11.2816
53,52,10.6216
53,53,9.95932
53,54,9.29614
53,55,8.6332
53,56,7.97141
53,57,7.31154
53,58,6.65415
53,59,5.99963
53,60,5.34826
53,61,4.70015
53,62,4.0553
53,63,3.41364
53,64,2.77499
53,65,2.13912
53,66,1.50576
53,67,0.874563
53,68,0.245188
53,69,-0.382759
53,70,-1.00968
53,71,-1.63597
53,72,-2.26203
53,73,-2.88826
53,74,-3.51507
53,75,-4.14289
53,76,-4.77221
53,77,-5.40355
53,78,-6.0375
53,79,-6.67473
53,80,-7.31602
53,81,-7.96227
53,82,-8.61451
53,83,-9.27393
53,84,-9.9419
53,85,-10.62
53,86,-11.3099
53,87,-12.0137
53,88,-12.7334
53,89,-13.4714
53,90,-14.2299
53,91,-15.0114
53,92,-15.8182
53,93,-16.6523
53,94,-17.5153
53,95,-18.4082
53,96,-19.331
53,97,-20.2825
53,98,-21.2599
53,99,-22.2582
53,100,-23.2703
53,101,-24.2864
53,102,-25.2934
53,103,-26.2751
53,104,-27.2117
53,105,-28.0801
53,106,-28.854
53,107,-29.5042
53,108,-29.9995
53,109,-30.3076
53,110,-30.3964
53,111,-30.2356
53,112,-29.7988
53,113,-29.0652
53,114,-28.0221
53,115,-26.6669
53,116,-25.009
53,117,-23.0713
53,118,-20.8906
53,119,-18.5174
53,120,-16.0143
53,121,-13.4532
53,122,-10.9114
53,123,-8.46707
53,124,-6.19497
53,125,-4.16175
53,126,-2.42406
53,127,-1.02488
53,128,0
54,0,0
54,1,2.64485
54,2,4.9417
54,3,6.91867
54,4,8.60746
54,5,10.045
54,6,11.2697
54,7,12.3191
54,8,13.228
54,9,14.0268
54,10,14.7411
54,11,15.3908
54,12,15.9912
54,13,16.5527
54,14,17.0821
54,15,17.5831
54,16,18.0571
54,17,18.5041
54,18,18.9227
54,19,19.3111
54,20,19.6671
54,21,19.9882
54,22,20.2723
54,23,20.5171
54,24,20.7207
54,25,20.8815
54,26,20.998
54,27,21.0692
54,28,21.0942
54,29,21.0727
54,30,21.0045
54,31,20.8897
54,32,20.7288
54,33,20.5227
54,34,20.2724
54,35,19.9793
54,36,19.645
54,37,19.2715
54,38,18.8609
54,39,18.4154
54,40,17.9376
54,41,17.4301
54,42,16.8955
54,43,16.3366
54,44,15.7561
54,45,15.1569
54,46,14.5416
54,47,13.9126
54,48,13.2727
54,49,12.6239
54,50,11.9684
54,51,11.3082
54,52,10.645
54,53,9.98029
54,54,9.31535
54,55,8.65129
54,56,7.98897
54,57,7.32909
54,58,6.67214
54,59,6.01846
54,60,5.36825
54,61,4.72157
54,62,4.07839
54,63,3.43856
54,64,2.80189
54,65,2.16811
54,66,1.53691
54,67,0.90795
54,68,0.280864
54,69,-0.344736
54,70,-0.969251
54,71,-1.59307
54,72,-2.21655
54,73,-2.84008
54,74,-3.46402
54,75,-4.08875
54,76,-4.71471
54,77,-5.34235
54,78,-5.9722
54,79,-6.60487
54,80,-7.24105
54,81,-7.88157
54,82,-8.52739
54,83,-9.17964
54,84,-9.83964
54,85,-10.5089
54,86,-11.1892
54,87,-11.8824
54,88,-12.5909
54,89,-13.3169
54,90,-14.0631
54,91,-14.8321
54,92,-15.6266
54,93,-16.4492
54,94,-17.3021
54,95,-18.1871
54,96,-19.105
54,97,-20.0558
54,98,-21.0376
54,99,-22.0469
54,100,-23.0777
54,101,-24.1213
54,102,-25.166
54,103,-26.1964
54,104,-27.1935
54,105,-28.1343
54,106,-28.9925
54,107,-29.7379
54,108,-30.3381
54,109,-30.7586
54,110,-30.9645
54,111,-30.9219
54,112,-30.6001
54,113,-29.9737
54,114,-29.0249
54,115,-27.7461
54,116,-26.1421
54,117,-24.2317
54,118,-22.0489
54,119,-19.6429
54,120,-17.0765
54,121,-14.4242
54,122,-11.7672
54,123,-9.18953
54,124,-6.77227
54,125,-4.58877
54,126,-2.70181
54,127,-1.15916
54,128,0
55,0,0
55,1,2.69358
55,2,5.03701
55,3,7.05771
55,4,8.78651
55,5,10.2596
55,6,11.515
55,7,12.59
55,8,13.5198
55,9,14.3351
55,10,15.0619
55,11,15.7209
55,12,16.3276
55,13,16.8932
55,14,17.4247
55,15,17.9262
55,16,18.3994
55,17,18.8443
55,18,19.2599
55,19,19.6442
55,20,19.9952
55,21,20.3105
55,22,20.5878
55,23,20.8251
55,24,21.0204
55,25,21.1721
55,26,21.2788
55,27,21.3395
55,28,21.3535
55,29,21.3204
55,30,21.24
55,31,21.1127
55,32,20.939
55,33,20.7198
55,34,20.4563
55,35,20.15
55,36,19.8025
55,37,19.416
55,38,18.9927
55,39,18.5349
55,40,18.0452
55,41,17.5263
55,42,16.9811
55,43,16.4122
55,44,15.8225
55,45,15.2149
55,46,14.5919
55,47,13.9563
55,48,13.3104
55,49,12.6566
55,50,11.9969
55,51,11.3333
55,52,10.6674
55,53,10.0008
55,54,9.33455
55,55,8.66979
55,56,8.00731
55,57,7.34772
55,58,6.69147
55,59,6.03884
55,60,5.38995
55,61,4.74482
55,62,4.10336
55,63,3.46539
55,64,2.83067
55,65,2.19891
55,66,1.56977
55,67,0.942908
55,68,0.317941
55,69,-0.305515
55,70,-0.927853
55,71,-1.54945
55,72,-2.17066
55,73,-2.7918
55,74,-3.41322
55,75,-4.03526
55,76,-4.65828
55,77,-5.28268
55,78,-5.90892
55,79,-6.53753
55,80,-7.16914
55,81,-7.80449
55,82,-8.44445
55,83,-9.09008
55,84,-9.74262
55,85,-10.4035
55,86,-11.0745
55,87,-11.7575
55,88,-12.4548
55,89,-13.1687
55,90,-13.9022
55,91,-14.658
55,92,-15.4391
55,93,-16.2486
55,94,-17.0893
55,95,-17.9637
55,96,-18.8735
55,97,-19.8195
55,98,-20.8013
55,99,-21.8164
55,100,-22.8603
55,101,-23.9257
55,102,-25.0019
55,103,-26.0748
55,104,-27.1264
55,105,-28.1342
55,106,-29.0719
55,107,-29.9091
55,108,-30.612
55,109,-31.1444
55,110,-31.4686
55,111,-31.5473
55,112,-31.3457
55,113,-30.8335
55,114,-29.9876
55,115,-28.7952
55,116,-27.2558
55,117,-25.3836
55,118,-23.2092
55,119,-20.7796
55,120,-18.1577
55,121,-15.4195
55,122,-12.6504
55,123,-9.93972
55,124,-7.3752
55,125,-5.0372
55,126,-2.99503
55,127,-1.30166
55,128,0
56,0,0
56,1,2.73699
56,2,5.12308
56,3,7.18473
56,4,8.95173
56,5,10.4593
56,6,11.7448
56,7,12.8454
56,8,13.796
56,9,14.6279
56,10,15.3673
56,11,16.0356
56,12,16.6487
56,13,17.2183
56,14,17.7518
56,15,18.2537
56,16,18.7259
56,17,19.1686
56,18,19.5809
56,19,19.9611
56,20,20.3069
56,21,20.6163
56,22,20.8869
56,23,21.1166
56,24,21.3037
56,25,21.4464
56,26,21.5435
56,27,21.5939
56,28,21.5971
56,29,21.5526
56,30,21.4605
56,31,21.3211
56,32,21.135
56,33,20.9032
56,34,20.6271
56,35,20.3081
56,36,19.9482
56,37,19.5494
56,38,19.1141
56,39,18.6447
56,40,18.1439
56,41,17.6145
56,42,17.0593
56,43,16.4812
56,44,15.8831
56,45,15.2678
56,46,14.638
56,47,13.9964
56,48,13.3453
56,49,12.6871
56,50,12.0239
56,51,11.3574
56,52,10.6894
56,53,10.0213
56,54,9.35423
56,55,8.68915
56,56,8.02683
56,57,7.36781
56,58,6.71249
56,59,6.06107
56,60,5.41363
56,61,4.77013
56,62,4.13044
56,63,3.49433
56,64,2.86153
56,65,2.23172
56,66,1.60455
56,67,0.979651
56,68,0.356645
56,69,-0.264851
56,70,-0.885224
56,71,-1.50484
56,72,-2.12403
56,73,-2.74309
56,74,-3.36232
56,75,-3.98201
56,76,-4.60248
56,77,-5.22407
56,78,-5.84717
56,79,-6.47224
56,80,-7.09981
56,81,-7.73055
56,82,-8.36525
56,83,-9.00485
56,84,-9.65052
56,85,-10.3036
56,86,-10.9658
56,87,-11.639
56,88,-12.3254
56,89,-13.0274
56,90,-13.748
56,91,-14.4902
56,92,-15.2572
56,93,-16.0525
56,94,-16.8793
56,95,-17.7408
56,96,-18.6396
56,97,-19.5775
56,98,-20.555
56,99,-21.5712
56,100,-22.6228
56,101,-23.7039
56,102,-24.8055
56,103,-25.9146
56,104,-27.0144
56,105,-28.0833
56,106,-29.0953
56,107,-30.0199
56,108,-30.8225
56,109,-31.4653
56,110,-31.9081
56,111,-32.1104
56,112,-32.0331
56,113,-31.6413
56,114,-30.9064
56,115,-29.8098
56,116,-28.3455
56,117,-26.5224
56,118,-24.3671
56,119,-21.9239
56,120,-19.2547
56,121,-16.4369
56,122,-13.5593
56,123,-10.7166
56,124,-8.00322
56,125,-5.50685
56,126,-3.30374
56,127,-1.45248
56,128,0
57,0,0
57,1,2.77497
57,2,5.19962
57,3,7.29934
57,4,9.10262
57,5,10.6436
57,6,11.9586
57,7,13.0845
57,8,14.056
57,9,14.9045
57,10,15.6567
57,11,16.3343
57,12,16.9539
57,13,17.5275
57,14,18.0629
57,15,18.5651
57,16,19.0362
57,17,19.4766
57,18,19.8856
57,19,20.2614
57,20,20.6021
57,21,20.9055
57,22,21.1694
57,23,21.3917
57,24,21.5705
57,25,21.7044
57,26,21.7921
57,27,21.8325
57,28,21.8252
57,29,21.7697
57,30,21.6663
57,31,21.5152
57,32,21.3173
57,33,21.0735
57,34,20.7853
57,35,20.4544
57,36,20.0826
57,37,19.6723
57,38,19.2257
57,39,18.7454
57,40,18.2343
57,41,17.6952
57,42,17.1309
57,43,16.5444
57,44,15.9387
57,45,15.3165
57,46,14.6806
57,47,14.0336
57,48,13.378
57,49,12.7161
57,50,12.0498
57,51,11.3811
57,52,10.7115
57,53,10.0423
57,54,9.37477
57,55,8.70971
57,56,8.04783
57,57,7.38963
57,58,6.73542
57,59,6.08536
57,60,5.43947
57,61,4.79768
57,62,4.15978
57,63,3.52552
57,64,2.89461
57,65,2.26669
57,66,1.64139
57,67,1.01834
57,68,0.39715
57,69,-0.222551
57,70,-0.841145
57,71,-1.45899
57,72,-2.07639
57,73,-2.69362
57,74,-3.31095
57,75,-3.92862
57,76,-4.5469
57,77,-5.16607
57,78,-5.78646
57,79,-6.40846
57,80,-7.03251
57,81,-7.6592
57,82,-8.28921
57,83,-8.92341
57,84,-9.56284
57,85,-10.2088
57,86,-10.8628
57,87,-11.5267
57,88,-12.2026
57,89,-12.8931
57,90,-13.601
57,91,-14.3295
57,92,-15.0819
57,93,-15.8621
57,94,-16.6738
57,95,-17.5207
57,96,-18.4061
57,97,-19.3327
57,98,-20.3024
57,99,-21.3152
57,100,-22.3694
57,101,-23.4606
57,102,-24.5814
57,103,-25.7203
57,104,-26.8618
57,105,-27.9854
57,106,-29.066
57,107,-30.073
57,108,-30.9714
57,109,-31.7221
57,110,-32.2828
57,111,-32.6099
57,112,-32.6604
57,113,-32.3943
57,114,-31.7777
57,115,-30.7859
57,116,-29.4069
57,117,-27.6439
57,118,-25.5186
57,119,-23.072
57,120,-20.3644
57,121,-17.4738
57,122,-14.492
57,123,-11.5189
57,124,-8.65569
57,125,-5.99749
57,126,-3.62794
57,127,-1.61168
57,128,0
58,0,0
58,1,2.80741
58,2,5.26644
58,3,7.4012
58,4,9.23875
58,5,10.8118
58,6,12.1558
58,7,13.3067
58,8,14.2991
58,9,15.1644
58,10,15.9296
58,11,16.6166
58,12,17.2427
58,13,17.8203
58,14,18.3577
58,15,18.8601
58,16,19.33
58,17,19.7681
58,18,20.1736
58,19,20.5451
58,20,20.8806
58,21,21.1781
58,22,21.4353
58,23,21.6502
58,24,21.821
58,25,21.9463
58,26,22.0248
58,27,22.0555
58,28,22.038
58,29,21.972
58,30,21.8577
58,31,21.6955
58,32,21.4863
58,33,21.2311
58,34,20.9315
58,35,20.5893
58,36,20.2064
58,37,19.7852
58,38,19.3281
58,39,18.8378
58,40,18.3172
58,41,17.7691
58,42,17.1965
58,43,16.6024
58,44,15.9898
58,45,15.3614
58,46,14.7201
58,47,14.0685
58,48,13.4091
58,49,12.744
58,50,12.0753
58,51,11.4048
58,52,10.7339
58,53,10.0642
58,54,9.39647
58,55,8.73172
58,56,8.07053
58,57,7.41334
58,58,6.7604
58,59,6.11183
58,60,5.46758
58,61,4.82753
58,62,4.19144
58,63,3.55904
58,64,2.92997
58,65,2.30388
58,66,1.68037
58,67,1.05906
58,68,0.439575
58,69,-0.178471
58,70,-0.795441
58,71,-1.41169
58,72,-2.02749
58,73,-2.64312
58,74,-3.25879
58,75,-3.87471
58,76,-4.49111
58,77,-5.10821
58,78,-5.72629
58,79,-6.34564
58,80,-6.96666
58,81,-7.58981
58,82,-8.21571
58,83,-8.84511
58,84,-9.47894
58,85,-10.1184
58,86,-10.7649
58,87,-11.4201
58,88,-12.0863
58,89,-12.7657
58,90,-13.4612
58,91,-14.1761
58,92,-14.9139
58,93,-15.6786
58,94,-16.4743
58,95,-17.3052
58,96,-18.1753
58,97,-19.0881
58,98,-20.0465
58,99,-21.052
58,100,-22.1041
58,101,-23.2001
58,102,-24.3341
58,103,-25.4964
58,104,-26.6729
58,105,-27.8448
58,106,-28.9876
58,107,-30.0714
58,108,-31.061
58,109,-31.9163
58,110,-32.5933
58,111,-33.0455
58,112,-33.2261
58,113,-33.0902
58,114,-32.5984
58,115,-31.7198
58,116,-30.4359
58,117,-28.7439
58,118,-26.6597
58,119,-24.2202
58,120,-21.4835
58,121,-18.5275
58,122,-15.4466
58,123,-12.3454
58,124,-9.33182
58,125,-6.50876
58,126,-3.96755
58,127,-1.77929
58,128,0
59,0,0
59,1,2.83426
59,2,5.32337
59,3,7.49005
59,4,9.35974
59,5,10.9636
59,6,12.3358
59,7,13.5115
59,8,14.5248
59,9,15.407
59,10,16.1852
59,11,16.882
59,12,17.5147
59,13,18.0964
59,14,18.6358
59,15,19.1384
59,16,19.6071
59,17,20.0427
59,18,20.4448
59,19,20.8119
59,20,21.1423
59,21,21.4339
59,22,21.6845
59,23,21.8922
59,24,22.0552
59,25,22.1721
59,26,22.2417
59,27,22.2631
59,28,22.2359
59,29,22.1598
59,30,22.0351
59,31,21.8623
59,32,21.6423
59,33,21.3765
59,34,21.0662
59,35,20.7134
59,36,20.3201
59,37,19.8888
59,38,19.422
59,39,18.9225
59,40,18.3931
59,41,17.8369
59,42,17.2568
59,43,16.6558
59,44,16.037
59,45,15.4032
59,46,14.7572
59,47,14.1017
59,48,13.4389
59,49,12.7712
59,50,12.1006
59,51,11.4287
59,52,10.7571
59,53,10.087
59,54,9.41952
59,55,8.75534
59,56,8.09506
59,57,7.43905
59,58,6.78752
59,59,6.14053
59,60,5.49798
59,61,4.85971
59,62,4.22545
59,63,3.59487
59,64,2.96762
59,65,2.3433
59,66,1.72152
59,67,1.10188
59,68,0.483992
59,69,-0.132511
59,70,-0.747983
59,71,-1.36277
59,72,-1.97714
59,73,-2.59133
59,74,-3.20554
59,75,-3.81995
59,76,-4.43473
59,77,-5.05006
59,78,-5.66615
59,79,-6.28324
59,80,-6.90165
59,81,-7.52176
59,82,-8.14408
59,83,-8.76926
59,84,-9.39812
59,85,-10.0317
59,86,-10.6714
59,87,-11.3187
59,88,-11.9757
59,89,-12.6446
59,90,-13.3284
59,91,-14.0301
59,92,-14.7534
59,93,-15.5025
59,94,-16.2817
59,95,-17.0956
59,96,-17.9489
59,97,-18.8459
59,98,-19.7903
59,99,-20.7848
59,100,-21.8306
59,101,-22.9263
59,102,-24.0678
59,103,-25.2472
59,104,-26.4523
59,105,-27.6656
59,106,-28.864
59,107,-30.0185
59,108,-31.094
59,109,-32.0499
59,110,-32.8406
59,111,-33.4172
59,112,-33.7292
59,113,-33.7271
59,114,-33.3659
59,115,-32.6083
59,116,-31.4289
59,117,-29.8182
59,118,-27.7862
59,119,-25.3647
59,120,-22.6087
59,121,-19.5954
59,122,-16.421
59,123,-13.1946
59,124,-10.0307
59,125,-7.04021
59,126,-4.32241
59,127,-1.95531
59,128,0
60,0,0
60,1,2.85547
60,2,5.37031
60,3,7.56568
60,4,9.46529
60,5,11.0986
60,6,12.4982
60,7,13.6983
60,8,14.7325
60,9,15.6317
60,10,16.4232
60,11,17.1298
60,12,17.7694
60,13,18.3553
60,14,18.8968
60,15,19.3997
60,16,19.8672
60,17,20.3004
60,18,20.699
60,19,21.0619
60,20,21.3871
60,21,21.6729
60,22,21.917
60,23,22.1177
60,24,22.2732
60,25,22.382
60,26,22.443
60,27,22.4555
60,28,22.4189
60,29,22.3332
60,30,22.1987
60,31,22.0159
60,32,21.7859
60,33,21.51
60,34,21.1897
60,35,20.827
60,36,20.4242
60,37,19.9836
60,38,19.5079
60,39,18.9999
60,40,18.4626
60,41,17.899
60,42,17.3122
60,43,16.7051
60,44,16.0809
60,45,15.4423
60,46,14.7923
60,47,14.1333
60,48,13.4679
60,49,12.7981
60,50,12.126
60,51,11.4532
60,52,10.7811
60,53,10.1111
60,54,9.44405
60,55,8.78066
60,56,8.12147
60,57,7.46679
60,58,6.81678
60,59,6.17144
60,60,5.53064
60,61,4.89418
60,62,4.26175
60,63,3.63299
60,64,3.00752
60,65,2.38494
60,66,1.76483
60,67,1.14679
60,68,0.530426
60,69,-0.084617
60,70,-0.698686
60,71,-1.31212
60,72,-1.92517
60,73,-2.53806
60,74,-3.15097
60,75,-3.76403
60,76,-4.37739
60,77,-4.99119
60,78,-5.60558
60,79,-6.22074
60,80,-6.83691
60,81,-7.45439
60,82,-8.07361
60,83,-8.69511
60,84,-9.31961
60,85,-9.94803
60,86,-10.5816
60,87,-11.2217
60,88,-11.8702
60,89,-12.5294
60,90,-13.202
60,91,-13.8911
60,92,-14.6004
60,93,-15.334
60,94,-16.0965
60,95,-16.8929
60,96,-17.7283
60,97,-18.6078
60,98,-19.5359
60,99,-20.5165
60,100,-21.552
60,101,-22.6428
60,102,-23.7865
60,103,-24.9771
60,104,-26.2042
60,105,-27.452
60,106,-28.6993
60,107,-29.9179
60,108,-31.0735
60,109,-32.1252
60,110,-33.0263
60,111,-33.7256
60,112,-34.1694
60,113,-34.3038
60,114,-34.078
60,115,-33.4483
60,116,-32.3823
60,117,-30.8634
60,118,-28.8945
60,119,-26.5018
60,120,-23.7367
60,121,-20.6746
60,122,-17.413
60,123,-14.065
60,124,-10.7515
60,125,-7.59135
60,126,-4.69235
60,127,-2.13972
60,128,0
61,0,0
61,1,2.87105
61,2,5.40719
61,3,7.62795
61,4,9.55515
61,5,11.2164
61,6,12.6426
61,7,13.8668
61,8,14.9217
61,9,15.8381
61,10,16.6432
61,11,17.3599
61,12,18.0065
61,13,18.5968
61,14,19.1405
61,15,19.6437
61,16,20.1101
61,17,20.5409
61,18,20.9362
61,19,21.2947
61,20,21.615
61,21,21.8951
61,22,22.133
61,23,22.3269
61,24,22.475
61,25,22.5761
61,26,22.6289
61,27,22.6329
61,28,22.5875
61,29,22.4927
61,30,22.3489
61,31,22.1568
61,32,21.9174
61,33,21.6321
61,34,21.3025
61,35,20.9308
61,36,20.5191
61,37,20.07
61,38,19.5862
61,39,19.0706
61,40,18.5262
61,41,17.956
61,42,17.3631
61,43,16.7507
61,44,16.1217
61,45,15.4791
61,46,14.8256
61,47,14.1639
61,48,13.4962
61,49,12.8248
61,50,12.1516
61,51,11.4783
61,52,10.8062
61,53,10.1365
61,54,9.47011
61,55,8.80771
61,56,8.14976
61,57,7.49652
61,58,6.84812
61,59,6.20449
61,60,5.56549
61,61,4.93084
61,62,4.30024
61,63,3.67329
61,64,3.04959
61,65,2.42871
61,66,1.81023
61,67,1.19375
61,68,0.578865
61,69,-0.0347736
61,70,-0.6475
61,71,-1.25964
61,72,-1.87146
61,73,-2.48314
61,74,-3.09484
61,75,-3.70669
61,76,-4.31879
61,77,-4.93123
61,78,-5.54414
61,79,-6.15762
61,80,-6.77186
61,81,-7.38709
61,82,-8.00364
61,83,-8.62194
61,84,-9.24262
61,85,-9.86646
61,86,-10.4945
61,87,-11.1281
61,88,-11.769
61,89,-12.4192
61,90,-13.0814
61,91,-13.7585
61,92,-14.4543
61,93,-15.1728
61,94,-15.9189
61,95,-16.6976
61,96,-17.5145
61,97,-18.3752
61,98,-19.2852
61,99,-20.2493
61,100,-21.2713
61,101,-22.3531
61,102,-23.494
61,103,-24.69
61,104,-25.9327
61,105,-27.2085
61,106,-28.4976
61,107,-29.7735
61,108,-31.0029
61,109,-32.1448
61,110,-33.1521
61,111,-33.9717
61,112,-34.5468
61,113,-34.8192
61,114,-34.7329
61,115,-34.2374
61,116,-33.2931
61,117,-31.8756
61,118,-29.9807
61,119,-27.6281
61,120,-24.8642
61,121,-21.7623
61,122,-18.4203
61,123,-14.9548
61,124,-11.493
61,125,-8.16158
61,126,-5.0771
61,127,-2.33247
61,128,0
62,0,0
62,1,2.88102
62,2,5.43401
62,3,7.67678
62,4,9.62915
62,5,11.3167
62,6,12.7686
62,7,14.0164
62,8,15.0921
62,9,16.0258
62,10,16.8446
62,11,17.5717
62,12,18.2256
62,13,18.8205
62,14,19.3665
62,15,19.8703
62,16,20.3356
62,17,20.7641
62,18,21.1561
62,19,21.5105
62,20,21.8259
62,21,22.1005
62,22,22.3323
62,23,22.5197
62,24,22.6608
62,25,22.7545
62,26,22.7996
62,27,22.7955
62,28,22.7417
62,29,22.6385
62,30,22.4861
62,31,22.2852
62,32,22.0371
62,33,21.7431
62,34,21.4051
62,35,21.025
62,36,20.6053
62,37,20.1485
62,38,19.6574
62,39,19.1349
62,40,18.5841
62,41,18.0081
62,42,17.41
62,43,16.7929
62,44,16.1599
62,45,15.5139
62,46,14.8575
62,47,14.1935
62,48,13.5242
62,49,12.8516
62,50,12.1778
62,51,11.5042
62,52,10.8323
62,53,10.1632
62,54,9.49769
62,55,8.83644
62,56,8.17986
62,57,7.52817
62,58,6.88143
62,59,6.23957
62,60,5.60238
62,61,4.96958
62,62,4.3408
62,63,3.71565
62,64,3.0937
62,65,2.47451
62,66,1.85764
62,67,1.24269
62,68,0.629263
62,69,0.0170017
62,70,-0.594413
62,71,-1.2053
62,72,-1.81591
62,73,-2.42643
62,74,-3.03699
62,75,-3.6477
62,76,-4.25863
62,77,-4.86985
62,78,-5.48143
62,79,-6.09344
62,80,-6.706
62,81,-7.31927
62,82,-7.93349
62,83,-8.54902
62,84,-9.16636
62,85,-9.78617
62,86,-10.4094
62,87,-11.0372
62,88,-11.6711
62,89,-12.3132
62,90,-12.9657
62,91,-13.6317
62,92,-14.3146
62,93,-15.0187
62,94,-15.7486
62,95,-16.5097
62,96,-17.3078
62,97,-18.149
62,98,-19.0395
62,99,-19.9851
62,100,-20.9908
62,101,-22.0599
62,102,-23.1936
62,103,-24.3897
62,104,-25.642
62,105,-26.939
62,106,-28.263
62,107,-29.5893
62,108,-30.8856
62,109,-32.1119
62,110,-33.2205
62,111,-34.157
62,112,-34.8619
62,113,-35.2732
62,114,-35.3293
62,115,-34.9734
62,116,-34.1584
62,117,-32.8519
62,118,-31.0415
62,119,-28.74
62,120,-25.9881
62,121,-22.8558
62,122,-19.4408
62,123,-15.8626
62,124,-12.2541
62,125,-8.75025
62,126,-5.47637
62,127,-2.53346
62,128,0
63,0,0
63,1,2.88545
63,2,5.45083
63,3,7.71214
63,4,9.68716
63,5,11.3993
63,6,12.8759
63,7,14.1469
63,8,15.2432
63,9,16.1943
63,10,17.0272
63,11,17.7649
63,12,18.4264
63,13,19.0262
63,14,19.5747
63,15,20.0791
63,16,20.5436
63,17,20.97
63,18,21.3587
63,19,21.7091
63,20,22.0198
63,21,22.2891
63,22,22.5152
63,23,22.6962
63,24,22.8307
63,25,22.9173
63,26,22.9551
63,27,22.9434
63,28,22.8819
63,29,22.7708
63,30,22.6103
63,31,22.4014
63,32,22.1453
63,33,21.8434
63,34,21.4976
63,35,21.11
63,36,20.6831
63,37,20.2194
63,38,19.7218
63,39,19.1932
63,40,18.6369
63,41,18.0558
63,42,17.4532
63,43,16.8321
63,44,16.1957
63,45,15.5468
63,46,14.8882
63,47,14.2224
63,48,13.5518
63,49,12.8785
63,50,12.2044
63,51,11.5309
63,52,10.8595
63,53,10.1912
63,54,9.52672
63,55,8.86676
63,56,8.21166
63,57,7.56159
63,58,6.91659
63,59,6.27652
63,60,5.64117
63,61,5.01021
63,62,4.38327
63,63,3.75992
63,64,3.13971
63,65,2.5222
63,66,1.90695
63,67,1.29352
63,68,0.681546
63,69,0.0706624
63,70,-0.539443
63,71,-1.14908
63,72,-1.75849
63,73,-2.36785
63,74,-2.97729
63,75,-3.58688
63,76,-4.1967
63,77,-4.80676
63,78,-5.41711
63,79,-6.02779
63,80,-6.63884
63,81,-7.25037
63,82,-7.86256
63,83,-8.47566
63,84,-9.09007
63,85,-9.70635
63,86,-10.3253
63,87,-10.9479
63,88,-11.5757
63,89,-12.2103
63,90,-12.854
63,91,-13.5096
63,92,-14.1806
63,93,-14.8708
63,94,-15.5852
63,95,-16.329
63,96,-17.1084
63,97,-17.9297
63,98,-18.7998
63,99,-19.7254
63,100,-20.7124
63,101,-21.7657
63,102,-22.8881
63,103,-24.0795
63,104,-25.3357
63,105,-26.6476
63,106,-27.9996
63,107,-29.3691
63,108,-30.7255
63,109,-32.0297
63,110,-33.234
63,111,-34.2833
63,112,-35.1157
63,113,-35.6656
63,114,-35.8663
63,115,-35.6547
63,116,-34.9759
63,117,-33.7891
63,118,-32.0736
63,119,-29.8342
63,120,-27.105
63,121,-23.9522
63,122,-20.4721
63,123,-16.7864
63,124,-13.0337
63,125,-9.35665
63,126,-5.88982
63,127,-2.7426
63,128,0
64,0,0
64,1,2.88443
64,2,5.45771
64,3,7.73407
64,4,9.72916
64,5,11.4642
64,6,12.9643
64,7,14.258
64,8,15.3748
64,9,16.3434
64,10,17.1906
64,11,17.9393
64,12,18.6086
64,13,19.2136
64,14,19.7649
64,15,20.2702
64,16,20.7339
64,17,21.1583
64,18,21.544
64,19,21.8906
64,20,22.1968
64,21,22.461
64,22,22.6815
64,23,22.8566
64,24,22.9848
64,25,23.0648
64,26,23.0958
64,27,23.077
64,28,23.0083
64,29,22.8898
64,30,22.722
64,31,22.5057
64,32,22.2423
64,33,21.9332
64,34,21.5805
64,35,21.1861
64,36,20.7527
64,37,20.2829
64,38,19.7796
64,39,19.2458
64,40,18.6846
64,41,18.0992
64,42,17.4928
64,43,16.8684
64,44,16.2292
64,45,15.5781
64,46,14.9177
64,47,14.2507
64,48,13.5793
64,49,12.9056
64,50,12.2315
64,51,11.5584
64,52,10.8877
64,53,10.2203
64,54,9.55711
64,55,8.89856
64,56,8.24503
64,57,7.59665
64,58,6.95341
64,59,6.31518
64,60,5.68168
64,61,5.05258
64,62,4.42747
64,63,3.80592
64,64,3.18746
64,65,2.57164
64,66,1.958
64,67,1.34612
64,68,0.73562
64,69,0.126138
64,70,-0.482631
64,71,-1.09099
64,72,-1.69916
64,73,-2.30734
64,74,-2.91562
64,75,-3.52409
64,76,-4.13278
64,77,-4.74171
64,78,-5.35088
64,79,-5.96029
64,80,-6.56994
64,81,-7.1799
64,82,-7.79026
64,83,-8.40121
64,84,-9.01304
64,85,-9.62621
64,86,-10.2414
64,87,-10.8594
64,88,-11.4816
64,89,-12.1095
64,90,-12.7452
64,91,-13.3913
64,92,-14.0511
64,93,-14.7284
64,94,-15.4279
64,95,-16.1551
64,96,-16.916
64,97,-17.7174
64,98,-18.5666
64,99,-19.471
64,100,-20.4375
64,101,-21.4724
64,102,-22.5801
64,103,-23.7624
64,104,-25.0172
64,105,-26.3379
64,106,-27.7113
64,107,-29.117
64,108,-30.5263
64,109,-31.9015
64,110,-33.1956
64,111,-34.3528
64,112,-35.3096
64,113,-35.997
64,114,-36.3436
64,115,-36.2799
64,116,-35.7433
64,117,-34.6846
64,118,-33.0739
64,119,-30.9074
64,120,-28.2121
64,121,-25.0488
64,122,-21.5119
64,123,-17.7246
64,124,-13.8305
64,125,-9.98004
64,126,-6.31707
64,127,-2.95975
64,128,0
65,0,0
65,1,2.87811
65,2,5.45484
65,3,7.74263
65,4,9.75511
65,5,11.5111
65,6,13.0337
65,7,14.3494
65,8,15.4865
65,9,16.4728
65,10,17.3344
65,11,18.0945
65,12,18.7721
65,13,19.3825
65,14,19.9369
65,15,20.4433
65,16,20.9065
65,17,21.3291
65,18,21.712
65,19,22.055
65,20,22.3569
65,21,22.6162
65,22,22.8315
65,23,23.0009
65,24,23.1232
65,25,23.197
65,26,23.2216
65,27,23.1963
65,28,23.1209
65,29,22.9957
65,30,22.8212
65,31,22.5983
65,32,22.3283
65,33,22.0129
65,34,21.6539
65,35,21.2536
65,36,20.8145
65,37,20.3394
65,38,19.8312
65,39,19.2929
65,40,18.7276
65,41,18.1386
65,42,17.529
65,43,16.902
65,44,16.2606
65,45,15.6077
65,46,14.9461
65,47,14.2783
65,48,13.6065
65,49,12.9328
65,50,12.259
65,51,11.5866
65,52,10.9168
65,53,10.2506
65,54,9.58871
65,55,8.93168
65,56,8.27978
65,57,7.63314
65,58,6.99172
65,59,6.35533
65,60,5.7237
65,61,5.09646
65,62,4.4732
65,63,3.85346
65,64,3.23676
65,65,2.62265
65,66,2.01066
65,67,1.40036
65,68,0.791373
65,69,0.183339
65,70,-0.424039
65,71,-1.03105
65,72,-1.63794
65,73,-2.24486
65,74,-2.85193
65,75,-3.45922
65,76,-4.06674
65,77,-4.67451
65,78,-5.28248
65,79,-5.89063
65,80,-6.49895
65,81,-7.10742
65,82,-7.71609
65,83,-8.32508
65,84,-8.93459
65,85,-9.54498
65,86,-10.1568
65,87,-10.7708
65,88,-11.388
65,89,-12.0099
65,90,-12.6383
65,91,-13.2758
65,92,-13.9252
65,93,-14.5904
65,94,-15.276
65,95,-15.9871
65,96,-16.7301
65,97,-17.5119
65,98,-18.34
65,99,-19.2225
65,100,-20.1673
65,101,-21.1817
65,102,-22.2717
65,103,-23.4409
65,104,-24.6896
65,105,-26.0134
65,106,-27.4017
65,107,-28.8366
65,108,-30.2917
65,109,-31.7309
65,110,-33.1082
65,111,-34.3679
65,112,-35.4452
65,113,-36.2681
65,114,-36.7609
65,115,-36.8479
65,116,-36.459
65,117,-35.536
65,118,-34.0397
65,119,-31.9569
65,120,-29.3063
65,121,-26.1429
65,122,-22.558
65,123,-18.6754
65,124,-14.6433
65,125,-10.6196
65,126,-6.75772
65,127,-3.18478
65,128,0
66,0,0
66,1,2.86664
66,2,5.44245
66,3,7.73809
66,4,9.76511
66,5,11.5401
66,6,13.0839
66,7,14.421
66,8,15.5781
66,9,16.5821
66,10,17.4585
66,11,18.2302
66,12,18.9165
66,13,19.5327
66,14,20.0906
66,15,20.5984
66,16,21.0613
66,17,21.4823
66,18,21.8626
66,19,22.2022
66,20,22.5
66,21,22.7548
66,22,22.9651
66,23,23.1293
66,24,23.246
66,25,23.3141
66,26,23.3328
66,27,23.3015
66,28,23.2201
66,29,23.0888
66,30,22.9083
66,31,22.6794
66,32,22.4036
66,33,22.0825
66,34,21.718
66,35,21.3126
66,36,20.8687
66,37,20.389
66,38,19.8766
66,39,19.3345
66,40,18.7659
66,41,18.174
66,42,17.5619
66,43,16.9329
66,44,16.2899
66,45,15.6359
66,46,14.9735
66,47,14.3053
66,48,13.6335
66,49,12.9601
66,50,12.2869
66,51,11.6154
66,52,10.9467
66,53,10.2818
66,54,9.62135
66,55,8.96592
66,56,8.31574
66,57,7.67088
66,58,7.0313
66,59,6.39678
66,60,5.76703
66,61,5.14167
66,62,4.52027
66,63,3.90235
66,64,3.28744
66,65,2.67507
66,66,2.06476
66,67,1.4561
66,68,0.848681
66,69,0.242166
66,70,-0.363746
66,71,-0.969334
66,72,-1.57484
66,73,-2.18041
66,74,-2.78618
66,75,-3.39219
66,76,-3.99846
66,77,-4.60497
66,78,-5.21169
66,79,-5.81856
66,80,-6.42552
66,81,-7.03253
66,82,-7.63959
66,83,-8.24675
66,84,-8.85413
66,85,-9.46199
66,86,-10.0708
66,87,-10.6811
66,88,-11.2938
66,89,-11.9103
66,90,-12.5322
66,91,-13.1618
66,92,-13.8018
66,93,-14.4558
66,94,-15.1282
66,95,-15.8242
66,96,-16.55
66,97,-17.3126
66,98,-18.1198
66,99,-18.9802
66,100,-19.9023
66,101,-20.8946
66,102,-21.9644
66,103,-23.1173
66,104,-24.3556
66,105,-25.6773
66,106,-27.0744
66,107,-28.5317
66,108,-30.0254
66,109,-31.5214
66,110,-32.9752
66,111,-34.3314
66,112,-35.5245
66,113,-36.4802
66,114,-37.1187
66,115,-37.3583
66,116,-37.1216
66,117,-36.3412
66,118,-34.9683
66,119,-32.9796
66,120,-30.3849
66,121,-27.2319
66,122,-23.608
66,123,-19.637
66,124,-15.4708
66,125,-11.2746
66,126,-7.21134
66,127,-3.41752
66,128,0
67,0,0
67,1,2.85019
67,2,5.42081
67,3,7.72072
67,4,9.75944
67,5,11.5512
67,6,13.1147
67,7,14.4725
67,8,15.6494
67,9,16.6712
67,10,17.5626
67,11,18.3464
67,12,19.0416
67,13,19.6641
67,14,20.2258
67,15,20.7353
67,16,21.1982
67,17,21.618
67,18,21.9959
67,19,22.3323
67,20,22.6263
67,21,22.8768
67,22,23.0825
67,23,23.2417
67,24,23.3533
67,25,23.4162
67,26,23.4295
67,27,23.3927
67,28,23.3059
67,29,23.1691
67,30,22.9832
67,31,22.7491
67,32,22.4682
67,33,22.1422
67,34,21.7731
67,35,21.3632
67,36,20.9152
67,37,20.4318
67,38,19.916
67,39,19.3709
67,40,18.7996
67,41,18.2055
67,42,17.5916
67,43,16.9611
67,44,16.3171
67,45,15.6624
67,46,14.9997
67,47,14.3316
67,48,13.6601
67,49,12.9873
67,50,12.315
67,51,11.6445
67,52,10.9771
67,53,10.3137
67,54,9.65484
67,55,9.00109
67,56,8.35268
67,57,7.70965
67,58,7.07193
67,59,6.43931
67,60,5.81145
67,61,5.18799
67,62,4.56846
67,63,3.95239
67,64,3.3393
67,65,2.72871
67,66,2.12015
67,67,1.51318
67,68,0.907414
67,69,0.302506
67,70,-0.301841
67,71,-0.905897
67,72,-1.5099
67,73,-2.11401
67,74,-2.71835
67,75,-3.32295
67,76,-3.92785
67,77,-4.533
67,78,-5.13836
67,79,-5.74385
67,80,-6.34939
67,81,-6.95491
67,82,-7.56036
67,83,-8.16573
67,84,-8.77109
67,85,-9.37661
67,86,-9.98261
67,87,-10.5896
67,88,-11.1983
67,89,-11.81
67,90,-12.426
67,91,-13.0483
67,92,-13.6797
67,93,-14.3234
67,94,-14.9836
67,95,-15.6654
67,96,-16.3748
67,97,-17.1189
67,98,-17.9056
67,99,-18.7438
67,100,-19.6427
67,101,-20.6118
67,102,-21.6596
67,103,-22.7934
67,104,-24.0174
67,105,-25.3322
67,106,-26.7325
67,107,-28.2058
67,108,-29.731
67,109,-31.2765
67,110,-32.7997
67,111,-34.2461
67,112,-35.5498
67,113,-36.6347
67,114,-37.4174
67,115,-37.8108
67,116,-37.7299
67,117,-37.0985
67,118,-35.8575
67,119,-33.973
67,120,-31.445
67,121,-28.3132
67,122,-24.6599
67,123,-20.6077
67,124,-16.3117
67,125,-11.9442
67,126,-7.67748
67,127,-3.6578
67,128,0
68,0,0
68,1,2.82894
68,2,5.39018
68,3,7.69082
68,4,9.73838
68,5,11.5448
68,6,13.1265
68,7,14.5038
68,8,15.7001
68,9,16.7397
68,10,17.6466
68,11,18.4427
68,12,19.1474
68,13,19.7766
68,14,20.3424
68,15,20.854
68,16,21.3173
68,17,21.736
68,18,22.1119
68,19,22.4453
68,20,22.7358
68,21,22.9824
68,22,23.1837
68,23,23.3384
68,24,23.4453
68,25,23.5033
68,26,23.5117
68,27,23.4701
68,28,23.3784
68,29,23.2368
68,30,23.0462
68,31,22.8075
68,32,22.5222
68,33,22.1921
68,34,21.8191
68,35,21.4056
68,36,20.9542
68,37,20.4679
68,38,19.9494
68,39,19.402
68,40,18.8288
68,41,18.2331
68,42,17.618
68,43,16.9867
68,44,16.3422
68,45,15.6873
68,46,15.0248
68,47,14.357
68,48,13.6862
68,49,13.0144
68,50,12.3431
68,51,11.674
68,52,11.008
68,53,10.3461
68,54,9.68897
68,55,9.03698
68,56,8.39039
68,57,7.74923
68,58,7.11341
68,59,6.48269
68,60,5.85675
68,61,5.2352
68,62,4.61757
68,63,4.00339
68,64,3.39216
68,65,2.78341
68,66,2.17665
68,67,1.57146
68,68,0.96744
68,69,0.364243
68,70,-0.238422
68,71,-0.84082
68,72,-1.44319
68,73,-2.04569
68,74,-2.64844
68,75,-3.25149
68,76,-3.85485
68,77,-4.45848
68,78,-5.06234
68,79,-5.66632
68,80,-6.27033
68,81,-6.87428
68,82,-7.47806
68,83,-8.08164
68,84,-8.68501
68,85,-9.28827
68,86,-9.89166
68,87,-10.4956
68,88,-11.1007
68,89,-11.7078
68,90,-12.3185
68,91,-12.9343
68,92,-13.5578
68,93,-14.1921
68,94,-14.841
68,95,-15.5095
68,96,-16.2034
68,97,-16.9298
68,98,-17.6966
68,99,-18.513
68,100,-19.3886
68,101,-20.3337
68,102,-21.3581
68,103,-22.4704
68,104,-23.677
68,105,-24.9806
68,106,-26.3788
68,107,-27.862
68,108,-29.4119
68,109,-30.9998
68,110,-32.5851
68,111,-34.1149
68,112,-35.5234
68,113,-36.7333
68,114,-37.658
68,115,-38.2054
68,116,-38.2832
68,117,-37.8063
68,118,-36.7051
68,119,-34.9347
68,120,-32.4843
68,121,-29.3845
68,122,-25.7114
68,123,-21.5857
68,124,-17.1647
68,125,-12.6275
68,126,-8.1557
68,127,-3.90545
68,128,0
69,0,0
69,1,2.80309
69,2,5.35087
69,3,7.64875
69,4,9.70226
69,5,11.5211
69,6,13.1193
69,7,14.5152
69,8,15.7303
69,9,16.7876
69,10,17.7099
69,11,18.5189
69,12,19.2336
69,13,19.8699
69,14,20.4404
69,15,20.9545
69,16,21.4185
69,17,21.8364
69,18,22.2105
69,19,22.5413
69,20,22.8286
69,21,23.0715
69,22,23.2689
69,23,23.4195
69,24,23.522
69,25,23.5757
69,26,23.5797
69,27,23.5337
69,28,23.4377
69,29,23.292
69,30,23.0973
69,31,22.8548
69,32,22.5658
69,33,22.2322
69,34,21.8561
69,35,21.4397
69,36,20.9858
69,37,20.4972
69,38,19.9768
69,39,19.4278
69,40,18.8534
69,41,18.2567
69,42,17.641
69,43,17.0095
69,44,16.365
69,45,15.7104
69,46,15.0484
69,47,14.3814
69,48,13.7116
69,49,13.041
69,50,12.3711
69,51,11.7034
69,52,11.0391
69,53,10.3789
69,54,9.72352
69,55,9.07336
69,56,8.42864
69,57,7.78939
69,58,7.15549
69,59,6.52671
69,60,5.90271
69,61,5.2831
69,62,4.6674
69,63,4.05515
69,64,3.44584
69,65,2.83899
69,66,2.23412
69,67,1.63079
69,68,1.02862
69,69,0.42726
69,70,-0.173591
69,71,-0.774186
69,72,-1.37476
69,73,-1.97549
69,74,-2.57648
69,75,-3.17779
69,76,-3.77943
69,77,-4.38137
69,78,-4.98354
69,79,-5.58584
69,80,-6.18816
69,81,-6.79039
69,82,-7.39239
69,83,-7.9941
69,84,-8.59545
69,85,-9.19649
69,86,-9.79736
69,87,-10.3984
69,88,-11
69,89,-11.6031
69,90,-12.2088
69,91,-12.8187
69,92,-13.4351
69,93,-14.0606
69,94,-14.6992
69,95,-15.3553
69,96,-16.0347
69,97,-16.7443
69,98,-17.492
69,99,-18.287
69,100,-19.1396
69,101,-20.0604
69,102,-21.0603
69,103,-22.1493
69,104,-23.3357
69,105,-24.6245
69,106,-26.0159
69,107,-27.5032
69,108,-29.0713
69,109,-30.6944
69,110,-32.3347
69,111,-33.9408
69,112,-35.4479
69,113,-36.778
69,114,-37.8417
69,115,-38.5424
69,116,-38.781
69,117,-38.4635
69,118,-37.5094
69,119,-35.8625
69,120,-33.5003
69,121,-30.4434
69,122,-26.7606
69,123,-22.5694
69,124,-18.0288
69,125,-13.3238
69,126,-8.64556
69,127,-4.16029
69,128,0
70,0,0
70,1,2.77283
70,2,5.30321
70,3,7.59489
70,4,9.65146
70,5,11.4804
70,6,13.0934
70,7,14.5068
70,8,15.7401
70,9,16.8148
70,10,17.7527
70,11,18.5749
70,12,19.3
70,13,19.944
70,14,20.5196
70,15,21.0366
70,16,21.5017
70,17,21.9193
70,18,22.2919
70,19,22.6204
70,20,22.9048
70,21,23.1444
70,22,23.3381
70,23,23.4849
70,24,23.5836
70,25,23.6333
70,26,23.6334
70,27,23.5836
70,28,23.4839
70,29,23.3346
70,30,23.1366
70,31,22.8909
70,32,22.599
70,33,22.2627
70,34,21.8841
70,35,21.4656
70,36,21.0099
70,37,20.5197
70,38,19.9981
70,39,19.4482
70,40,18.8732
70,41,18.2762
70,42,17.6606
70,43,17.0293
70,44,16.3853
70,45,15.7315
70,46,15.0705
70,47,14.4046
70,48,13.7362
70,49,13.067
70,50,12.3987
70,51,11.7327
70,52,11.0701
70,53,10.4117
70,54,9.75824
70,55,9.11
70,56,8.46721
70,57,7.8299
70,58,7.19796
70,59,6.57115
70,60,5.94913
70,61,5.33148
70,62,4.71777
70,63,4.10749
70,64,3.50016
70,65,2.89528
70,66,2.29238
70,67,1.69104
70,68,1.09084
70,69,0.491438
70,70,-0.107452
70,71,-0.706084
70,72,-1.3047
70,73,-1.90347
70,74,-2.5025
70,75,-3.10187
70,76,-3.70158
70,77,-4.30161
70,78,-4.90188
70,79,-5.50229
70,80,-6.10273
70,81,-6.70305
70,82,-7.30312
70,83,-7.90282
70,84,-8.50206
70,85,-9.10083
70,86,-9.69919
70,87,-10.2974
70,88,-10.8957
70,89,-11.495
70,90,-12.0962
70,91,-12.7006
70,92,-13.3103
70,93,-13.928
70,94,-14.5569
70,95,-15.2016
70,96,-15.8675
70,97,-16.5612
70,98,-17.2907
70,99,-18.0652
70,100,-18.895
70,101,-19.7915
70,102,-20.7664
70,103,-21.8308
70,104,-22.9949
70,105,-24.2656
70,106,-25.6459
70,107,-27.1321
70,108,-28.7122
70,109,-30.3637
70,110,-32.0516
70,111,-33.7269
70,112,-35.3261
70,113,-36.7708
70,114,-37.9699
70,115,-38.8226
70,116,-39.2232
70,117,-39.0689
70,118,-38.2688
70,119,-36.7543
70,120,-34.4908
70,121,-31.4876
70,122,-27.8054
70,123,-23.5572
70,124,-18.9026
70,125,-14.0323
70,126,-9.14661
70,127,-4.42215
70,128,0
71,0,0
71,1,2.73839
71,2,5.24756
71,3,7.52966
71,4,9.5864
71,5,11.4231
71,6,13.0492
71,7,14.4788
71,8,15.7296
71,9,16.8214
71,10,17.775
71,11,18.6106
71,12,19.3465
71,13,19.9986
71,14,20.5799
71,15,21.1003
71,16,21.567
71,17,21.9846
71,18,22.3561
71,19,22.6826
71,20,22.9644
71,21,23.201
71,22,23.3914
71,23,23.5348
71,24,23.63
71,25,23.6762
71,26,23.673
71,27,23.6199
71,28,23.517
71,29,23.3648
71,30,23.164
71,31,22.9158
71,32,22.6217
71,33,22.2834
71,34,21.9031
71,35,21.4832
71,36,21.0263
71,37,20.5353
71,38,20.0132
71,39,19.4631
71,40,18.8881
71,41,18.2915
71,42,17.6764
71,43,17.0459
71,44,16.403
71,45,15.7504
71,46,15.0907
71,47,14.4264
71,48,13.7596
71,49,13.0921
71,50,12.4257
71,51,11.7615
71,52,11.1009
71,53,10.4444
71,54,9.79291
71,55,9.14665
71,56,8.50585
71,57,7.87055
71,58,7.24061
71,59,6.6158
71,60,5.99579
71,61,5.38016
71,62,4.76847
71,63,4.16023
71,64,3.55494
71,65,2.95213
71,66,2.35131
71,67,1.75205
71,68,1.15395
71,69,0.556663
71,70,-0.0401067
71,71,-0.636604
71,72,-1.23307
71,73,-1.82968
71,74,-2.42655
71,75,-3.02375
71,76,-3.62131
71,77,-4.21919
71,78,-4.81732
71,79,-5.41561
71,80,-6.01393
71,81,-6.61213
71,82,-7.21005
71,83,-7.80756
71,84,-8.40454
71,85,-9.00091
71,86,-9.5967
71,87,-10.192
71,88,-10.7872
71,89,-11.3828
71,90,-11.9797
71,91,-12.5791
71,92,-13.1827
71,93,-13.793
71,94,-14.4131
71,95,-15.0472
71,96,-15.7005
71,97,-16.3793
71,98,-17.0916
71,99,-17.8463
71,100,-18.6542
71,101,-19.5267
71,102,-20.4762
71,103,-21.5152
71,104,-22.6552
71,105,-23.9052
71,106,-25.2707
71,107,-26.7509
71,108,-28.3373
71,109,-30.0105
71,110,-31.7389
71,111,-33.4762
71,112,-35.1605
71,113,-36.714
71,114,-38.0442
71,115,-39.0466
71,116,-39.6097
71,117,-39.622
71,118,-38.9818
71,119,-37.6082
71,120,-35.4536
71,121,-32.5153
71,122,-28.8441
71,123,-24.5476
71,124,-19.7851
71,125,-14.7522
71,126,-9.65846
71,127,-4.69085
71,128,0
72,0,0
72,1,2.7
72,2,5.18431
72,3,7.45352
72,4,9.50757
72,5,11.3496
72,6,12.987
72,7,14.4315
72,8,15.6989
72,9,16.8075
72,10,17.7767
72,11,18.626
72,12,19.3731
72,13,20.0339
72,14,20.6213
72,15,21.1456
72,16,21.6142
72,17,22.0323
72,18,22.403
72,19,22.7279
72,20,23.0075
72,21,23.2413
72,22,23.4289
72,23,23.5692
72,24,23.6613
72,25,23.7046
72,26,23.6984
72,27,23.6425
72,28,23.5371
72,29,23.3825
72,30,23.1796
72,31,22.9296
72,32,22.6338
72,33,22.2942
72,34,21.9129
72,35,21.4923
72,36,21.035
72,37,20.5439
72,38,20.0219
72,39,19.4722
72,40,18.898
72,41,18.3023
72,42,17.6884
72,43,17.0592
72,44,16.4177
72,45,15.7668
72,46,15.1089
72,47,14.4465
72,48,13.7816
72,49,13.1161
72,50,12.4517
72,51,11.7897
72,52,11.131
72,53,10.4767
72,54,9.82726
72,55,9.18307
72,56,8.54433
72,57,7.91108
72,58,7.2832
72,59,6.66045
72,60,6.04249
72,61,5.42894
72,62,4.81933
72,63,4.21319
72,64,3.61004
72,65,3.00938
72,66,2.41074
72,67,1.8137
72,68,1.21784
72,69,0.622822
72,70,0.0283439
72,71,-0.565835
72,72,-1.15995
72,73,-1.75418
72,74,-2.34867
72,75,-2.94347
72,76,-3.53862
72,77,-4.1341
72,78,-4.72984
72,79,-5.32574
72,80,-5.92167
72,81,-6.51749
72,82,-7.11302
72,83,-7.70811
72,84,-8.30262
72,85,-8.89643
72,86,-9.48952
72,87,-10.082
72,88,-10.674
72,89,-11.266
72,90,-11.8587
72,91,-12.4532
72,92,-13.0512
72,93,-13.6547
72,94,-14.2666
72,95,-14.891
72,96,-15.5325
72,97,-16.1975
72,98,-16.8935
72,99,-17.6295
72,100,-18.416
72,101,-19.2651
72,102,-20.1894
72,103,-21.2025
72,104,-22.317
72,105,-23.5442
72,106,-24.8917
72,107,-26.3617
72,108,-27.9489
72,109,-29.6376
72,110,-31.3996
72,111,-33.1915
72,112,-34.9539
72,113,-36.61
72,114,-38.0664
72,115,-39.2156
72,116,-39.9407
72,117,-40.1221
72,118,-39.6473
72,119,-38.4226
72,120,-36.387
72,121,-33.5243
72,122,-29.8747
72,123,-25.539
72,124,-20.6751
72,125,-15.4829
72,126,-10.1807
72,127,-4.96626
72,128,0
73,0,0
73,1,2.6579
73,2,5.11385
73,3,7.36696
73,4,9.41549
73,5,11.2605
73,6,12.9072
73,7,14.3652
73,8,15.6483
73,9,16.7732
73,10,17.758
73,11,18.6211
73,12,19.3798
73,13,20.0497
73,14,20.6437
73,15,21.1724
73,16,21.6435
73,17,22.0625
73,18,22.4329
73,19,22.7565
73,20,23.0341
73,21,23.2656
73,22,23.4505
73,23,23.5881
73,24,23.6776
73,25,23.7182
73,26,23.7096
73,27,23.6515
73,28,23.544
73,29,23.3876
73,30,23.1832
73,31,22.9319
73,32,22.6352
73,33,22.2949
73,34,21.9133
73,35,21.4927
73,36,21.0357
73,37,20.5451
73,38,20.024
73,39,19.4754
73,40,18.9024
73,41,18.3083
73,42,17.696
73,43,17.0687
73,44,16.4293
73,45,15.7804
73,46,15.1247
73,47,14.4645
73,48,13.8019
73,49,13.1387
73,50,12.4766
73,51,11.8168
73,52,11.1604
73,53,10.5083
73,54,9.86104
73,55,9.21901
73,56,8.58242
73,57,7.95129
73,58,7.32552
73,59,6.70488
73,60,6.08904
73,61,5.47762
73,62,4.87017
73,63,4.26622
73,64,3.66528
73,65,3.06688
73,66,2.47055
73,67,1.87586
73,68,1.28239
73,69,0.689807
73,70,0.0978029
73,71,-0.493862
73,72,-1.08542
73,73,-1.67706
73,74,-2.26891
73,75,-2.86107
73,76,-3.45355
73,77,-4.04635
73,78,-4.63941
73,79,-5.23264
73,80,-5.8259
73,81,-6.41905
73,82,-7.01191
73,83,-7.60431
73,84,-8.19609
73,85,-8.78711
73,86,-9.37731
73,87,-9.9667
73,88,-10.5554
73,89,-11.1438
73,90,-11.7325
73,91,-12.3224
73,92,-12.915
73,93,-13.5121
73,94,-14.1165
73,95,-14.7317
73,96,-15.3624
73,97,-16.0144
73,98,-16.6951
73,99,-17.4134
73,100,-18.1796
73,101,-19.0059
73,102,-19.9054
73,103,-20.8923
73,104,-21.9807
73,105,-23.1833
73,106,-24.5101
73,107,-25.9662
73,108,-27.5494
73,109,-29.2476
73,110,-31.0364
73,111,-32.8758
73,112,-34.7091
73,113,-36.4611
73,114,-38.0382
73,115,-39.3307
73,116,-40.2168
73,117,-40.569
73,118,-40.2643
73,119,-39.1961
73,120,-37.289
73,121,-34.5128
73,122,-30.8956
73,123,-26.5302
73,124,-21.5717
73,125,-16.2237
73,126,-10.713
73,127,-5.24823
73,128,0
74,0,0
74,1,2.61235
74,2,5.03661
74,3,7.27053
74,4,9.31071
74,5,11.1563
74,6,12.8103
74,7,14.2804
74,8,15.5783
74,9,16.7189
74,10,17.719
74,11,18.596
74,12,19.3666
74,13,20.046
74,14,20.6472
74,15,21.1808
74,16,21.6549
74,17,22.0752
74,18,22.4456
74,19,22.7683
74,20,23.0443
74,21,23.2738
74,22,23.4565
74,23,23.5918
74,24,23.6789
74,25,23.7174
74,26,23.7067
74,27,23.6468
74,28,23.5378
74,29,23.3802
74,30,23.1748
74,31,22.9228
74,32,22.6258
74,33,22.2856
74,34,21.9043
74,35,21.4843
74,36,21.0282
74,37,20.5389
74,38,20.0192
74,39,19.4723
74,40,18.9013
74,41,18.3092
74,42,17.6992
74,43,17.0743
74,44,16.4373
74,45,15.791
74,46,15.1378
74,47,14.4802
74,48,13.8202
74,49,13.1596
74,50,12.4999
74,51,11.8426
74,52,11.1887
74,53,10.5389
74,54,9.89397
74,55,9.25422
74,56,8.61987
74,57,7.99095
74,58,7.36737
74,59,6.74891
74,60,6.13527
74,61,5.52605
74,62,4.92084
74,63,4.31916
74,64,3.72055
74,65,3.12452
74,66,2.53062
74,67,1.93841
74,68,1.34749
74,69,0.757514
74,70,0.168174
74,71,-0.420772
74,72,-1.00955
74,73,-1.59836
74,74,-2.18734
74,75,-2.77658
74,76,-3.36613
74,77,-3.95597
74,78,-4.54605
74,79,-5.1363
74,80,-5.72657
74,81,-6.31673
74,82,-6.90661
74,83,-7.49601
74,84,-8.08478
74,85,-8.67275
74,86,-9.25981
74,87,-9.84595
74,88,-10.4312
74,89,-11.016
74,90,-11.6006
74,91,-12.186
74,92,-12.7733
74,93,-13.3644
74,94,-13.9616
74,95,-14.5683
74,96,-15.1889
74,97,-15.8289
74,98,-16.4953
74,99,-17.1968
74,100,-17.9437
74,101,-18.748
74,102,-19.6233
74,103,-20.5843
74,104,-21.646
74,105,-22.8228
74,106,-24.1267
74,107,-25.5655
74,108,-27.1404
74,109,-28.8427
74,110,-30.6519
74,111,-32.5318
74,112,-34.4288
74,113,-36.2697
74,114,-37.9617
74,115,-39.3934
74,116,-40.4386
74,117,-40.9626
74,118,-40.8319
74,119,-39.9272
74,120,-38.158
74,121,-35.4791
74,122,-31.9053
74,123,-27.5197
74,124,-22.474
74,125,-16.9741
74,126,-11.2551
74,127,-5.53666
74,128,0
75,0,0
75,1,2.56361
75,2,4.95306
75,3,7.16476
75,4,9.19385
75,5,11.0376
75,6,12.6969
75,7,14.1775
75,8,15.489
75,9,16.6447
75,10,17.6598
75,11,18.5508
75,12,19.3335
75,13,20.0229
75,14,20.6317
75,15,21.1708
75,16,21.6483
75,17,22.0704
75,18,22.4413
75,19,22.7635
75,20,23.0383
75,21,23.2661
75,22,23.4469
75,23,23.5802
75,24,23.6654
75,25,23.702
75,26,23.6898
75,27,23.6285
75,28,23.5184
75,29,23.3601
75,30,23.1543
75,31,22.9023
75,32,22.6056
75,33,22.2659
75,34,21.8856
75,35,21.4668
75,36,21.0123
75,37,20.5248
75,38,20.0073
75,39,19.4627
75,40,18.8942
75,41,18.3048
75,42,17.6976
75,43,17.0755
75,44,16.4414
75,45,15.7981
75,46,15.1479
75,47,14.4932
75,48,13.8361
75,49,13.1783
75,50,12.5214
75,51,11.8668
75,52,11.2154
75,53,10.5682
75,54,9.92575
75,55,9.2884
75,56,8.6564
75,57,8.02979
75,58,7.4085
75,59,6.79231
75,60,6.18095
75,61,5.57404
75,62,4.97115
75,63,4.37186
75,64,3.77568
75,65,3.18215
75,66,2.59081
75,67,2.00124
75,68,1.41304
75,69,0.825853
75,70,0.239373
75,71,-0.346643
75,72,-0.932418
75,73,-1.51816
75,74,-2.10401
75,75,-2.69007
75,76,-3.27639
75,77,-3.86297
75,78,-4.44977
75,79,-5.0367
75,80,-5.62367
75,81,-6.21051
75,82,-6.79705
75,83,-7.38313
75,84,-7.96855
75,85,-8.55314
75,86,-9.13678
75,87,-9.7194
75,88,-10.301
75,89,-10.8819
75,90,-11.4624
75,91,-12.0432
75,92,-12.6255
75,93,-13.2107
75,94,-13.8012
75,95,-14.3999
75,96,-15.011
75,97,-15.6398
75,98,-16.2928
75,99,-16.9786
75,100,-17.7072
75,101,-18.4905
75,102,-19.3423
75,103,-20.2777
75,104,-21.3127
75,105,-22.4628
75,106,-23.7422
75,107,-25.161
75,108,-26.7235
75,109,-28.425
75,110,-30.2485
75,111,-32.162
75,112,-34.1154
75,113,-36.0383
75,114,-37.8389
75,115,-39.405
75,116,-40.6068
75,117,-41.3028
75,118,-41.3497
75,119,-40.6147
75,120,-38.9924
75,121,-36.4215
75,122,-32.9021
75,123,-28.5065
75,124,-23.381
75,125,-17.7334
75,126,-11.8068
75,127,-5.83147
75,128,0
76,0,0
76,1,2.51195
76,2,4.86364
76,3,7.05027
76,4,9.06556
76,5,10.905
76,6,12.5676
76,7,14.0571
76,8,15.381
76,9,16.551
76,10,17.5808
76,11,18.4857
76,12,19.2808
76,13,19.9804
76,14,20.5974
76,15,21.1423
76,16,21.6238
76,17,22.0482
76,18,22.42
76,19,22.742
76,20,23.016
76,21,23.2425
76,22,23.4218
76,23,23.5534
76,24,23.637
76,25,23.6722
76,26,23.6588
76,27,23.5966
76,28,23.4859
76,29,23.3273
76,30,23.1216
76,31,22.8701
76,32,22.5742
76,33,22.2358
76,34,21.857
76,35,21.4401
76,36,20.9878
76,37,20.5028
76,38,19.9879
76,39,19.4462
76,40,18.8807
76,41,18.2945
76,42,17.6906
76,43,17.0719
76,44,16.4413
76,45,15.8013
76,46,15.1545
76,47,14.5031
76,48,13.8491
76,49,13.1945
76,50,12.5406
76,51,11.8889
76,52,11.2404
76,53,10.5959
76,54,9.95607
76,55,9.32126
76,56,8.69174
76,57,8.06756
76,58,7.44867
76,59,6.83487
76,60,6.2259
76,61,5.62139
76,62,5.02096
76,63,4.42416
76,64,3.83054
76,65,3.23964
76,66,2.65102
76,67,2.06426
76,68,1.47895
76,69,0.894738
76,70,0.311324
76,71,-0.271543
76,72,-0.854086
76,73,-1.43651
76,74,-2.01897
76,75,-2.60157
76,76,-3.18437
76,77,-3.76738
76,78,-4.35057
76,79,-4.93387
76,80,-5.51717
76,81,-6.10033
76,82,-6.68319
76,83,-7.26557
76,84,-7.84728
76,85,-8.42814
76,86,-9.00802
76,87,-9.58682
76,88,-10.1645
76,89,-10.7413
76,90,-11.3175
76,91,-11.8937
76,92,-12.4708
76,93,-13.0504
76,94,-13.6343
76,95,-14.2255
76,96,-14.8277
76,97,-15.4459
76,98,-16.0865
76,99,-16.7575
76,100,-17.4688
76,101,-18.2321
76,102,-19.0614
76,103,-19.9718
76,104,-20.9802
76,105,-22.1032
76,106,-23.3567
76,107,-24.7533
76,108,-26.3001
76,109,-27.9961
76,110,-29.8283
76,111,-31.7689
76,112,-33.7716
76,113,-35.7692
76,114,-37.6719
76,115,-39.3672
76,116,-40.7223
76,117,-41.5899
76,118,-41.8169
76,119,-41.2576
76,120,-39.7908
76,121,-37.3385
76,122,-33.8847
76,123,-29.4892
76,124,-24.292
76,125,-18.5014
76,126,-12.3677
76,127,-6.13262
76,128,0
77,0,0
77,1,2.45765
77,2,4.76884
77,3,6.92766
77,4,8.92652
77,5,10.7593
77,6,12.4231
77,7,13.9197
77,8,15.2548
77,9,16.4382
77,10,17.4823
77,11,18.4009
77,12,19.2084
77,13,19.9187
77,14,20.5442
77,15,21.0955
77,16,21.5815
77,17,22.0086
77,18,22.3817
77,19,22.7041
77,20,22.9776
77,21,23.2031
77,22,23.3811
77,23,23.5114
77,24,23.5938
77,25,23.6279
77,26,23.6136
77,27,23.5509
77,28,23.4401
77,29,23.2817
77,30,23.0766
77,31,22.8261
77,32,22.5316
77,33,22.195
77,34,21.8183
77,35,21.4039
77,36,20.9543
77,37,20.4723
77,38,19.9607
77,39,19.4225
77,40,18.8606
77,41,18.2781
77,42,17.678
77,43,17.0632
77,44,16.4364
77,45,15.8002
77,46,15.1571
77,47,14.5094
77,48,13.859
77,49,13.2078
77,50,12.5572
77,51,11.9087
77,52,11.2632
77,53,10.6216
77,54,9.98459
77,55,9.3525
77,56,8.72561
77,57,8.10401
77,58,7.48764
77,59,6.87636
77,60,6.2699
77,61,5.66793
77,62,5.07007
77,63,4.4759
77,64,3.88499
77,65,3.29688
77,66,2.71114
77,67,2.12735
77,68,1.54511
77,69,0.964086
77,70,0.383951
77,71,-0.195542
77,72,-0.77461
77,73,-1.35347
77,74,-1.93226
77,75,-2.51112
77,76,-3.0901
77,77,-3.66922
77,78,-4.24847
77,79,-4.82779
77,80,-5.40707
77,81,-5.98618
77,82,-6.56497
77,83,-7.14327
77,84,-7.72088
77,85,-8.29764
77,86,-8.87338
77,87,-9.448
77,88,-10.0215
77,89,-10.5939
77,90,-11.1655
77,91,-11.7369
77,92,-12.3089
77,93,-12.8827
77,94,-13.4603
77,95,-14.0442
77,96,-14.6379
77,97,-15.2462
77,98,-15.8751
77,99,-16.5322
77,100,-17.2273
77,101,-17.9717
77,102,-18.7793
77,103,-19.6657
77,104,-20.6478
77,105,-21.7437
77,106,-22.9704
77,107,-24.3429
77,108,-25.8712
77,109,-27.5576
77,110,-29.3932
77,111,-31.3546
77,112,-33.3997
77,113,-35.4649
77,114,-37.4628
77,115,-39.2815
77,116,-40.7862
77,117,-41.8242
77,118,-42.2333
77,119,-41.8549
77,120,-40.5519
77,121,-38.2285
77,122,-34.8516
77,123,-30.4669
77,124,-25.2063
77,125,-19.2776
77,126,-12.9379
77,127,-6.44009
77,128,0
78,0,0
78,1,2.40099
78,2,4.66916
78,3,6.79757
78,4,8.77745
78,5,10.6011
78,6,12.2641
78,7,13.766
78,8,15.111
78,9,16.3069
78,10,17.3646
78,11,18.2967
78,12,19.1167
78,13,19.8378
78,14,20.4722
78,15,21.0305
78,16,21.5213
78,17,21.9517
78,18,22.3266
78,19,22.6497
78,20,22.923
78,21,23.148
78,22,23.3251
78,23,23.4544
78,24,23.5358
78,25,23.5692
78,26,23.5544
78,27,23.4915
78,28,23.381
78,29,23.2232
78,30,23.0192
78,31,22.7701
78,32,22.4775
78,33,22.1432
78,34,21.7691
78,35,21.3577
78,36,20.9115
78,37,20.433
78,38,19.9252
78,39,19.391
78,40,18.8333
78,41,18.2551
78,42,17.6593
78,43,17.0488
78,44,16.4262
78,45,15.7943
78,46,15.1554
78,47,14.5116
78,48,13.8652
78,49,13.2177
78,50,12.5707
78,51,11.9256
78,52,11.2834
78,53,10.645
78,54,10.011
78,55,9.38179
78,56,8.7577
78,57,8.13883
78,58,7.52516
78,59,6.91654
78,60,6.31274
78,61,5.71345
78,62,5.11832
78,63,4.52693
78,64,3.93888
78,65,3.35372
78,66,2.77103
78,67,2.19041
78,68,1.61145
78,69,1.03381
78,70,0.457175
78,71,-0.118706
78,72,-0.694052
78,73,-1.26907
78,74,-1.84393
78,75,-2.41875
78,76,-2.9936
78,77,-3.56851
78,78,-4.14348
78,79,-4.71845
78,80,-5.29334
78,81,-5.86802
78,82,-6.44236
78,83,-7.01617
78,84,-7.58928
78,85,-8.16151
78,86,-8.73271
78,87,-9.30276
78,88,-9.8716
78,89,-10.4393
78,90,-11.0061
78,91,-11.5725
78,92,-12.1391
78,93,-12.7072
78,94,-13.2784
78,95,-13.8552
78,96,-14.4409
78,97,-15.0397
78,98,-15.6576
78,99,-16.3017
78,100,-16.9815
78,101,-17.7081
78,102,-18.4951
78,103,-19.3582
78,104,-20.3149
78,105,-21.3837
78,106,-22.5832
78,107,-23.9302
78,108,-25.4375
78,109,-27.1107
78,110,-28.945
78,111,-30.9213
78,112,-33.0019
78,113,-35.1275
78,114,-37.2136
78,115,-39.1496
78,116,-40.7996
78,117,-42.0061
78,118,-42.5985
78,119,-42.4057
78,120,-41.2743
78,121,-39.0901
78,122,-35.8015
78,123,-31.4386
78,124,-26.1233
78,125,-20.0617
78,126,-13.5173
78,127,-6.75394
78,128,0
79,0,0
79,1,2.34226
79,2,4.5651
79,3,6.66066
79,4,8.61912
79,5,10.4314
79,6,12.0913
79,7,13.5969
79,8,14.9502
79,9,16.1575
79,10,17.2281
79,11,18.1734
79,12,19.0059
79,13,19.7381
79,14,20.3817
79,15,20.9472
79,16,21.4434
79,17,21.8775
79,18,22.2547
79,19,22.5788
79,20,22.8525
79,21,23.0771
79,22,23.2536
79,23,23.3822
79,24,23.463
79,25,23.4959
79,26,23.481
79,27,23.4184
79,28,23.3084
79,29,23.1517
79,30,22.9491
79,31,22.702
79,32,22.4117
79,33,22.0802
79,34,21.7093
79,35,21.3014
79,36,20.859
79,37,20.3846
79,38,19.8812
79,39,19.3515
79,40,18.7984
79,41,18.225
79,42,17.634
79,43,17.0282
79,44,16.4104
79,45,15.7831
79,46,15.1487
79,47,14.5094
79,48,13.8672
79,49,13.2238
79,50,12.5807
79,51,11.9394
79,52,11.3007
79,53,10.6657
79,54,10.0349
79,55,9.40878
79,56,8.78769
79,57,8.17175
79,58,7.56094
79,59,6.95515
79,60,6.35418
79,61,5.75775
79,62,5.16551
79,63,4.57708
79,64,3.99206
79,65,3.41004
79,66,2.83059
79,67,2.25332
79,68,1.67785
79,69,1.10382
79,70,0.530918
79,71,-0.0411069
79,72,-0.612474
79,73,-1.18339
79,74,-1.75402
79,75,-2.3245
79,76,-2.8949
79,77,-3.46527
79,78,-4.0356
79,79,-4.60587
79,80,-5.17598
79,81,-5.74584
79,82,-6.3153
79,83,-6.88421
79,84,-7.45239
79,85,-8.01967
79,86,-8.58589
79,87,-9.15094
79,88,-9.71475
79,89,-10.2774
79,90,-10.839
79,91,-11.4
79,92,-11.9611
79,93,-12.5233
79,94,-13.0881
79,95,-13.6579
79,96,-14.2357
79,97,-14.8256
79,98,-15.4329
79,99,-16.0649
79,100,-16.7302
79,101,-17.44
79,102,-18.2076
79,103,-19.0485
79,104,-19.9804
79,105,-21.0225
79,106,-22.1946
79,107,-23.5152
79,108,-24.9996
79,109,-26.6565
79,110,-28.4852
79,111,-30.4708
79,112,-32.5805
79,113,-34.7593
79,114,-36.9264
79,115,-38.9733
79,116,-40.7636
79,117,-42.1361
79,118,-42.9124
79,119,-42.9092
79,120,-41.9568
79,121,-39.922
79,122,-36.7331
79,123,-32.4031
79,124,-27.0424
79,125,-20.8536
79,126,-14.1059
79,127,-7.07425
79,128,0
80,0,0
80,1,2.28174
80,2,4.45718
80,3,6.51762
80,4,8.45229
80,5,10.2508
80,6,11.9056
80,7,13.4129
80,8,14.7731
80,9,15.9907
80,10,17.0735
80,11,18.0315
80,12,18.8763
80,13,19.6196
80,14,20.2727
80,15,20.8459
80,16,21.348
80,17,21.7861
80,18,22.166
80,19,22.4917
80,20,22.766
80,21,22.9907
80,22,23.1669
80,23,23.2951
80,24,23.3755
80,25,23.4082
80,26,23.3935
80,27,23.3313
80,28,23.2223
80,29,23.0669
80,30,22.8663
80,31,22.6215
80,32,22.334
80,33,22.0056
80,34,21.6384
80,35,21.2345
80,36,20.7964
80,37,20.3266
80,38,19.828
80,39,19.3034
80,40,18.7555
80,41,18.1872
80,42,17.6015
80,43,17.001
80,44,16.3884
80,45,15.7661
80,46,15.1367
80,47,14.5022
80,48,13.8646
80,49,13.2256
80,50,12.5867
80,51,11.9494
80,52,11.3146
80,53,10.6832
80,54,10.0558
80,55,9.4331
80,56,8.81525
80,57,8.20243
80,58,7.59469
80,59,6.99194
80,60,6.394
80,61,5.8006
80,62,5.21144
80,63,4.62616
80,64,4.04437
80,65,3.46567
80,66,2.88967
80,67,2.31597
80,68,1.7442
80,69,1.17401
80,70,0.605096
80,71,0.0371822
80,72,-0.529938
80,73,-1.09647
80,74,-1.66258
80,75,-2.2284
80,76,-2.79403
80,77,-3.35951
80,78,-3.92485
80,79,-4.49003
80,80,-5.05498
80,81,-5.6196
80,82,-6.18377
80,83,-6.74734
80,84,-7.31014
80,85,-7.87202
80,86,-8.43281
80,87,-8.99241
80,88,-9.55074
80,89,-10.1078
80,90,-10.6639
80,91,-11.2192
80,92,-11.7744
80,93,-12.3305
80,94,-12.8889
80,95,-13.4517
80,96,-14.0217
80,97,-14.6028
80,98,-15.2003
80,99,-15.8206
80,100,-16.4725
80,101,-17.1664
80,102,-17.9155
80,103,-18.7353
80,104,-19.6434
80,105,-20.6595
80,106,-21.8043
80,107,-23.0979
80,108,-24.5578
80,109,-26.1958
80,110,-28.0149
80,111,-30.0047
80,112,-32.1373
80,113,-34.3623
80,114,-36.6032
80,115,-38.7543
80,116,-40.6794
80,117,-42.2148
80,118,-43.1747
80,119,-43.3645
80,120,-42.5982
80,121,-40.7226
80,122,-37.6451
80,123,-33.3596
80,124,-27.963
80,125,-21.6532
80,126,-14.7038
80,127,-7.40116
80,128,0
81,0,0
81,1,2.21971
81,2,4.3459
81,3,6.36913
81,4,8.27779
81,5,10.0604
81,6,11.7079
81,7,13.215
81,8,14.5805
81,9,15.8071
81,10,16.9012
81,11,17.8714
81,12,18.7283
81,13,19.4827
81,14,20.1455
81,15,20.7266
81,16,21.2349
81,17,21.6777
81,18,22.0607
81,19,22.3882
81,20,22.6635
81,21,22.8886
81,22,23.0648
81,23,23.1929
81,24,23.2732
81,25,23.3061
81,26,23.2917
81,27,23.2303
81,28,23.1225
81,29,22.9689
81,30,22.7704
81,31,22.5283
81,32,22.244
81,33,21.9193
81,34,21.5561
81,35,21.1566
81,36,20.7233
81,37,20.2587
81,38,19.7654
81,39,19.2462
81,40,18.7039
81,41,18.1414
81,42,17.5613
81,43,16.9665
81,44,16.3595
81,45,15.7428
81,46,15.1187
81,47,14.4894
81,48,13.8567
81,49,13.2225
81,50,12.5882
81,51,11.9552
81,52,11.3245
81,53,10.6971
81,54,10.0735
81,55,9.45438
81,56,8.84
81,57,8.23056
81,58,7.62612
81,59,7.02662
81,60,6.43191
81,61,5.84177
81,62,5.2559
81,63,4.67397
81,64,4.09562
81,65,3.52047
81,66,2.94814
81,67,2.37824
81,68,1.81041
81,69,1.2443
81,70,0.679617
81,71,0.116083
81,72,-0.446511
81,73,-1.00836
81,74,-1.56965
81,75,-2.1305
81,76,-2.69102
81,77,-3.25126
81,78,-3.81124
81,79,-4.37095
81,80,-4.93033
81,81,-5.4893
81,82,-6.04774
81,83,-6.60552
81,84,-7.16249
81,85,-7.71849
81,86,-8.27338
81,87,-8.82705
81,88,-9.37943
81,89,-9.93055
81,90,-10.4805
81,91,-11.0298
81,92,-11.5787
81,93,-12.1284
81,94,-12.6801
81,95,-13.2358
81,96,-13.7982
81,97,-14.3708
81,98,-14.9586
81,99,-15.568
81,100,-16.2071
81,101,-16.8862
81,102,-17.6179
81,103,-18.4176
81,104,-19.3029
81,105,-20.2938
81,106,-21.4118
81,107,-22.6781
81,108,-24.1123
81,109,-25.7292
81,110,-27.5353
81,111,-29.5247
81,112,-31.6742
81,113,-33.9386
81,114,-36.2461
81,115,-38.4942
81,116,-40.5484
81,117,-42.2427
81,118,-43.3856
81,119,-43.7711
81,120,-43.1972
81,121,-41.4906
81,122,-38.5363
81,123,-34.3072
81,124,-28.8847
81,125,-22.4603
81,126,-15.3113
81,127,-7.73486
81,128,0
82,0,0
82,1,2.15648
82,2,4.23181
82,3,6.21589
82,4,8.09643
82,5,9.86092
82,6,11.4991
82,7,13.0041
82,8,14.3731
82,9,15.6075
82,10,16.7119
82,11,17.6937
82,12,18.5623
82,13,19.3277
82,14,20.0003
82,15,20.5897
82,16,21.1046
82,17,21.5523
82,18,21.9387
82,19,22.2686
82,20,22.5452
82,21,22.771
82,22,22.9475
82,23,23.0757
82,24,23.1562
82,25,23.1894
82,26,23.1756
82,27,23.1153
82,28,23.009
82,29,22.8574
82,30,22.6614
82,31,22.4223
82,32,22.1416
82,33,21.8208
82,34,21.4621
82,35,21.0675
82,36,20.6394
82,37,20.1802
82,38,19.6927
82,39,19.1794
82,40,18.6433
82,41,18.0869
82,42,17.513
82,43,16.9243
82,44,16.3233
82,45,15.7125
82,46,15.0942
82,47,14.4705
82,48,13.8432
82,49,13.2141
82,50,12.5847
82,51,11.9564
82,52,11.3302
82,53,10.7069
82,54,10.0874
82,55,9.4722
82,56,8.86157
82,57,8.25576
82,58,7.65488
82,59,7.05888
82,60,6.46765
82,61,5.88099
82,62,5.29865
82,63,4.72031
82,64,4.14563
82,65,3.57426
82,66,3.00583
82,67,2.43997
82,68,1.87633
82,69,1.31457
82,70,0.754386
82,71,0.195512
82,72,-0.362265
82,73,-0.919135
82,74,-1.47528
82,75,-2.03083
82,76,-2.58589
82,77,-3.14054
82,78,-3.69478
82,79,-4.24863
82,80,-4.80203
82,81,-5.35491
82,82,-5.90718
82,83,-6.45872
82,84,-7.00938
82,85,-7.55902
82,86,-8.10752
82,87,-8.65476
82,88,-9.2007
82,89,-9.74534
82,90,-10.2888
82,91,-10.8315
82,92,-11.3738
82,93,-11.9167
82,94,-12.4615
82,95,-13.0099
82,96,-13.5645
82,97,-14.1288
82,98,-14.7073
82,99,-15.3062
82,100,-15.9331
82,101,-16.5981
82,102,-17.3135
82,103,-18.0942
82,104,-18.9579
82,105,-19.9246
82,106,-21.0162
82,107,-22.2553
82,108,-23.6632
82,109,-25.2572
82,110,-27.0473
82,111,-29.0319
82,112,-31.1928
82,113,-33.4901
82,114,-35.8569
82,115,-38.1949
82,116,-40.3718
82,117,-42.2207
82,118,-43.5449
82,119,-44.1282
82,120,-43.7528
82,121,-42.2246
82,122,-39.4052
82,123,-35.2448
82,124,-29.8071
82,125,-23.2751
82,126,-15.9285
82,127,-8.07561
82,128,0
83,0,0
83,1,2.09231
83,2,4.11541
83,3,6.05864
83,4,7.90908
83,5,9.65337
83,6,11.2801
83,7,12.7811
83,8,14.1521
83,9,15.3927
83,10,16.5063
83,11,17.4989
83,12,18.3787
83,13,19.155
83,14,19.8375
83,15,20.4353
83,16,20.957
83,17,21.41
83,18,21.8003
83,19,22.1328
83,20,22.4111
83,21,22.6379
83,22,22.8149
83,23,22.9435
83,24,23.0244
83,25,23.0581
83,26,23.0452
83,27,22.9862
83,28,22.8816
83,29,22.7322
83,30,22.5391
83,31,22.3033
83,32,22.0264
83,33,21.71
83,34,21.356
83,35,20.9666
83,36,20.5441
83,37,20.0909
83,38,19.6095
83,39,19.1026
83,40,18.5729
83,41,18.0231
83,42,17.4558
83,43,16.8737
83,44,16.2792
83,45,15.6748
83,46,15.0626
83,47,14.4448
83,48,13.8233
83,49,13.1997
83,50,12.5757
83,51,11.9523
83,52,11.3309
83,53,10.7123
83,54,10.0972
83,55,9.48614
83,56,8.87955
83,57,8.27768
83,58,7.68062
83,59,7.0884
83,60,6.50092
83,61,5.91801
83,62,5.33945
83,63,4.76495
83,64,4.1942
83,65,3.62686
83,66,3.06259
83,67,2.50103
83,68,1.94184
83,69,1.3847
83,70,0.829298
83,71,0.275378
83,72,-0.277278
83,73,-0.828855
83,74,-1.37953
83,75,-1.92944
83,76,-2.4787
83,77,-3.02737
83,78,-3.57549
83,79,-4.12307
83,80,-4.67007
83,81,-5.21644
83,82,-5.76209
83,83,-6.3069
83,84,-6.85077
83,85,-7.39356
83,86,-7.93516
83,87,-8.47546
83,88,-9.01443
83,89,-9.55209
83,90,-10.0886
83,91,-10.6242
83,92,-11.1594
83,93,-11.6952
83,94,-12.2326
83,95,-12.7734
83,96,-13.3201
83,97,-13.876
83,98,-14.4454
83,99,-15.0341
83,100,-15.6496
83,101,-16.3014
83,102,-17.0014
83,103,-17.7642
83,104,-18.6074
83,105,-19.5508
83,106,-20.6169
83,107,-21.8291
83,108,-23.2102
83,109,-24.78
83,110,-26.5517
83,111,-28.5277
83,112,-30.6948
83,113,-33.0185
83,114,-35.4375
83,115,-37.858
83,116,-40.1509
83,117,-42.1494
83,118,-43.6527
83,119,-44.4352
83,120,-44.2636
83,121,-42.9231
83,122,-40.2505
83,123,-36.1714
83,124,-30.7297
83,125,-24.0975
83,126,-16.5559
83,127,-8.42373
83,128,0
84,0,0
84,1,2.0275
84,2,3.99724
84,3,5.89807
84,4,7.7166
84,5,9.43871
84,6,11.052
84,7,12.547
84,8,13.9181
84,9,15.1636
84,10,16.2852
84,11,17.2877
84,12,18.1783
84,13,18.9651
84,14,19.6573
84,15,20.2636
84,16,20.7924
84,17,21.251
84,18,21.6455
84,19,21.9809
84,20,22.2613
84,21,22.4893
84,22,22.6672
84,23,22.7963
84,24,22.8778
84,25,22.9123
84,26,22.9005
84,27,22.8429
84,28,22.7402
84,29,22.5933
84,30,22.4031
84,31,22.1709
84,32,21.8981
84,33,21.5863
84,34,21.2375
84,35,20.8537
84,36,20.4371
84,37,19.9901
84,38,19.5153
84,39,19.0152
84,40,18.4924
84,41,17.9496
84,42,17.3893
84,43,16.8142
84,44,16.2266
84,45,15.6289
84,46,15.0233
84,47,14.4119
84,48,13.7965
84,49,13.1789
84,50,12.5605
84,51,11.9426
84,52,11.3263
84,53,10.7126
84,54,10.1022
84,55,9.49574
84,56,8.89353
84,57,8.29589
84,58,7.70298
84,59,7.11483
84,60,6.53139
84,61,5.95252
84,62,5.37802
84,63,4.80764
84,64,4.24109
84,65,3.67806
84,66,3.11822
84,67,2.56124
84,68,2.00679
84,69,1.45455
84,70,0.904237
84,71,0.355577
84,72,-0.19164
84,73,-0.737597
84,74,-1.28247
84,75,-1.82639
84,76,-2.36947
84,77,-2.91179
84,78,-3.4534
84,79,-3.9943
84,80,-4.53447
84,81,-5.07387
84,82,-5.61243
84,83,-6.15005
84,84,-6.68663
84,85,-7.22206
84,86,-7.75624
84,87,-8.28908
84,88,-8.82055
84,89,-9.35069
84,90,-9.87964
84,91,-10.4077
84,92,-10.9354
84,93,-11.4635
84,94,-11.9931
84,95,-12.5261
84,96,-13.0646
84,97,-13.612
84,98,-14.1723
84,99,-14.7511
84,100,-15.3556
84,101,-15.995
84,102,-16.6806
84,103,-17.4266
84,104,-18.2503
84,105,-19.1716
84,106,-20.2131
84,107,-21.3989
84,108,-22.7532
84,109,-24.2977
84,110,-26.0489
84,111,-28.0129
84,112,-30.1815
84,113,-32.5257
84,114,-34.9897
84,115,-37.4853
84,116,-39.8871
84,117,-42.0296
84,118,-43.709
84,119,-44.6914
84,120,-44.7286
84,121,-43.5845
84,122,-41.0708
84,123,-37.0862
84,124,-31.652
84,125,-24.9277
84,126,-17.1938
84,127,-8.7796
84,128,0
85,0,0
85,1,1.96233
85,2,3.87782
85,3,5.73493
85,4,7.51988
85,5,9.21792
85,6,10.8158
85,7,12.3029
85,8,13.6724
85,9,14.9211
85,10,16.0494
85,11,17.0609
85,12,17.9615
85,13,18.7585
85,14,19.4602
85,15,20.0751
85,16,20.6111
85,17,21.0755
85,18,21.4744
85,19,21.8132
85,20,22.0957
85,21,22.3253
85,22,22.5042
85,23,22.6342
85,24,22.7164
85,25,22.7519
85,26,22.7412
85,27,22.6852
85,28,22.5847
85,29,22.4404
85,30,22.2534
85,31,22.0249
85,32,21.7565
85,33,21.4496
85,34,21.1062
85,35,20.7282
85,36,20.3179
85,37,19.8776
85,38,19.4096
85,39,18.9167
85,40,18.4012
85,41,17.8657
85,42,17.3129
85,43,16.7451
85,44,16.1648
85,45,15.5743
85,46,14.9757
85,47,14.3711
85,48,13.7623
85,49,13.1509
85,50,12.5386
85,51,11.9265
85,52,11.3158
85,53,10.7074
85,54,10.1021
85,55,9.50053
85,56,8.90305
85,57,8.31
85,58,7.72156
85,59,7.13781
85,60,6.55873
85,61,5.9842
85,62,5.41407
85,63,4.84811
85,64,4.28606
85,65,3.72764
85,66,3.17253
85,67,2.62043
85,68,2.07102
85,69,1.52399
85,70,0.979075
85,71,0.435998
85,72,-0.10545
85,73,-0.645447
85,74,-1.18416
85,75,-1.72173
85,76,-2.25826
85,77,-2.79384
85,78,-3.32852
85,79,-3.86232
85,80,-4.39523
85,81,-4.92721
85,82,-5.45821
85,83,-5.98815
85,84,-6.51694
85,85,-7.04449
85,86,-7.57071
85,87,-8.09555
85,88,-8.61898
85,89,-9.14105
85,90,-9.66193
85,91,-10.1819
85,92,-10.7015
85,93,-11.2215
85,94,-11.743
85,95,-12.2676
85,96,-12.7977
85,97,-13.3363
85,98,-13.8874
85,99,-14.4565
85,100,-15.0503
85,101,-15.6778
85,102,-16.3499
85,103,-17.0803
85,104,-17.8858
85,105,-18.7861
85,106,-19.8041
85,107,-20.9642
85,108,-22.2918
85,109,-23.8105
85,110,-25.5394
85,111,-27.4886
85,112,-29.6543
85,113,-32.013
85,114,-34.5152
85,115,-37.0784
85,116,-39.5818
85,117,-41.8622
85,118,-43.7141
85,119,-44.8961
85,120,-45.1462
85,121,-44.2074
85,122,-41.8644
85,123,-37.9878
85,124,-32.5737
85,125,-25.7658
85,126,-17.8428
85,127,-9.14366
85,128,0
86,0,0
86,1,1.89706
86,2,3.75766
86,3,5.56994
86,4,7.31981
86,5,8.99203
86,6,10.5726
86,7,12.0499
86,8,13.416
86,9,14.6663
86,10,15.8
86,11,16.8194
86,12,17.7291
86,13,18.5357
86,14,19.2468
86,15,19.8701
86,16,20.4133
86,17,20.8836
86,18,21.2873
86,19,21.6295
86,20,21.9146
86,21,22.1459
86,22,22.3261
86,23,22.4571
86,24,22.5402
86,25,22.5767
86,26,22.5674
86,27,22.5131
86,28,22.4148
86,29,22.2733
86,30,22.0896
86,31,21.8651
86,32,21.6012
86,33,21.2994
86,34,20.9616
86,35,20.5898
86,36,20.186
86,37,19.7526
86,38,19.292
86,39,18.8065
86,40,18.2986
86,41,17.7709
86,42,17.2259
86,43,16.6658
86,44,16.0932
86,45,15.5103
86,46,14.9191
86,47,14.3217
86,48,13.7199
86,49,13.1153
86,50,12.5094
86,51,11.9036
86,52,11.2988
86,53,10.6962
86,54,10.0963
86,55,9.50002
86,56,8.90764
86,57,8.31954
86,58,7.73594
86,59,7.15695
86,60,6.58256
86,61,6.01273
86,62,5.4473
86,63,4.88608
86,64,4.32886
86,65,3.77536
86,66,3.2253
86,67,2.6784
86,68,2.13435
86,69,1.59286
86,70,1.05367
86,71,0.516512
86,72,-0.0188202
86,73,-0.552503
86,74,-1.08469
86,75,-1.61553
86,76,-2.14513
86,77,-2.67357
86,78,-3.20091
86,79,-3.72718
86,80,-4.25237
86,81,-4.77647
86,82,-5.29943
86,83,-5.82119
86,84,-6.34168
86,85,-6.86082
86,86,-7.37855
86,87,-7.89483
86,88,-8.40966
86,89,-8.92311
86,90,-9.43534
86,91,-9.94669
86,92,-10.4576
86,93,-10.969
86,94,-11.4819
86,95,-11.9978
86,96,-12.5191
86,97,-13.0487
86,98,-13.5905
86,99,-14.1497
86,100,-14.733
86,101,-15.349
86,102,-16.0082
86,103,-16.7241
86,104,-17.5128
86,105,-18.3935
86,106,-19.389
86,107,-20.5243
86,108,-21.8256
86,109,-23.3183
86,110,-25.0236
86,111,-26.9553
86,112,-29.1142
86,113,-31.4822
86,114,-34.0158
86,115,-36.639
86,116,-39.2364
86,117,-41.6479
86,118,-43.6679
86,119,-45.0488
86,120,-45.5154
86,121,-44.7898
86,122,-42.6297
86,123,-38.8749
86,124,-33.494
86,125,-26.612
86,126,-18.5034
86,127,-9.51641
86,128,0
87,0,0
87,1,1.83197
87,2,3.63729
87,3,5.40383
87,4,7.1173
87,5,8.76207
87,6,10.3235
87,7,11.7892
87,8,13.15
87,9,14.4003
87,10,15.5379
87,11,16.5639
87,12,17.4819
87,13,18.2975
87,14,19.0174
87,15,19.6489
87,16,20.1994
87,17,20.6757
87,18,21.0842
87,19,21.4301
87,20,21.7179
87,21,21.9512
87,22,22.1329
87,23,22.2649
87,24,22.3492
87,25,22.3868
87,26,22.3789
87,27,22.3265
87,28,22.2305
87,29,22.0918
87,30,21.9117
87,31,21.6913
87,32,21.432
87,33,21.1355
87,34,20.8036
87,35,20.4381
87,36,20.0411
87,37,19.6149
87,38,19.1618
87,39,18.6841
87,40,18.1842
87,41,17.6646
87,42,17.1277
87,43,16.5758
87,44,16.0113
87,45,15.4364
87,46,14.853
87,47,14.2632
87,48,13.6688
87,49,13.0714
87,50,12.4724
87,51,11.8731
87,52,11.2748
87,53,10.6782
87,54,10.0843
87,55,9.4937
87,56,8.90682
87,57,8.32407
87,58,7.74569
87,59,7.17183
87,60,6.60252
87,61,6.03773
87,62,5.47736
87,63,4.92124
87,64,4.36919
87,65,3.82096
87,66,3.27629
87,67,2.73492
87,68,2.19657
87,69,1.66097
87,70,1.12785
87,71,0.596975
87,72,0.0681214
87,73,-0.458877
87,74,-0.984168
87,75,-1.50789
87,76,-2.03015
87,77,-2.55104
87,78,-3.07061
87,79,-3.5889
87,80,-4.10593
87,81,-4.62167
87,82,-5.1361
87,83,-5.64918
87,84,-6.16085
87,85,-6.67105
87,86,-7.17974
87,87,-7.6869
87,88,-8.19256
87,89,-8.69681
87,90,-9.19984
87,91,-9.70198
87,92,-10.2038
87,93,-10.7059
87,94,-11.2097
87,95,-11.7165
87,96,-12.2286
87,97,-12.7489
87,98,-13.2811
87,99,-13.8305
87,100,-14.4033
87,101,-15.008
87,102,-15.655
87,103,-16.3571
87,104,-17.13
87,105,-17.9927
87,106,-18.9671
87,107,-20.0787
87,108,-21.3544
87,109,-22.8208
87,110,-24.5017
87,111,-26.4138
87,112,-28.5623
87,113,-30.9345
87,114,-33.4932
87,115,-36.1688
87,116,-38.8522
87,117,-41.3878
87,118,-43.5707
87,119,-45.1486
87,120,-45.8345
87,121,-45.33
87,122,-43.3648
87,123,-39.7463
87,124,-34.4124
87,125,-27.4664
87,126,-19.1762
87,127,-9.89843
87,128,0
88,0,0
88,1,1.76732
88,2,3.51721
88,3,5.23732
88,4,6.91326
88,5,8.52909
88,6,10.0697
88,7,11.5219
88,8,12.8756
88,9,14.1241
88,10,15.2641
88,11,16.2955
88,12,17.2207
88,13,18.0445
88,14,18.7727
88,15,19.4121
88,16,19.9697
88,17,20.4521
88,18,20.8654
88,19,21.2151
88,20,21.5058
88,21,21.7412
88,22,21.9244
88,23,22.0578
88,24,22.1432
88,25,22.1821
88,26,22.1757
88,27,22.1252
88,28,22.0315
88,29,21.8958
88,30,21.7192
88,31,21.503
88,32,21.2486
88,33,20.9575
88,34,20.6316
88,35,20.2726
88,36,19.8827
88,37,19.4639
88,38,19.0186
88,39,18.5489
88,40,18.0574
88,41,17.5462
88,42,17.0178
88,43,16.4745
88,44,15.9184
88,45,15.3518
88,46,14.7767
88,47,14.195
88,48,13.6084
88,49,13.0185
88,50,12.4268
88,51,11.8347
88,52,11.2431
88,53,10.6531
88,54,10.0656
88,55,9.48104
88,56,8.90009
88,57,8.3231
88,58,7.75036
88,59,7.18202
88,60,6.61818
88,61,6.05883
88,62,5.5039
88,63,4.95327
88,64,4.40675
88,65,3.86415
88,66,3.32524
88,67,2.78977
88,68,2.25749
88,69,1.72813
88,70,1.20145
88,71,0.677223
88,72,0.155228
88,73,-0.364697
88,74,-0.882695
88,75,-1.39889
88,76,-1.91341
88,77,-2.42631
88,78,-2.93768
88,79,-3.44755
88,80,-3.95594
88,81,-4.46285
88,82,-4.96826
88,83,-5.47214
88,84,-5.97446
88,85,-6.47518
88,86,-6.97428
88,87,-7.47176
88,88,-7.96768
88,89,-8.46214
88,90,-8.95538
88,91,-9.44774
88,92,-9.93976
88,93,-10.4322
88,94,-10.9263
88,95,-11.4235
88,96,-11.926
88,97,-12.4366
88,98,-12.9591
88,99,-13.4984
88,100,-14.0608
88,101,-14.6544
88,102,-15.2894
88,103,-15.9783
88,104,-16.7366
88,105,-17.5824
88,106,-18.5376
88,107,-19.6267
88,108,-20.8775
88,109,-22.3181
88,110,-23.9739
88,111,-25.8647
88,112,-27.9996
88,113,-30.3713
88,114,-32.9488
88,115,-35.6694
88,116,-38.4308
88,117,-41.0828
88,118,-43.4226
88,119,-45.1951
88,120,-46.1021
88,121,-45.8259
88,122,-44.0674
88,123,-40.6001
88,124,-35.3279
88,125,-28.329
88,126,-19.8619
88,127,-10.2903
88,128,0
89,0,0
89,1,1.70338
89,2,3.39792
89,3,5.07116
89,4,6.70862
89,5,8.29417
89,6,9.8123
89,7,11.2493
89,8,12.5941
89,9,13.8391
89,10,14.9799
89,11,16.0152
89,12,16.9465
89,13,17.7775
89,14,18.5134
89,15,19.1603
89,16,19.7246
89,17,20.2129
89,18,20.6311
89,19,20.9847
89,20,21.2783
89,21,21.516
89,22,21.7009
89,23,21.8356
89,24,21.9222
89,25,21.9624
89,26,21.9576
89,27,21.909
89,28,21.8178
89,29,21.6851
89,30,21.5121
89,31,21.3002
89,32,21.0506
89,33,20.7651
89,34,20.4453
89,35,20.093
89,36,19.7103
89,37,19.2992
89,38,18.8619
89,39,18.4006
89,40,17.9176
89,41,17.4152
89,42,16.8956
89,43,16.3611
89,44,15.8139
89,45,15.2561
89,46,14.6896
89,47,14.1163
89,48,13.5379
89,49,12.9561
89,50,12.3722
89,51,11.7875
89,52,11.2032
89,53,10.6203
89,54,10.0395
89,55,9.46151
89,56,8.88692
89,57,8.31614
89,58,7.74946
89,59,7.18709
89,60,6.62914
89,61,6.07564
89,62,5.52655
89,63,4.98179
89,64,4.44121
89,65,3.90464
89,66,3.37187
89,67,2.84268
89,68,2.31684
89,69,1.79412
89,70,1.27427
89,71,0.757074
89,72,0.242336
89,73,-0.270113
89,74,-0.780408
89,75,-1.28867
89,76,-1.79501
89,77,-2.2995
89,78,-2.80221
89,79,-3.3032
89,80,-3.80248
89,81,-4.30006
89,82,-4.79595
89,83,-5.29012
89,84,-5.78255
89,85,-6.27324
89,86,-6.76219
89,87,-7.24942
89,88,-7.73501
89,89,-8.21911
89,90,-8.70196
89,91,-9.18395
89,92,-9.66565
89,93,-10.1479
89,94,-10.6317
89,95,-11.1188
89,96,-11.6113
89,97,-12.1119
89,98,-12.6243
89,99,-13.1533
89,100,-13.7053
89,101,-14.2879
89,102,-14.9112
89,103,-15.5875
89,104,-16.3316
89,105,-17.1617
89,106,-18.0989
89,107,-19.1675
89,108,-20.3946
89,109,-21.8098
89,110,-23.4402
89,111,-25.3084
89,112,-27.427
89,113,-29.7939
89,114,-32.3842
89,115,-35.1425
89,116,-37.9736
89,117,-40.7339
89,118,-43.224
89,119,-45.1874
89,120,-46.3167
89,121,-46.2753
89,122,-44.7354
89,123,-41.4346
89,124,-36.2397
89,125,-29.1998
89,126,-20.5611
89,127,-10.6928
89,128,0
90,0,0
90,1,1.64039
90,2,3.27994
90,3,4.90606
90,4,6.50429
90,5,8.0584
90,6,9.55259
90,7,10.9726
90,8,12.3068
90,9,13.5466
90,10,14.6864
90,11,15.7242
90,12,16.6603
90,13,17.4975
90,14,18.2403
90,15,18.894
90,16,19.4647
90,17,19.9586
90,18,20.3816
90,19,20.739
90,20,21.0356
90,21,21.2755
90,22,21.4621
90,23,21.5983
90,24,21.6862
90,25,21.7277
90,26,21.7245
90,27,21.6779
90,28,21.5891
90,29,21.4594
90,30,21.2901
90,31,21.0824
90,32,20.8378
90,33,20.5579
90,34,20.2444
90,35,19.8989
90,36,19.5236
90,37,19.1203
90,38,18.6912
90,39,18.2385
90,40,17.7643
90,41,17.2709
90,42,16.7605
90,43,16.2352
90,44,15.6972
90,45,15.1485
90,46,14.591
90,47,14.0266
90,48,13.4569
90,49,12.8835
90,50,12.3078
90,51,11.7311
90,52,11.1545
90,53,10.5791
90,54,10.0055
90,55,9.43455
90,56,8.86679
90,57,8.30267
90,58,7.74251
90,59,7.18655
90,60,6.63493
90,61,6.08772
90,62,5.54492
90,63,5.00646
90,64,4.47223
90,65,3.9421
90,66,3.41588
90,67,2.89338
90,68,2.37439
90,69,1.85869
90,70,1.34607
90,71,0.836327
90,72,0.329258
90,73,-0.175296
90,74,-0.677462
90,75,-1.17736
90,76,-1.67508
90,77,-2.17071
90,78,-2.66431
90,79,-3.15594
90,80,-3.64563
90,81,-4.13339
90,82,-4.61924
90,83,-5.10317
90,84,-5.58519
90,85,-6.0653
90,86,-6.54353
90,87,-7.01993
90,88,-7.49461
90,89,-7.96775
90,90,-8.43963
90,91,-8.91066
90,92,-9.38144
90,93,-9.85282
90,94,-10.326
90,95,-10.8024
90,96,-11.2843
90,97,-11.7745
90,98,-12.2765
90,99,-12.7952
90,100,-13.3365
90,101,-13.9083
90,102,-14.5201
90,103,-15.184
90,104,-15.9148
90,105,-16.73
90,106,-17.6504
90,107,-18.7
90,108,-19.9054
90,109,-21.2957
90,110,-22.9009
90,111,-24.7452
90,112,-26.8454
90,113,-29.2035
90,114,-31.801
90,115,-34.5897
90,116,-37.4822
90,117,-40.3421
90,118,-42.9752
90,119,-45.125
90,120,-46.4766
90,121,-46.6758
90,122,-45.3661
90,123,-42.2474
90,124,-37.1463
90,125,-30.0788
90,126,-21.2744
90,127,-11.1066
90,128,0
91,0,0
91,1,1.57862
91,2,3.16376
91,3,4.74276
91,4,6.30122
91,5,7.82289
91,6,9.29179
91,7,10.6933
91,8,12.0151
91,9,13.2478
91,10,14.385
91,11,15.4237
91,12,16.3632
91,13,17.2054
91,14,17.9541
91,15,18.6139
91,16,19.1905
91,17,19.6896
91,18,20.1171
91,19,20.4782
91,20,20.7777
91,21,21.0199
91,22,21.2083
91,23,21.3458
91,24,21.435
91,25,21.4779
91,26,21.4763
91,27,21.4316
91,28,21.3453
91,29,21.2186
91,30,21.0529
91,31,20.8495
91,32,20.6099
91,33,20.3357
91,34,20.0284
91,35,19.6899
91,36,19.322
91,37,18.9267
91,38,18.5061
91,39,18.0621
91,40,17.597
91,41,17.1129
91,42,16.612
91,43,16.0962
91,44,15.5677
91,45,15.0285
91,46,14.4804
91,47,13.9252
91,48,13.3646
91,49,12.8001
91,50,12.2331
91,51,11.6648
91,52,11.0964
91,53,10.5289
91,54,9.96305
91,55,9.39961
91,56,8.83916
91,57,8.28217
91,58,7.72901
91,59,7.17993
91,60,6.63511
91,61,6.09465
91,62,5.55858
91,63,5.02687
91,64,4.49944
91,65,3.97618
91,66,3.45694
91,67,2.94155
91,68,2.42984
91,69,1.9216
91,70,1.41663
91,71,0.914756
91,72,0.415785
91,73,-0.0804365
91,74,-0.574035
91,75,-1.06511
91,76,-1.55377
91,77,-2.04007
91,78,-2.5241
91,79,-3.00589
91,80,-3.4855
91,81,-3.96294
91,82,-4.43824
91,83,-4.9114
91,84,-5.38246
91,85,-5.85144
91,86,-6.31838
91,87,-6.78338
91,88,-7.24657
91,89,-7.70816
91,90,-8.16847
91,91,-8.62794
91,92,-9.08723
91,93,-9.5472
91,94,-10.009
91,95,-10.4744
91,96,-10.9453
91,97,-11.4246
91,98,-11.9159
91,99,-12.4239
91,100,-12.9545
91,101,-13.5153
91,102,-14.1158
91,103,-14.7678
91,104,-15.4857
91,105,-16.2867
91,106,-17.1914
91,107,-18.2231
91,108,-19.4084
91,109,-20.7759
91,110,-22.3558
91,111,-24.1757
91,112,-26.2553
91,113,-28.6012
91,114,-31.2006
91,115,-34.0126
91,116,-36.958
91,117,-39.9086
91,118,-42.6766
91,119,-45.0072
91,120,-46.5802
91,121,-47.0248
91,122,-45.9566
91,123,-43.036
91,124,-38.0463
91,125,-30.9654
91,126,-22.0024
91,127,-11.5325
91,128,0
92,0,0
92,1,1.51831
92,2,3.04988
92,3,4.58198
92,4,6.10035
92,5,7.58876
92,6,9.03115
92,7,10.4126
92,8,11.7203
92,9,12.9441
92,10,14.077
92,11,15.1149
92,12,16.0563
92,13,16.9023
92,14,17.6557
92,15,18.3207
92,16,18.9025
92,17,19.4064
92,18,19.8381
92,19,20.2026
92,20,20.5049
92,21,20.7492
92,22,20.9392
92,23,21.0782
92,24,21.1686
92,25,21.2129
92,26,21.2128
92,27,21.17
92,28,21.086
92,29,20.9623
92,30,20.8002
92,31,20.6012
92,32,20.3666
92,33,20.098
92,34,19.7971
92,35,19.4656
92,36,19.1053
92,37,18.7181
92,38,18.306
92,39,17.8711
92,40,17.4152
92,41,16.9407
92,42,16.4494
92,43,15.9435
92,44,15.4249
92,45,14.8955
92,46,14.3572
92,47,13.8117
92,48,13.2606
92,49,12.7054
92,50,12.1474
92,51,11.5881
92,52,11.0283
92,53,10.4692
92,54,9.91158
92,55,9.35613
92,56,8.80349
92,57,8.25413
92,58,7.70845
92,59,7.16674
92,60,6.62921
92,61,6.09598
92,62,5.56711
92,63,5.04262
92,64,4.52245
92,65,4.00652
92,66,3.49471
92,67,2.98689
92,68,2.48289
92,69,1.98254
92,70,1.48568
92,71,0.992113
92,72,0.501687
92,73,0.014246
92,74,-0.47033
92,75,-0.952136
92,76,-1.43126
92,77,-1.90777
92,78,-2.38173
92,79,-2.85321
92,80,-3.32223
92,81,-3.78884
92,82,-4.25306
92,83,-4.71494
92,84,-5.17449
92,85,-5.63178
92,86,-6.08687
92,87,-6.53989
92,88,-6.991
92,89,-7.44045
92,90,-7.8886
92,91,-8.33593
92,92,-8.78313
92,93,-9.23112
92,94,-9.68113
92,95,-10.1348
92,96,-10.5942
92,97,-11.0623
92,98,-11.5425
92,99,-12.0395
92,100,-12.5592
92,101,-13.1091
92,102,-13.6984
92,103,-14.3388
92,104,-15.0442
92,105,-15.8317
92,106,-16.7214
92,107,-17.7364
92,108,-18.9028
92,109,-20.2492
92,110,-21.8051
92,111,-23.6002
92,112,-25.6576
92,113,-27.9881
92,114,-30.5845
92,115,-33.4129
92,116,-36.4028
92,117,-39.4347
92,118,-42.3286
92,119,-44.8334
92,120,-46.6255
92,121,-47.3197
92,122,-46.5035
92,123,-43.7975
92,124,-38.9376
92,125,-31.8591
92,126,-22.7457
92,127,-11.9712
92,128,0
93,0,0
93,1,1.4597
93,2,2.93878
93,3,4.42447
93,4,5.90264
93,5,7.35717
93,6,8.77198
93,7,10.132
93,8,11.4239
93,9,12.6372
93,10,13.7639
93,11,14.7992
93,12,15.7409
93,13,16.5892
93,14,17.3461
93,15,18.0154
93,16,18.6015
93,17,19.1095
93,18,19.5448
93,19,19.9124
93,20,20.2172
93,21,20.4635
93,22,20.6551
93,23,20.7953
93,24,20.8869
93,25,20.9324
93,26,20.9338
93,27,20.8929
93,28,20.8112
93,29,20.6904
93,30,20.5319
93,31,20.3371
93,32,20.1075
93,33,19.8446
93,34,19.5501
93,35,19.2256
93,36,18.873
93,37,18.494
93,38,18.0906
93,39,17.6648
93,40,17.2185
93,41,16.7537
93,42,16.2724
93,43,15.7766
93,44,15.2681
93,45,14.7489
93,46,14.2208
93,47,13.6853
93,48,13.1441
93,49,12.5986
93,50,12.0503
93,51,11.5003
93,52,10.9497
93,53,10.3995
93,54,9.85052
93,55,9.30357
93,56,8.75923
93,57,8.21801
93,58,7.68032
93,59,7.14649
93,60,6.61674
93,61,6.09124
93,62,5.57007
93,63,5.05328
93,64,4.54085
93,65,4.03273
93,66,3.52883
93,67,3.02904
93,68,2.53322
93,69,2.04123
93,70,1.55292
93,71,1.06813
93,72,0.586703
93,73,0.108508
93,74,-0.366576
93,75,-0.838637
93,76,-1.30775
93,77,-1.77399
93,78,-2.2374
93,79,-2.69806
93,80,-3.156
93,81,-3.61126
93,82,-4.06389
93,83,-4.51393
93,84,-4.96144
93,85,-5.40648
93,86,-5.84917
93,87,-6.28963
93,88,-6.72809
93,89,-7.16482
93,90,-7.60022
93,91,-8.03483
93,92,-8.46937
93,93,-8.90481
93,94,-9.34243
93,95,-9.78391
93,96,-10.2314
93,97,-10.6877
93,98,-11.1565
93,99,-11.6423
93,100,-12.1509
93,101,-12.6898
93,102,-13.268
93,103,-13.8969
93,104,-14.5903
93,105,-15.3649
93,106,-16.2404
93,107,-17.2396
93,108,-18.3883
93,109,-19.7147
93,110,-21.2484
93,111,-23.0189
93,112,-25.0529
93,113,-27.3652
93,114,-29.9539
93,115,-32.7923
93,116,-35.8182
93,117,-38.9218
93,118,-41.9318
93,119,-44.6032
93,120,-46.6108
93,121,-47.5572
93,122,-47.0034
93,123,-44.5284
93,124,-39.8179
93,125,-32.7591
93,126,-23.5046
93,127,-12.4236
93,128,0
94,0,0
94,1,1.40305
94,2,2.83098
94,3,4.27097
94,4,5.70906
94,5,7.12928
94,6,8.51561
94,7,9.85282
94,8,11.1274
94,9,12.3284
94,10,13.4471
94,11,14.4781
94,12,15.4183
94,13,16.2673
94,14,17.0264
94,15,17.6987
94,16,18.2881
94,17,18.7995
94,18,19.2378
94,19,19.608
94,20,19.9149
94,21,20.1629
94,22,20.3558
94,23,20.4971
94,24,20.5898
94,25,20.6364
94,26,20.6392
94,27,20.6
94,28,20.5206
94,29,20.4027
94,30,20.2476
94,31,20.057
94,32,19.8324
94,33,19.5752
94,34,19.287
94,35,18.9696
94,36,18.6247
94,37,18.254
94,38,17.8595
94,39,17.4429
94,40,17.0063
94,41,16.5514
94,42,16.0804
94,43,15.5949
94,44,15.097
94,45,14.5883
94,46,14.0706
94,47,13.5455
94,48,13.0147
94,49,12.4794
94,50,11.941
94,51,11.4008
94,52,10.8598
94,53,10.319
94,54,9.77931
94,55,9.24136
94,56,8.70585
94,57,8.17328
94,58,7.64411
94,59,7.11867
94,60,6.59723
94,61,6.07997
94,62,5.56701
94,63,5.05843
94,64,4.55425
94,65,4.05443
94,66,3.55892
94,67,3.06764
94,68,2.58049
94,69,2.09733
94,70,1.61805
94,71,1.1425
94,72,0.670553
94,73,0.20208
94,74,-0.263032
94,75,-0.724864
94,76,-1.18348
94,77,-1.63895
94,78,-2.09133
94,79,-2.54066
94,80,-2.98701
94,81,-3.43041
94,82,-3.87092
94,83,-4.3086
94,84,-4.74351
94,85,-5.17577
94,86,-5.60548
94,87,-6.03284
94,88,-6.45807
94,89,-6.88151
94,90,-7.30359
94,91,-7.7249
94,92,-8.14622
94,93,-8.56856
94,94,-8.99327
94,95,-9.42205
94,96,-9.85712
94,97,-10.3013
94,98,-10.7583
94,99,-11.2325
94,100,-11.7299
94,101,-12.2577
94,102,-12.8248
94,103,-13.4424
94,104,-14.1241
94,105,-14.8863
94,106,-15.7482
94,107,-16.7325
94,108,-17.8644
94,109,-19.1721
94,110,-20.6848
94,111,-22.4323
94,112,-24.4418
94,113,-26.7335
94,114,-29.3104
94,115,-32.1523
94,116,-35.2058
94,117,-38.3711
94,118,-41.487
94,119,-44.316
94,120,-46.5342
94,121,-47.7344
94,122,-47.452
94,123,-45.2246
94,124,-40.6842
94,125,-33.6639
94,126,-24.2793
94,127,-12.8905
94,128,0
95,0,0
95,1,1.34861
95,2,2.72698
95,3,4.12224
95,4,5.52061
95,5,6.90629
95,6,8.2634
95,7,9.57668
95,8,10.8325
95,9,12.0193
95,10,13.1282
95,11,14.153
95,12,15.09
95,13,15.9379
95,14,16.6976
95,15,17.3715
95,16,17.9631
95,17,18.4769
95,18,18.9174
95,19,19.2896
95,20,19.5982
95,21,19.8475
95,22,20.0414
95,23,20.1836
95,24,20.2772
95,25,20.3248
95,26,20.3288
95,27,20.2912
95,28,20.214
95,29,20.0988
95,30,19.9472
95,31,19.7607
95,32,19.5409
95,33,19.2893
95,34,19.0076
95,35,18.6973
95,36,18.3601
95,37,17.9978
95,38,17.6122
95,39,17.205
95,40,16.7782
95,41,16.3335
95,42,15.8729
95,43,15.398
95,44,14.9108
95,45,14.413
95,46,13.9062
95,47,13.3919
95,48,12.8717
95,49,12.3471
95,50,11.8192
95,51,11.2892
95,52,10.7583
95,53,10.2274
95,54,9.69741
95,55,9.16899
95,56,8.64281
95,57,8.11944
95,58,7.59931
95,59,7.08279
95,60,6.57018
95,61,6.06169
95,62,5.55747
95,63,5.05763
95,64,4.5622
95,65,4.0712
95,66,3.58459
95,67,3.10233
95,68,2.62433
95,69,2.1505
95,70,1.68073
95,71,1.21491
95,72,0.752927
95,73,0.294664
95,74,-0.159983
95,75,-0.611094
95,76,-1.05872
95,77,-1.50293
95,78,-1.94376
95,79,-2.38127
95,80,-2.81551
95,81,-3.24653
95,82,-3.6744
95,83,-4.09919
95,84,-4.52098
95,85,-4.9399
95,86,-5.3561
95,87,-5.76979
95,88,-6.18124
95,89,-6.59083
95,90,-6.99903
95,91,-7.4065
95,92,-7.81405
95,93,-8.22277
95,94,-8.63404
95,95,-9.04965
95,96,-9.47185
95,97,-9.90351
95,98,-10.3483
95,99,-10.8108
95,100,-11.2967
95,101,-11.8132
95,102,-12.3692
95,103,-12.9757
95,104,-13.646
95,105,-14.3962
95,106,-15.2452
95,107,-16.2152
95,108,-17.3313
95,109,-18.6211
95,110,-20.1139
95,111,-21.8393
95,112,-23.8251
95,113,-26.0941
95,114,-28.6552
95,115,-31.4946
95,116,-34.5675
95,117,-37.7843
95,118,-40.9949
95,119,-43.9715
95,120,-46.3939
95,121,-47.8476
95,122,-47.845
95,123,-45.8817
95,124,-41.5329
95,125,-34.5718
95,126,-25.0697
95,127,-13.3725
95,128,0
96,0,0
96,1,1.29664
96,2,2.62731
96,3,3.97908
96,4,5.33831
96,5,6.68945
96,6,8.01677
96,7,9.30508
96,8,10.5406
96,9,11.7117
96,10,12.8089
96,11,13.8255
96,12,14.7572
96,13,15.6023
96,14,16.3609
96,15,17.0349
96,16,17.6274
96,17,18.1424
96,18,18.5842
96,19,18.9577
96,20,19.2672
96,21,19.5173
96,22,19.7119
96,23,19.8547
96,24,19.9489
96,25,19.9972
96,26,20.0023
96,27,19.9662
96,28,19.891
96,29,19.7784
96,30,19.6302
96,31,19.4477
96,32,19.2328
96,33,18.9868
96,34,18.7114
96,35,18.4082
96,36,18.0788
96,37,17.7249
96,38,17.3483
96,39,16.9507
96,40,16.5338
96,41,16.0995
96,42,15.6495
96,43,15.1855
96,44,14.7094
96,45,14.2226
96,46,13.727
96,47,13.2239
96,48,12.7148
96,49,12.2012
96,50,11.6841
96,51,11.1649
96,52,10.6446
96,53,10.1241
96,54,9.6043
96,55,9.08592
96,56,8.56961
96,57,8.05595
96,58,7.5454
96,59,7.03836
96,60,6.53512
96,61,6.03594
96,62,5.541
96,63,5.05042
96,64,4.56428
96,65,4.08261
96,66,3.60543
96,67,3.1327
96,68,2.66436
96,69,2.20036
96,70,1.74061
96,71,1.28502
96,72,0.833494
96,73,0.385936
96,74,-0.057749
96,75,-0.497638
96,76,-0.933778
96,77,-1.36622
96,78,-1.795
96,79,-2.22018
96,80,-2.6418
96,81,-3.05993
96,82,-3.47464
96,83,-3.88601
96,84,-4.29416
96,85,-4.69921
96,86,-5.10137
96,87,-5.50085
96,88,-5.89799
96,89,-6.29319
96,90,-6.68699
96,91,-7.08008
96,92,-7.47335
96,93,-7.86794
96,94,-8.2653
96,95,-8.66726
96,96,-9.07615
96,97,-9.49489
96,98,-9.92715
96,99,-10.3775
96,100,-10.8517
96,101,-11.3569
96,102,-11.9019
96,103,-12.4974
96,104,-13.1565
96,105,-13.8951
96,106,-14.7317
96,107,-15.6882
96,108,-16.7891
96,109,-18.0618
96,110,-19.5355
96,111,-21.2397
96,112,-23.2026
96,113,-25.4476
96,114,-27.9895
96,115,-30.8208
96,116,-33.905
96,117,-37.1629
96,118,-40.4567
96,119,-43.5695
96,120,-46.1879
96,121,-47.8934
96,122,-48.1776
96,123,-46.4945
96,124,-42.3597
96,125,-35.4805
96,126,-25.8755
96,127,-13.8703
96,128,0
97,0,0
97,1,1.24742
97,2,2.53254
97,3,3.8423
97,4,5.16326
97,5,6.48005
97,6,7.77718
97,7,9.03959
97,8,10.2535
97,9,11.4071
97,10,12.4907
97,11,13.4971
97,12,14.4216
97,13,15.2619
97,14,16.0176
97,15,16.69
97,16,17.2818
97,17,17.7967
97,18,18.2387
97,19,18.6125
97,20,18.9223
97,21,19.1726
97,22,19.3673
97,23,19.5103
97,24,19.6048
97,25,19.6537
97,26,19.6596
97,27,19.6248
97,28,19.5515
97,29,19.4414
97,30,19.2963
97,31,19.1179
97,32,18.9077
97,33,18.6673
97,34,18.3982
97,35,18.1021
97,36,17.7805
97,37,17.4351
97,38,17.0675
97,39,16.6795
97,40,16.2727
97,41,15.8489
97,42,15.4098
97,43,14.9569
97,44,14.4921
97,45,14.0168
97,46,13.5326
97,47,13.041
97,48,12.5435
97,49,12.0412
97,50,11.5355
97,51,11.0275
97,52,10.5182
97,53,10.0086
97,54,9.49949
97,55,8.99166
97,56,8.48576
97,57,7.98235
97,58,7.48192
97,59,6.98488
97,60,6.49157
97,61,6.00225
97,62,5.51713
97,63,5.03636
97,64,4.56004
97,65,4.08826
97,66,3.62102
97,67,3.15834
97,68,2.7002
97,69,2.24654
97,70,1.79732
97,71,1.35246
97,72,0.911895
97,73,0.475542
97,74,0.0433231
97,75,-0.384839
97,76,-0.808986
97,77,-1.22915
97,78,-1.64538
97,79,-2.05772
97,80,-2.46623
97,81,-2.87096
97,82,-3.272
97,83,-3.66945
97,84,-4.06343
97,85,-4.45412
97,86,-4.84171
97,87,-5.22648
97,88,-5.6088
97,89,-5.98911
97,90,-6.368
97,91,-6.74622
97,92,-7.12473
97,93,-7.50472
97,94,-7.88771
97,95,-8.2756
97,96,-8.67079
97,97,-9.07624
97,98,-9.49567
97,99,-9.93369
97,100,-10.396
97,101,-10.8898
97,102,-11.4236
97,103,-12.0082
97,104,-12.6563
97,105,-13.3836
97,106,-14.2083
97,107,-15.1518
97,108,-16.2382
97,109,-17.4946
97,110,-18.9498
97,111,-20.6334
97,112,-22.5737
97,113,-24.7953
97,114,-27.3147
97,115,-30.1325
97,116,-33.22
97,117,-36.5088
97,118,-39.8733
97,119,-43.11
97,120,-45.9146
97,121,-47.8681
97,122,-48.4442
97,123,-47.0569
97,124,-43.1595
97,125,-36.3867
97,126,-26.6959
97,127,-14.3844
97,128,0
98,0,0
98,1,1.20123
98,2,2.44325
98,3,3.7128
98,4,4.99657
98,5,6.27944
98,6,7.54616
98,7,8.78188
98,8,9.97294
98,9,11.1074
98,10,12.1754
98,11,13.1696
98,12,14.0847
98,13,14.918
98,14,15.6687
98,15,16.3377
98,16,16.9272
98,17,17.4405
98,18,17.8815
98,19,18.2544
98,20,18.5636
98,21,18.8134
98,22,19.0077
98,23,19.1504
98,24,19.2447
98,25,19.2938
98,26,19.3004
98,27,19.2667
98,28,19.1951
98,29,19.0874
98,30,18.9454
98,31,18.7709
98,32,18.5653
98,33,18.3304
98,34,18.0676
98,35,17.7786
98,36,17.4648
98,37,17.1279
98,38,16.7695
98,39,16.3912
98,40,15.9947
98,41,15.5815
98,42,15.1534
98,43,14.7119
98,44,14.2586
98,45,13.795
98,46,13.3226
98,47,12.8429
98,48,12.3572
98,49,11.8668
98,50,11.3728
98,51,10.8764
98,52,10.3786
98,53,9.88038
98,54,9.3825
98,55,8.88574
98,56,8.39076
98,57,7.89815
98,58,7.40839
98,59,6.92191
98,60,6.43907
98,61,5.96016
98,62,5.48541
98,63,5.015
98,64,4.54906
98,65,4.08769
98,66,3.63095
98,67,3.17886
98,68,2.73143
98,69,2.28864
98,70,1.85046
98,71,1.41685
98,72,0.987747
98,73,0.563104
98,74,0.142853
98,75,-0.273077
98,76,-0.684727
98,77,-1.09212
98,78,-1.4953
98,79,-1.89431
98,80,-2.28919
98,81,-2.68003
98,82,-3.06691
98,83,-3.44994
98,84,-3.82927
98,85,-4.20509
98,86,-4.57764
98,87,-4.94722
98,88,-5.31423
98,89,-5.67919
98,90,-6.04271
98,91,-6.40562
98,92,-6.76892
98,93,-7.13389
98,94,-7.50211
98,95,-7.87556
98,96,-8.25668
98,97,-8.64852
98,98,-9.05483
98,99,-9.48027
98,100,-9.93056
98,101,-10.4127
98,102,-10.9354
98,103,-11.5091
98,104,-12.1465
98,105,-12.8627
98,106,-13.6759
98,107,-14.6068
98,108,-15.6793
98,109,-16.9199
98,110,-18.3571
98,111,-20.0205
98,112,-21.9384
98,113,-24.1362
98,114,-26.6319
98,115,-29.4311
98,116,-32.5144
98,117,-35.8235
98,118,-39.2462
98,119,-42.5931
98,120,-45.5722
98,121,-47.7676
98,122,-48.6392
98,123,-47.5623
98,124,-43.9263
98,125,-37.2865
98,126,-27.5293
98,127,-14.9152
98,128,0
99,0,0
99,1,1.15841
99,2,2.3601
99,3,3.59152
99,4,4.83947
99,5,6.08906
99,6,7.32532
99,7,8.53367
99,8,9.70062
99,9,10.8143
99,10,11.8648
99,11,12.8445
99,12,13.748
99,13,14.5722
99,14,15.3157
99,15,15.9792
99,16,16.5645
99,17,17.0746
99,18,17.513
99,19,17.8839
99,20,18.1914
99,21,18.4398
99,22,18.633
99,23,18.7748
99,24,18.8686
99,25,18.9175
99,26,18.9244
99,27,18.8916
99,28,18.8215
99,29,18.716
99,30,18.577
99,31,18.4063
99,32,18.2054
99,33,17.9759
99,34,17.7194
99,35,17.4374
99,36,17.1315
99,37,16.8031
99,38,16.4539
99,39,16.0855
99,40,15.6993
99,41,15.297
99,42,14.88
99,43,14.4501
99,44,14.0085
99,45,13.5569
99,46,13.0967
99,47,12.6292
99,48,12.1557
99,49,11.6774
99,50,11.1956
99,51,10.7113
99,52,10.2255
99,53,9.73907
99,54,9.25291
99,55,8.76773
99,56,8.2842
99,57,7.8029
99,58,7.32435
99,59,6.84898
99,60,6.37717
99,61,5.90922
99,62,5.4454
99,63,4.9859
99,64,4.53089
99,65,4.08049
99,66,3.63478
99,67,3.19382
99,68,2.75763
99,69,2.32624
99,70,1.89962
99,71,1.47777
99,72,1.06064
99,73,0.648212
99,74,0.240428
99,75,-0.16277
99,76,-0.561424
99,77,-0.955555
99,78,-1.34519
99,79,-1.73037
99,80,-2.11116
99,81,-2.48762
99,82,-2.85987
99,83,-3.22802
99,84,-3.59223
99,85,-3.95273
99,86,-4.30978
99,87,-4.66373
99,88,-5.01502
99,89,-5.36419
99,90,-5.71194
99,91,-6.05913
99,92,-6.40685
99,93,-6.75643
99,94,-7.10953
99,95,-7.4682
99,96,-7.83496
99,97,-8.21292
99,98,-8.60588
99,99,-9.01853
99,100,-9.4566
99,101,-9.92711
99,102,-10.4386
99,103,-11.0014
99,104,-11.6281
99,105,-12.3336
99,106,-13.1354
99,107,-14.0541
99,108,-15.1131
99,109,-16.3384
99,110,-17.7581
99,111,-19.4014
99,112,-21.2969
99,113,-23.4704
99,114,-25.9414
99,115,-28.7181
99,116,-31.7899
99,117,-35.109
99,118,-38.5766
99,119,-42.0191
99,120,-45.1591
99,121,-47.5881
99,122,-48.7563
99,123,-48.0032
99,124,-44.6529
99,125,-38.175
99,126,-28.3739
99,127,-15.4627
99,128,0
100,0,0
100,1,1.11933
100,2,2.28382
100,3,3.47952
100,4,4.6933
100,5,5.91045
100,6,7.11635
100,7,8.29675
100,8,9.43843
100,9,10.5297
100,10,11.5607
100,11,12.5237
100,12,13.4132
100,13,14.2258
100,14,14.9598
100,15,15.6156
100,16,16.1947
100,17,16.6996
100,18,17.1339
100,19,17.5014
100,20,17.806
100,21,18.052
100,22,18.2432
100,23,18.3835
100,24,18.4762
100,25,18.5246
100,26,18.5314
100,27,18.4993
100,28,18.4305
100,29,18.327
100,30,18.1909
100,31,18.0238
100,32,17.8275
100,33,17.6034
100,34,17.3531
100,35,17.0782
100,36,16.7802
100,37,16.4604
100,38,16.1205
100,39,15.762
100,40,15.3863
100,41,14.9949
100,42,14.5894
100,43,14.1711
100,44,13.7416
100,45,13.3023
100,46,12.8544
100,47,12.3994
100,48,11.9385
100,49,11.4728
100,50,11.0036
100,51,10.5318
100,52,10.0584
100,53,9.58427
100,54,9.11031
100,55,8.63722
100,56,8.16565
100,57,7.69621
100,58,7.2294
100,59,6.76568
100,60,6.30545
100,61,5.84902
100,62,5.39668
100,63,4.94865
100,64,4.50511
100,65,4.06623
100,66,3.63209
100,67,3.20279
100,68,2.77839
100,69,2.35891
100,70,1.94438
100,71,1.53479
100,72,1.13015
100,73,0.730426
100,74,0.335601
100,75,-0.0543743
100,76,-0.439546
100,77,-0.819929
100,78,-1.19555
100,79,-1.56644
100,80,-1.93266
100,81,-2.2943
100,82,-2.65147
100,83,-3.00429
100,84,-3.35297
100,85,-3.69774
100,86,-4.03889
100,87,-4.37682
100,88,-4.712
100,89,-5.04502
100,90,-5.37665
100,91,-5.7078
100,92,-6.03962
100,93,-6.37352
100,94,-6.71122
100,95,-7.05486
100,96,-7.40702
100,97,-7.77087
100,98,-8.15028
100,99,-8.54998
100,100,-8.97571
100,101,-9.43447
100,102,-9.93473
100,103,-10.4867
100,104,-11.1028
100,105,-11.7976
100,106,-12.5883
100,107,-13.4951
100,108,-14.5409
100,109,-15.7511
100,110,-17.1534
100,111,-18.7767
100,112,-20.6495
100,113,-22.798
100,114,-25.2429
100,115,-27.9948
100,116,-31.0479
100,117,-34.3669
100,118,-37.866
100,119,-41.3884
100,120,-44.674
100,121,-47.3256
100,122,-48.7889
100,123,-48.3713
100,124,-45.3312
100,125,-39.0461
100,126,-29.2267
100,127,-16.0267
100,128,0
101,0,0
101,1,1.08441
101,2,2.21524
101,3,3.37799
101,4,4.5595
101,5,5.74529
101,6,6.92107
101,7,8.07301
101,8,9.18827
101,9,10.2554
101,10,11.2648
101,11,12.2088
101,12,13.0818
101,13,13.8802
101,14,14.6022
101,15,15.2479
101,16,15.8185
101,17,16.3164
101,18,16.7447
101,19,17.1072
101,20,17.4076
101,21,17.6501
101,22,17.8384
101,23,17.9764
101,24,18.0674
101,25,18.1147
101,26,18.1211
101,27,18.0893
101,28,18.0216
101,29,17.9201
101,30,17.7867
101,31,17.6232
101,32,17.4313
101,33,17.2126
101,34,16.9686
101,35,16.7008
101,36,16.4106
101,37,16.0995
101,38,15.769
101,39,15.4205
101,40,15.0554
101,41,14.6751
101,42,14.2812
101,43,13.8749
101,44,13.4576
101,45,13.0308
101,46,12.5956
101,47,12.1535
101,48,11.7054
101,49,11.2527
101,50,10.7964
101,51,10.3375
101,52,9.87696
101,53,9.41564
101,54,8.95435
101,55,8.49384
101,56,8.03475
101,57,7.57767
101,58,7.12314
101,59,6.67161
101,60,6.2235
101,61,5.77913
101,62,5.33882
101,63,4.90281
101,64,4.4713
101,65,4.04447
101,66,3.62245
101,67,3.20536
101,68,2.79326
101,69,2.38622
101,70,1.98428
101,71,1.58747
101,72,1.1958
101,73,0.809276
101,74,0.427886
101,75,0.0516059
101,76,-0.319613
101,77,-0.685788
101,78,-1.04694
101,79,-1.4031
101,80,-1.75433
101,81,-2.10072
101,82,-2.4424
101,83,-2.77952
101,84,-3.11228
101,85,-3.44095
101,86,-3.76586
101,87,-4.08744
101,88,-4.4062
101,89,-4.7228
101,90,-5.03803
101,91,-5.35288
101,92,-5.66857
101,93,-5.98657
101,94,-6.30868
101,95,-6.6371
101,96,-6.9745
101,97,-7.3241
101,98,-7.68984
101,99,-8.07648
101,100,-8.48978
101,101,-8.93671
101,102,-9.42569
101,103,-9.96686
101,104,-10.5723
101,105,-11.2565
101,106,-12.0362
101,107,-12.9312
101,108,-13.9638
101,109,-15.159
101,110,-16.544
101,111,-18.1471
101,112,-19.9968
101,113,-22.1193
101,114,-24.5363
101,115,-27.2606
101,116,-30.2903
101,117,-33.5989
101,118,-37.116
101,119,-40.7018
101,120,-44.1156
101,121,-46.9762
101,122,-48.7299
101,123,-48.6572
101,124,-45.9515
101,125,-39.8921
101,126,-30.0838
101,127,-16.6064
101,128,0
102,0,0
102,1,1.05417
102,2,2.15534
102,3,3.28827
102,4,4.43974
102,5,5.59542
102,6,6.74145
102,7,7.86447
102,8,8.95214
102,9,9.99347
102,10,10.9791
102,11,11.9016
102,12,12.7554
102,13,13.5369
102,14,14.2442
102,15,14.8772
102,16,15.4369
102,17,15.9255
102,18,16.3459
102,19,16.7016
102,20,16.9964
102,21,17.2341
102,22,17.4185
102,23,17.5533
102,24,17.6419
102,25,17.6876
102,26,17.6933
102,27,17.6614
102,28,17.5946
102,29,17.4947
102,30,17.364
102,31,17.204
102,32,17.0166
102,33,16.8032
102,34,16.5655
102,35,16.3048
102,36,16.0226
102,37,15.7202
102,38,15.3992
102,39,15.0608
102,40,14.7064
102,41,14.3374
102,42,13.9552
102,43,13.561
102,44,13.1563
102,45,12.7422
102,46,12.32
102,47,11.891
102,48,11.4562
102,49,11.0168
102,50,10.5738
102,51,10.1282
102,52,9.68096
102,53,9.23286
102,54,8.78472
102,55,8.33727
102,56,7.89115
102,57,7.44695
102,58,7.00522
102,59,6.56641
102,60,6.13094
102,61,5.69918
102,62,5.27144
102,63,4.84799
102,64,4.42905
102,65,4.01481
102,66,3.60544
102,67,3.20107
102,68,2.8018
102,69,2.40771
102,70,2.01887
102,71,1.63532
102,72,1.25711
102,73,0.884252
102,74,0.516756
102,75,0.154616
102,76,-0.202207
102,77,-0.553742
102,78,-0.900002
102,79,-1.24103
102,80,-1.57688
102,81,-1.90765
102,82,-2.23349
102,83,-2.55455
102,84,-2.87108
102,85,-3.18337
102,86,-3.49177
102,87,-3.79675
102,88,-4.09887
102,89,-4.39883
102,90,-4.69748
102,91,-4.99589
102,92,-5.2953
102,93,-5.59729
102,94,-5.90371
102,95,-6.21683
102,96,-6.53938
102,97,-6.87467
102,98,-7.22667
102,99,-7.60019
102,100,-8.001
102,101,-8.43606
102,102,-8.91372
102,103,-9.44399
102,104,-10.0388
102,105,-10.7123
102,106,-11.481
102,107,-12.3641
102,108,-13.3836
102,109,-14.5637
102,110,-15.9311
102,111,-17.5136
102,112,-19.3393
102,113,-21.4347
102,114,-23.8219
102,115,-26.5154
102,116,-29.517
102,117,-32.8066
102,118,-36.328
102,119,-39.9599
102,120,-43.483
102,121,-46.5358
102,122,-48.572
102,123,-48.8508
102,124,-46.5029
102,125,-40.7043
102,126,-30.9401
102,127,-17.2007
102,128,0
103,0,0
103,1,1.02921
103,2,2.10527
103,3,3.21195
103,4,4.33587
103,5,5.46289
103,6,6.5796
103,7,7.67325
103,8,8.7321
103,9,9.74574
103,10,10.7053
103,11,11.6036
103,12,12.4354
103,13,13.1972
103,14,13.8869
103,15,14.5045
103,16,15.0507
103,17,15.5276
103,18,15.938
103,19,16.2851
103,20,16.5725
103,21,16.804
103,22,16.9834
103,23,17.1141
103,24,17.1996
103,25,17.2431
103,26,17.2475
103,27,17.2153
103,28,17.149
103,29,17.0507
103,30,16.9225
103,31,16.766
103,32,16.583
103,33,16.375
103,34,16.1435
103,35,15.89
103,36,15.6158
103,37,15.3222
103,38,15.0107
103,39,14.6826
103,40,14.3391
103,41,13.9816
103,42,13.6113
103,43,13.2295
103,44,12.8375
103,45,12.4364
103,46,12.0275
103,47,11.6119
103,48,11.1906
103,49,10.7649
103,50,10.3356
103,51,9.90372
103,52,9.47014
103,53,9.0357
103,54,8.60116
103,55,8.16723
103,56,7.73456
103,57,7.30374
103,58,6.87531
103,59,6.44973
103,60,6.02744
103,61,5.60881
103,62,5.19417
103,63,4.7838
103,64,4.37795
103,65,3.97683
103,66,3.58063
103,67,3.1895
103,68,2.80356
103,69,2.42291
103,70,2.04765
103,71,1.67785
103,72,1.31355
103,73,0.954799
103,74,0.601625
103,75,0.254039
103,76,-0.0879871
103,77,-0.42449
103,78,-0.755486
103,79,-1.08101
103,80,-1.40115
103,81,-1.71599
103,82,-2.02569
103,83,-2.33044
103,84,-2.6305
103,85,-2.92618
103,86,-3.21789
103,87,-3.50612
103,88,-3.79147
103,89,-4.0747
103,90,-4.35671
103,91,-4.63861
103,92,-4.92174
103,93,-5.2077
103,94,-5.49843
103,95,-5.79627
103,96,-6.104
103,97,-6.425
103,98,-6.76329
103,99,-7.12369
103,100,-7.512
103,101,-7.93515
103,102,-8.40143
103,103,-8.92073
103,104,-9.5048
103,105,-10.1675
103,106,-10.925
103,107,-11.796
103,108,-12.802
103,109,-13.9666
103,110,-15.3159
103,111,-16.8771
103,112,-18.6778
103,113,-20.7444
103,114,-23.0996
103,115,-25.7591
103,116,-28.7277
103,117,-31.991
103,118,-35.5034
103,119,-39.1636
103,120,-42.7753
103,121,-46.0008
103,122,-48.3076
103,123,-48.9411
103,124,-46.973
103,125,-41.4716
103,126,-31.7891
103,127,-17.8075
103,128,0
104,0,0
104,1,1.0103
104,2,2.06643
104,3,3.15088
104,4,4.25007
104,5,5.35
104,6,6.43785
104,7,7.50158
104,8,8.53027
104,9,9.51422
104,10,10.4452
104,11,11.3166
104,12,12.1233
104,13,12.8622
104,14,13.5314
104,15,14.1305
104,16,14.6605
104,17,15.1232
104,18,15.5212
104,19,15.8577
104,20,16.1361
104,21,16.36
104,22,16.533
104,23,16.6586
104,24,16.7402
104,25,16.7809
104,26,16.7835
104,27,16.7506
104,28,16.6846
104,29,16.5877
104,30,16.4618
104,31,16.3087
104,32,16.1301
104,33,15.9275
104,34,15.7024
104,35,15.4561
104,36,15.19
104,37,14.9054
104,38,14.6036
104,39,14.2858
104,40,13.9534
104,41,13.6075
104,42,13.2493
104,43,12.8801
104,44,12.501
104,45,12.1132
104,46,11.7178
104,47,11.3159
104,48,10.9086
104,49,10.4968
104,50,10.0816
104,51,9.66379
104,52,9.24431
104,53,8.82394
104,54,8.40343
104,55,7.98348
104,56,7.56474
104,57,7.14777
104,58,6.73313
104,59,6.32128
104,60,5.91267
104,61,5.50767
104,62,5.10664
104,63,4.70986
104,64,4.31762
104,65,3.93013
104,66,3.54759
104,67,3.17019
104,68,2.79806
104,69,2.43133
104,70,2.07011
104,71,1.71448
104,72,1.36453
104,73,1.0203
104,74,0.681836
104,75,0.349171
104,76,0.0222956
104,77,-0.298837
104,78,-0.614252
104,79,-0.923993
104,80,-1.22814
104,81,-1.52681
104,82,-1.82016
104,83,-2.10842
104,84,-2.39187
104,85,-2.67084
104,86,-2.94578
104,87,-3.21721
104,88,-3.48579
104,89,-3.75231
104,90,-4.01773
104,91,-4.28322
104,92,-4.55015
104,93,-4.82021
104,94,-5.09538
104,95,-5.37807
104,96,-5.67112
104,97,-5.97794
104,98,-6.3026
104,99,-6.64996
104,100,-7.0258
104,101,-7.43703
104,102,-7.89187
104,103,-8.40007
104,104,-8.97319
104,105,-9.6248
104,106,-10.3707
104,107,-11.2293
104,108,-12.2212
104,109,-13.3697
104,110,-14.7
104,111,-16.2387
104,112,-18.013
104,113,-20.049
104,114,-22.3695
104,115,-24.9914
104,116,-27.9218
104,117,-31.1512
104,118,-34.6433
104,119,-38.3136
104,120,-41.9918
104,121,-45.3675
104,122,-47.9289
104,123,-48.9162
104,124,-47.3477
104,125,-42.1816
104,126,-32.6225
104,127,-18.424
104,128,0
105,0,0
105,1,0.998375
105,2,2.04051
105,3,3.10728
105,4,4.18482
105,5,5.25935
105,6,6.31875
105,7,7.35189
105,8,8.34885
105,9,9.30087
105,10,10.2005
105,11,11.0419
105,12,11.8204
105,13,12.5331
105,14,13.1784
105,15,13.756
105,16,14.2668
105,17,14.7126
105,18,15.0959
105,19,15.4196
105,20,15.6871
105,21,15.9018
105,22,16.0671
105,23,16.1866
105,24,16.2634
105,25,16.3005
105,26,16.3008
105,27,16.2669
105,28,16.201
105,29,16.1053
105,30,15.9817
105,31,15.832
105,32,15.6578
105,33,15.4606
105,34,15.2418
105,35,15.0029
105,36,14.745
105,37,14.4695
105,38,14.1775
105,39,13.8703
105,40,13.5491
105,41,13.215
105,42,12.8691
105,43,12.5127
105,44,12.1468
105,45,11.7725
105,46,11.3909
105,47,11.0031
105,48,10.6099
105,49,10.2125
105,50,9.81166
105,51,9.40833
105,52,9.00333
105,53,8.59743
105,54,8.19138
105,55,7.78584
105,56,7.38146
105,57,6.97881
105,58,6.57842
105,59,6.18079
105,60,5.78633
105,61,5.39546
105,62,5.00852
105,63,4.62583
105,64,4.24766
105,65,3.87427
105,66,3.50588
105,67,3.14266
105,68,2.7848
105,69,2.43242
105,70,2.08566
105,71,1.74462
105,72,1.40939
105,73,1.08004
105,74,0.756635
105,75,0.439203
105,76,0.127761
105,77,-0.177732
105,78,-0.477324
105,79,-0.771062
105,80,-1.05904
105,81,-1.34139
105,82,-1.61829
105,83,-1.88999
105,84,-2.15678
105,85,-2.41906
105,86,-2.67728
105,87,-2.93201
105,88,-3.18394
105,89,-3.43393
105,90,-3.68296
105,91,-3.93225
105,92,-4.18324
105,93,-4.43765
105,94,-4.69753
105,95,-4.96533
105,96,-5.24394
105,97,-5.53681
105,98,-5.84803
105,99,-6.18247
105,100,-6.54592
105,101,-6.94522
105,102,-7.38851
105,103,-7.88543
105,104,-8.4473
105,105,-9.08744
105,106,-9.82128
105,107,-10.6666
105,108,-11.6437
105,109,-12.775
105,110,-14.085
105,111,-15.5997
105,112,-17.3457
105,113,-19.3486
105,114,-21.6313
105,115,-24.2116
105,116,-27.0985
105,117,-30.2865
105,118,-33.747
105,119,-37.4104
105,120,-41.1319
105,121,-44.6325
105,122,-47.428
105,123,-48.7632
105,124,-47.6113
105,125,-42.819
105,126,-33.4301
105,127,-19.0462
105,128,0
106,0,0
106,1,0.994604
106,2,2.02958
106,3,3.08379
106,4,4.14304
106,5,5.19387
106,6,6.22509
106,7,7.22672
106,8,8.19009
106,9,9.10762
106,10,9.97294
106,11,10.7809
106,12,11.5276
106,13,12.2106
106,14,12.8286
106,15,13.3814
106,16,13.87
106,17,14.2961
106,18,14.6621
106,19,14.9708
106,20,15.2255
106,21,15.4293
106,22,15.5856
106,23,15.6978
106,24,15.7689
106,25,15.8018
106,26,15.7993
106,27,15.7639
106,28,15.6978
106,29,15.6031
106,30,15.4817
106,31,15.3353
106,32,15.1656
106,33,14.9739
106,34,14.7617
106,35,14.5302
106,36,14.2807
106,37,14.0144
106,38,13.7325
106,39,13.436
106,40,13.1262
106,41,12.8041
106,42,12.4708
106,43,12.1274
106,44,11.7749
106,45,11.4144
106,46,11.0468
106,47,10.6733
106,48,10.2946
106,49,9.91184
106,50,9.52576
106,51,9.13724
106,52,8.74709
106,53,8.35605
106,54,7.96485
106,55,7.57414
106,56,7.18455
106,57,6.79665
106,58,6.41097
106,59,6.02799
106,60,5.64815
106,61,5.27185
106,62,4.89946
106,63,4.53131
106,64,4.16768
106,65,3.80883
106,66,3.45501
106,67,3.10641
106,68,2.76322
106,69,2.42559
106,70,2.09366
106,71,1.76756
106,72,1.44738
106,73,1.13322
106,74,0.825131
106,75,0.523173
106,76,0.227368
106,77,-0.0623113
106,78,-0.345932
106,79,-0.623556
106,80,-0.895288
106,81,-1.16128
106,82,-1.42174
106,83,-1.67694
106,84,-1.9272
106,85,-2.17292
106,86,-2.41463
106,87,-2.6529
106,88,-2.88849
106,89,-3.12226
106,90,-3.35526
106,91,-3.58874
106,92,-3.82419
106,93,-4.06337
106,94,-4.30837
106,95,-4.56168
106,96,-4.82621
106,97,-5.10545
106,98,-5.40349
106,99,-5.72521
106,100,-6.07634
106,101,-6.46371
106,102,-6.89533
106,103,-7.38068
106,104,-7.93089
106,105,-8.55894
106,106,-9.27991
106,107,-10.1111
106,108,-11.0721
106,109,-12.1847
106,110,-13.4727
106,111,-14.9614
106,112,-16.6766
106,113,-18.6434
106,114,-20.8847
106,115,-23.4188
106,116,-26.2563
106,117,-29.3951
106,118,-32.8134
106,119,-36.4538
106,120,-40.1948
106,121,-43.7927
106,122,-46.7971
106,123,-48.4689
106,124,-47.7463
106,125,-43.3667
106,126,-34.1992
106,127,-19.6688
106,128,0
107,0,0
107,1,1.00046
107,2,2.0362
107,3,3.08357
107,4,4.12814
107,5,5.15693
107,6,6.15996
107,7,7.12878
107,8,8.05627
107,9,8.93633
107,10,9.76386
107,11,10.5347
107,12,11.2459
107,13,11.8955
107,14,12.4825
107,15,13.0071
107,16,13.4702
107,17,13.8737
107,18,14.2198
107,19,14.5112
107,20,14.751
107,21,14.9422
107,22,15.0882
107,23,15.1919
107,24,15.2563
107,25,15.2843
107,26,15.2784
107,27,15.2411
107,28,15.1746
107,29,15.0808
107,30,14.9616
107,31,14.8186
107,32,14.6533
107,33,14.4673
107,34,14.2617
107,35,14.0379
107,36,13.7969
107,37,13.54
107,38,13.2683
107,39,12.9828
107,40,12.6846
107,41,12.3747
107,42,12.0542
107,43,11.724
107,44,11.3852
107,45,11.0387
107,46,10.6856
107,47,10.3266
107,48,9.96274
107,49,9.59488
107,50,9.22387
107,51,8.85049
107,52,8.47554
107,53,8.09973
107,54,7.72375
107,55,7.34826
107,56,6.97386
107,57,6.60111
107,58,6.23054
107,59,5.86263
107,60,5.49782
107,61,5.13653
107,62,4.77911
107,63,4.4259
107,64,4.07721
107,65,3.73331
107,66,3.39444
107,67,3.06083
107,68,2.73266
107,69,2.41011
107,70,2.09333
107,71,1.78245
107,72,1.47758
107,73,1.17882
107,74,0.88624
107,75,0.599904
107,76,0.319841
107,77,0.0460383
107,78,-0.22158
107,79,-0.4831
107,80,-0.738645
107,81,-0.988391
107,82,-1.23257
107,83,-1.47147
107,84,-1.70546
107,85,-1.93496
107,86,-2.16052
107,87,-2.38277
107,88,-2.60247
107,89,-2.82053
107,90,-3.03804
107,91,-3.25628
107,92,-3.47676
107,93,-3.70128
107,94,-3.93196
107,95,-4.17129
107,96,-4.42223
107,97,-4.68825
107,98,-4.97345
107,99,-5.28267
107,100,-5.62162
107,101,-5.99701
107,102,-6.41676
107,103,-6.89017
107,104,-7.42811
107,105,-8.04327
107,106,-8.7503
107,107,-9.56597
107,108,-10.5093
107,109,-11.6013
107,110,-12.8651
107,111,-14.325
107,112,-16.0062
107,113,-17.9333
107,114,-20.1288
107,115,-22.6115
107,116,-25.3931
107,117,-28.4747
107,118,-31.8399
107,119,-35.4421
107,120,-39.1797
107,121,-42.8448
107,122,-46.0285
107,123,-48.0191
107,124,-47.7333
107,125,-43.8044
107,126,-34.9146
107,127,-20.285
107,128,0
108,0,0
108,1,1.01778
108,2,2.06346
108,3,3.11042
108,4,4.14407
108,5,5.15226
108,6,6.12669
108,7,7.06087
108,8,7.94967
108,9,8.78878
108,10,9.5746
108,11,10.3043
108,12,10.9759
108,13,11.5879
108,14,12.1401
108,15,12.6329
108,16,13.0673
108,17,13.4451
108,18,13.7686
108,19,14.0404
108,20,14.2632
108,21,14.4402
108,22,14.5743
108,23,14.6683
108,24,14.7252
108,25,14.7476
108,26,14.7378
108,27,14.6983
108,28,14.6311
108,29,14.5381
108,30,14.421
108,31,14.2814
108,32,14.1208
108,33,13.9405
108,34,13.7417
108,35,13.5257
108,36,13.2935
108,37,13.0463
108,38,12.785
108,39,12.5107
108,40,12.2243
108,41,11.9269
108,42,11.6194
108,43,11.3028
108,44,10.9779
108,45,10.6457
108,46,10.3071
108,47,9.963
108,48,9.61423
108,49,9.26162
108,50,8.90598
108,51,8.54807
108,52,8.18864
108,53,7.82839
108,54,7.46799
108,55,7.10807
108,56,6.74922
108,57,6.39199
108,58,6.03691
108,59,5.68444
108,60,5.33504
108,61,4.98912
108,62,4.64703
108,63,4.30914
108,64,3.97574
108,65,3.64712
108,66,3.32353
108,67,3.0052
108,68,2.69233
108,69,2.38511
108,70,2.0837
108,71,1.78823
108,72,1.49883
108,73,1.2156
108,74,0.93861
108,75,0.667931
108,76,0.403594
108,77,0.145594
108,78,-0.106134
108,79,-0.35171
108,80,-0.591278
108,81,-0.825045
108,82,-1.05327
108,83,-1.27627
108,84,-1.49444
108,85,-1.70823
108,86,-1.91822
108,87,-2.12506
108,88,-2.32954
108,89,-2.5326
108,90,-2.73534
108,91,-2.93907
108,92,-3.14532
108,93,-3.35591
108,94,-3.57296
108,95,-3.79898
108,96,-4.03692
108,97,-4.29022
108,98,-4.56297
108,99,-4.85995
108,100,-5.18679
108,101,-5.55012
108,102,-5.95771
108,103,-6.41863
108,104,-6.94353
108,105,-7.54472
108,106,-8.23641
108,107,-9.03485
108,108,-9.95836
108,109,-11.0273
108,110,-12.2639
108,111,-13.6917
108,112,-15.335
108,113,-17.2178
108,114,-19.3624
108,115,-21.7876
108,116,-24.5062
108,117,-27.5218
108,118,-30.8228
108,119,-34.3721
108,120,-38.0851
108,121,-41.785
108,122,-45.1145
108,123,-47.3994
108,124,-47.5515
108,125,-44.1091
108,126,-35.5579
108,127,-20.8859
108,128,0
109,0,0
109,1,1.04889
109,2,2.1152
109,3,3.16884
109,4,4.19539
109,5,5.18407
109,6,6.12889
109,7,7.02591
109,8,7.87246
109,9,8.66646
109,10,9.40618
109,11,10.0902
109,12,10.7176
109,13,11.2879
109,14,11.8013
109,15,12.2585
109,16,12.6607
109,17,13.0098
109,18,13.308
109,19,13.5578
109,20,13.7618
109,21,13.9228
109,22,14.0435
109,23,14.1268
109,24,14.1752
109,25,14.1912
109,26,14.1771
109,27,14.1351
109,28,14.067
109,29,13.9747
109,30,13.8597
109,31,13.7236
109,32,13.5678
109,33,13.3934
109,34,13.2016
109,35,12.9937
109,36,12.7705
109,37,12.5331
109,38,12.2825
109,39,12.0197
109,40,11.7454
109,41,11.4608
109,42,11.1665
109,43,10.8636
109,44,10.5529
109,45,10.2353
109,46,9.91158
109,47,9.58261
109,48,9.24918
109,49,8.91209
109,50,8.57211
109,51,8.22996
109,52,7.88636
109,53,7.54197
109,54,7.19746
109,55,6.85342
109,56,6.51044
109,57,6.16906
109,58,5.82978
109,59,5.49308
109,60,5.15941
109,61,4.82916
109,62,4.50271
109,63,4.18041
109,64,3.86258
109,65,3.54949
109,66,3.24141
109,67,2.93858
109,68,2.6412
109,69,2.34947
109,70,2.06354
109,71,1.78357
109,72,1.50968
109,73,1.24196
109,74,0.980514
109,75,0.725386
109,76,0.476614
109,77,0.234196
109,78,-0.00192506
109,79,-0.231895
109,80,-0.455884
109,81,-0.674132
109,82,-0.886931
109,83,-1.09463
109,84,-1.29764
109,85,-1.49645
109,86,-1.69165
109,87,-1.88391
109,88,-2.07404
109,89,-2.26299
109,90,-2.45188
109,91,-2.64203
109,92,-2.83497
109,93,-3.03251
109,94,-3.23677
109,95,-3.45023
109,96,-3.67583
109,97,-3.91697
109,98,-4.17767
109,99,-4.46266
109,100,-4.77745
109,101,-5.12853
109,102,-5.52351
109,103,-5.97123
109,104,-6.48202
109,105,-7.06783
109,106,-7.7424
109,107,-8.52141
109,108,-9.4225
109,109,-10.4652
109,110,-11.671
109,111,-13.0625
109,112,-14.6631
109,113,-16.4962
109,114,-18.5837
109,115,-20.9443
109,116,-23.5918
109,117,-26.5318
109,118,-29.7571
109,119,-33.2386
109,120,-36.9069
109,121,-40.6127
109,122,-44.0469
109,123,-46.5951
109,124,-47.1783
109,125,-44.2547
109,126,-36.1071
109,127,-21.4603
109,128,0
110,0,0
110,1,1.09669
110,2,2.1961
110,3,3.26421
110,4,4.28738
110,5,5.25701
110,6,6.17035
110,7,7.02678
110,8,7.82672
110,9,8.57072
110,10,9.25922
110,11,9.89254
110,12,10.471
110,13,10.995
110,14,11.4653
110,15,11.8831
110,16,12.2497
110,17,12.5671
110,18,12.8373
110,19,13.0627
110,20,13.2458
110,21,13.3891
110,22,13.4953
110,23,13.5667
110,24,13.6058
110,25,13.6148
110,26,13.5959
110,27,13.551
110,28,13.4819
110,29,13.3902
110,30,13.2774
110,31,13.145
110,32,12.994
110,33,12.8258
110,34,12.6413
110,35,12.4417
110,36,12.2278
110,37,12.0006
110,38,11.761
110,39,11.5098
110,40,11.248
110,41,10.9763
110,42,10.6956
110,43,10.4067
110,44,10.1105
110,45,9.80764
110,46,9.49904
110,47,9.18545
110,48,8.86763
110,49,8.54632
110,50,8.22224
110,51,7.89611
110,52,7.56859
110,53,7.24034
110,54,6.91197
110,55,6.58409
110,56,6.25724
110,57,5.93196
110,58,5.60875
110,59,5.28807
110,60,4.97035
110,61,4.65601
110,62,4.34542
110,63,4.03891
110,64,3.73682
110,65,3.43942
110,66,3.14698
110,67,2.85974
110,68,2.57791
110,69,2.30168
110,70,2.03123
110,71,1.76669
110,72,1.50819
110,73,1.25584
110,74,1.00971
110,75,0.769866
110,76,0.536326
110,77,0.309086
110,78,0.0880889
110,79,-0.126806
110,80,-0.335817
110,81,-0.539224
110,82,-0.737352
110,83,-0.930574
110,84,-1.11932
110,85,-1.30411
110,86,-1.48552
110,87,-1.66425
110,88,-1.84112
110,89,-2.01707
110,90,-2.19321
110,91,-2.37086
110,92,-2.55154
110,93,-2.73704
110,94,-2.92943
110,95,-3.13118
110,96,-3.34515
110,97,-3.57469
110,98,-3.82375
110,99,-4.09691
110,100,-4.3996
110,101,-4.73811
110,102,-5.11983
110,103,-5.55336
110,104,-6.04868
110,105,-6.61732
110,106,-7.27253
110,107,-8.02936
110,108,-8.90475
110,109,-9.91746
110,110,-11.088
110,111,-12.438
110,112,-13.9902
110,113,-15.7671
110,114,-17.79
110,115,-20.0778
110,116,-22.6448
110,117,-25.4987
110,118,-28.6358
110,119,-32.0344
110,120,-35.6383
110,121,-39.3231
110,122,-42.8225
110,123,-45.5909
110,124,-46.5894
110,125,-44.2116
110,126,-36.5364
110,127,-21.9943
110,128,0
111,0,0
111,1,1.16487
111,2,2.31192
111,3,3.40292
111,4,4.42603
111,5,5.37614
111,6,6.25496
111,7,7.06622
111,8,7.81415
111,9,8.50242
111,10,9.13398
111,11,9.71102
111,12,10.2353
111,13,10.7082
111,14,11.1311
111,15,11.5056
111,16,11.8332
111,17,12.1158
111,18,12.3554
111,19,12.5542
111,20,12.7145
111,21,12.8386
111,22,12.9287
111,23,12.9873
111,24,13.0163
111,25,13.0178
111,26,12.9937
111,27,12.9457
111,28,12.8755
111,29,12.7845
111,30,12.674
111,31,12.5453
111,32,12.3995
111,33,12.2377
111,34,12.0608
111,35,11.8697
111,36,11.6654
111,37,11.4487
111,38,11.2203
111,39,10.9812
111,40,10.732
111,41,10.4736
111,42,10.2067
111,43,9.9321
111,44,9.65054
111,45,9.36277
111,46,9.06952
111,47,8.77155
111,48,8.46955
111,49,8.16423
111,50,7.85629
111,51,7.54638
111,52,7.23516
111,53,6.92324
111,54,6.61122
111,55,6.29968
111,56,5.98915
111,57,5.68015
111,58,5.37317
111,59,5.06866
111,60,4.76705
111,61,4.46874
111,62,4.1741
111,63,3.88347
111,64,3.59716
111,65,3.31547
111,66,3.03865
111,67,2.76695
111,68,2.50058
111,69,2.23973
111,70,1.98456
111,71,1.73522
111,72,1.49184
111,73,1.2545
111,74,1.0233
111,75,0.798259
111,76,0.579417
111,77,0.366753
111,78,0.1602
111,79,-0.0403771
111,80,-0.235253
111,81,-0.424744
111,82,-0.609205
111,83,-0.789029
111,84,-0.964661
111,85,-1.13661
111,86,-1.30548
111,87,-1.47195
111,88,-1.63683
111,89,-1.80105
111,90,-1.96571
111,91,-2.13209
111,92,-2.30167
111,93,-2.47621
111,94,-2.65773
111,95,-2.84861
111,96,-3.05166
111,97,-3.27012
111,98,-3.50782
111,99,-3.76923
111,100,-4.05957
111,101,-4.38496
111,102,-4.75252
111,103,-5.17054
111,104,-5.64863
111,105,-6.19787
111,106,-6.83093
111,107,-7.56222
111,108,-8.40791
111,109,-9.38592
111,110,-10.5158
111,111,-11.8183
111,112,-13.3151
111,113,-15.028
111,114,-16.9778
111,115,-19.1833
111,116,-21.6594
111,117,-24.4152
111,118,-27.4507
111,119,-30.7504
111,120,-34.2702
111,121,-37.9077
111,122,-41.4364
111,123,-44.3736
111,124,-45.7599
111,125,-43.947
111,126,-36.8151
111,127,-22.4704
111,128,0
112,0,0
112,1,1.25801
112,2,2.46962
112,3,3.59242
112,4,4.61809
112,5,5.54685
112,6,6.38659
112,7,7.14664
112,8,7.83591
112,9,8.46178
112,10,9.02995
112,11,9.5447
112,12,10.0092
112,13,10.426
112,14,10.7971
112,15,11.1243
112,16,11.4094
112,17,11.6543
112,18,11.8608
112,19,12.0309
112,20,12.1666
112,21,12.27
112,22,12.3431
112,23,12.3879
112,24,12.4061
112,25,12.3996
112,26,12.37
112,27,12.3188
112,28,12.2474
112,29,12.1572
112,30,12.0491
112,31,11.9244
112,32,11.784
112,33,11.6289
112,34,11.4598
112,35,11.2777
112,36,11.0833
112,37,10.8774
112,38,10.6606
112,39,10.4338
112,40,10.1976
112,41,9.95271
112,42,9.69988
112,43,9.4398
112,44,9.17315
112,45,8.90064
112,46,8.62295
112,47,8.34077
112,48,8.05477
112,49,7.76562
112,50,7.47396
112,51,7.18042
112,52,6.88563
112,53,6.59017
112,54,6.29461
112,55,5.99951
112,56,5.70539
112,57,5.41274
112,58,5.12205
112,59,4.83374
112,60,4.54825
112,61,4.26595
112,62,3.98722
112,63,3.71239
112,64,3.44177
112,65,3.17564
112,66,2.91426
112,67,2.65787
112,68,2.40667
112,69,2.16087
112,70,1.9206
112,71,1.68603
112,72,1.45726
112,73,1.23438
112,74,1.01747
112,75,0.806556
112,76,0.601655
112,77,0.402738
112,78,0.209724
112,79,0.0224611
112,80,-0.159377
112,81,-0.336141
112,82,-0.508206
112,83,-0.67597
112,84,-0.839875
112,85,-1.00042
112,86,-1.1582
112,87,-1.31386
112,88,-1.4682
112,89,-1.62211
112,90,-1.77665
112,91,-1.93305
112,92,-2.09274
112,93,-2.25741
112,94,-2.42901
112,95,-2.60983
112,96,-2.80256
112,97,-3.01032
112,98,-3.23681
112,99,-3.4863
112,100,-3.76382
112,101,-4.07524
112,102,-4.42738
112,103,-4.82817
112,104,-5.2868
112,105,-5.81382
112,106,-6.42133
112,107,-7.12301
112,108,-7.93422
112,109,-8.87199
112,110,-9.95486
112,111,-11.2027
112,112,-12.636
112,113,-14.2759
112,114,-16.1426
112,115,-18.2547
112,116,-20.6277
112,117,-23.2723
112,118,-26.1913
112,119,-29.3751
112,120,-32.7904
112,121,-36.355
112,122,-39.8789
112,123,-42.9401
112,124,-44.6596
112,125,-43.4241
112,126,-36.9075
112,127,-22.8672
112,128,0
113,0,0
113,1,1.38187
113,2,2.67761
113,3,3.84134
113,4,4.87093
113,5,5.77464
113,6,6.56879
113,7,7.26986
113,8,7.89244
113,9,8.44814
113,10,8.94576
113,11,9.39174
113,12,9.79078
113,13,10.1463
113,14,10.4611
113,15,10.7372
113,16,10.9765
113,17,11.1808
113,18,11.3519
113,19,11.4913
113,20,11.6009
113,21,11.6824
113,22,11.7374
113,23,11.7676
113,24,11.7745
113,25,11.7597
113,26,11.7244
113,27,11.6699
113,28,11.5975
113,29,11.508
113,30,11.4026
113,31,11.2822
113,32,11.1475
113,33,10.9994
113,34,10.8385
113,35,10.6657
113,36,10.4815
113,37,10.2867
113,38,10.0818
113,39,9.8676
113,40,9.64463
113,41,9.41355
113,42,9.17501
113,43,8.92965
113,44,8.6781
113,45,8.42101
113,46,8.15903
113,47,7.89277
113,48,7.62288
113,49,7.34997
113,50,7.07467
113,51,6.79755
113,52,6.51922
113,53,6.24023
113,54,5.96114
113,55,5.68245
113,56,5.40469
113,57,5.12833
113,58,4.85382
113,59,4.5816
113,60,4.31206
113,61,4.0456
113,62,3.78255
113,63,3.52326
113,64,3.26801
113,65,3.01709
113,66,2.77076
113,67,2.52923
113,68,2.29272
113,69,2.0614
113,70,1.83543
113,71,1.61494
113,72,1.40005
113,73,1.19084
113,74,0.987354
113,75,0.789637
113,76,0.597678
113,77,0.411436
113,78,0.230807
113,79,0.0555999
113,80,-0.114564
113,81,-0.280073
113,82,-0.441286
113,83,-0.59858
113,84,-0.752374
113,85,-0.903143
113,86,-1.05143
113,87,-1.19787
113,88,-1.3432
113,89,-1.48827
113,90,-1.63407
113,91,-1.78177
113,92,-1.93274
113,93,-2.08855
113,94,-2.25106
113,95,-2.42245
113,96,-2.60527
113,97,-2.80249
113,98,-3.01761
113,99,-3.25472
113,100,-3.51858
113,101,-3.81477
113,102,-4.14977
113,103,-4.53111
113,104,-4.96748
113,105,-5.46888
113,106,-6.04673
113,107,-6.71395
113,108,-7.48503
113,109,-8.37605
113,110,-9.40451
113,111,-10.5892
113,112,-11.9497
113,113,-13.5062
113,114,-15.2784
113,115,-17.2846
113,116,-19.5408
113,117,-22.0591
113,118,-24.8453
113,119,-27.8949
113,120,-31.1845
113,121,-34.65
113,122,-38.1355
113,123,-41.2775
113,124,-43.2806
113,125,-42.6014
113,126,-36.7718
113,127,-23.1581
113,128,0
114,0,0
114,1,1.54362
114,2,2.9459
114,3,4.15941
114,4,5.19233
114,5,6.06476
114,6,6.80437
114,7,7.43666
114,8,7.98297
114,9,8.45969
114,10,8.87889
114,11,9.24923
114,12,9.57685
114,13,9.86611
114,14,10.1202
114,15,10.3415
114,16,10.5319
114,17,10.6932
114,18,10.8266
114,19,10.9337
114,20,11.0158
114,21,11.0742
114,22,11.1104
114,23,11.1254
114,24,11.1207
114,25,11.0973
114,26,11.0562
114,27,10.9985
114,28,10.9251
114,29,10.8368
114,30,10.7343
114,31,10.6184
114,32,10.4897
114,33,10.3489
114,34,10.1967
114,35,10.0334
114,36,9.85982
114,37,9.67641
114,38,9.48374
114,39,9.28237
114,40,9.07287
114,41,8.85579
114,42,8.63172
114,43,8.40122
114,44,8.16489
114,45,7.92332
114,46,7.67708
114,47,7.42678
114,48,7.173
114,49,6.91632
114,50,6.65732
114,51,6.39655
114,52,6.13458
114,53,5.87193
114,54,5.60913
114,55,5.34668
114,56,5.08506
114,57,4.82473
114,58,4.56612
114,59,4.30966
114,60,4.05572
114,61,3.80468
114,62,3.55688
114,63,3.31263
114,64,3.07223
114,65,2.83594
114,66,2.60401
114,67,2.37665
114,68,2.15407
114,69,1.93643
114,70,1.72388
114,71,1.51656
114,72,1.31456
114,73,1.11795
114,74,0.926782
114,75,0.741075
114,76,0.560804
114,77,0.385907
114,78,0.216246
114,79,0.0515659
114,80,-0.108587
114,81,-0.26459
114,82,-0.416736
114,83,-0.565351
114,84,-0.710805
114,85,-0.853526
114,86,-0.994008
114,87,-1.13283
114,88,-1.27066
114,89,-1.4083
114,90,-1.54665
114,91,-1.68679
114,92,-1.82999
114,93,-1.97772
114,94,-2.13172
114,95,-2.29402
114,96,-2.46701
114,97,-2.65347
114,98,-2.8567
114,99,-3.08051
114,100,-3.32941
114,101,-3.60861
114,102,-3.92422
114,103,-4.28328
114,104,-4.69396
114,105,-5.16561
114,106,-5.70892
114,107,-6.33599
114,108,-7.06038
114,109,-7.89711
114,110,-8.86263
114,111,-9.97461
114,112,-11.2517
114,113,-12.7129
114,114,-14.3775
114,115,-16.2636
114,116,-18.3876
114,117,-20.763
114,118,-23.3983
114,119,-26.2938
114,120,-29.435
114,121,-32.7745
114,122,-36.1879
114,123,-39.3684
114,124,-41.6064
114,125,-41.4412
114,126,-36.3608
114,127,-23.3109
114,128,0
115,0,0
115,1,1.75211
115,2,3.28622
115,3,4.55725
115,4,5.58993
115,5,6.42154
115,6,7.09473
115,7,7.64617
115,8,8.10501
115,9,8.49287
115,10,8.82521
115,11,9.11281
115,12,9.36309
115,13,9.58116
115,14,9.77053
115,15,9.9337
115,16,10.0725
115,17,10.1883
115,18,10.2825
115,19,10.3558
115,20,10.4093
115,21,10.4439
115,22,10.4606
115,23,10.4602
115,24,10.4436
115,25,10.4116
115,26,10.3648
115,27,10.304
115,28,10.2299
115,29,10.1429
115,30,10.0436
115,31,9.93261
115,32,9.81034
115,33,9.67727
115,34,9.53386
115,35,9.38056
115,36,9.21783
115,37,9.0461
115,38,8.86586
115,39,8.67755
115,40,8.48168
115,41,8.27873
115,42,8.06921
115,43,7.85363
115,44,7.63253
115,45,7.40643
115,46,7.17588
115,47,6.94143
115,48,6.70362
115,49,6.46298
115,50,6.22007
115,51,5.9754
115,52,5.7295
115,53,5.48287
115,54,5.23601
115,55,4.98939
115,56,4.74348
115,57,4.4987
115,58,4.25548
115,59,4.01421
115,60,3.77527
115,61,3.539
115,62,3.30574
115,63,3.07579
115,64,2.84943
115,65,2.62691
115,66,2.40847
115,67,2.19432
115,68,1.98465
115,69,1.77962
115,70,1.57937
115,71,1.38401
115,72,1.19364
115,73,1.00833
115,74,0.828106
115,75,0.65297
115,76,0.482877
115,77,0.317732
115,78,0.157346
115,79,0.00133889
115,80,-0.150789
115,81,-0.29925
115,82,-0.444251
115,83,-0.586047
115,84,-0.724946
115,85,-0.861312
115,86,-0.995575
115,87,-1.12824
115,88,-1.25991
115,89,-1.39128
115,90,-1.52319
115,91,-1.6566
115,92,-1.79266
115,93,-1.93272
115,94,-2.07837
115,95,-2.23147
115,96,-2.39423
115,97,-2.56922
115,98,-2.75948
115,99,-2.96855
115,100,-3.20058
115,101,-3.46043
115,102,-3.75374
115,103,-4.08703
115,104,-4.46786
115,105,-4.90488
115,106,-5.40798
115,107,-5.98834
115,108,-6.65851
115,109,-7.43243
115,110,-8.32539
115,111,-9.35387
115,112,-10.5354
115,113,-11.8882
115,114,-13.4306
115,115,-15.1807
115,116,-17.1554
115,117,-19.3693
115,118,-21.8336
115,119,-24.5533
115,120,-27.5218
115,121,-30.7072
115,122,-34.0141
115,123,-37.1901
115,124,-39.6144
115,125,-39.9274
115,126,-35.6131
115,127,-23.2863
115,128,0
116,0,0
116,1,2.01827
116,2,3.71196
116,3,5.04581
116,4,6.07037
116,5,6.84733
116,6,7.43874
116,7,7.89478
116,8,8.2534
116,9,8.54169
116,10,8.77838
116,11,8.97615
116,12,9.14344
116,13,9.28582
116,14,9.40693
116,15,9.50917
116,16,9.59413
116,17,9.6629
116,18,9.71626
116,19,9.75484
116,20,9.77907
116,21,9.78942
116,22,9.78637
116,23,9.77039
116,24,9.74192
116,25,9.70138
116,26,9.64914
116,27,9.58555
116,28,9.51096
116,29,9.42568
116,30,9.33001
116,31,9.22426
116,32,9.10872
116,33,8.98369
116,34,8.84946
116,35,8.70637
116,36,8.55473
116,37,8.39489
116,38,8.22721
116,39,8.05208
116,40,7.86989
116,41,7.68106
116,42,7.48605
116,43,7.28529
116,44,7.07926
116,45,6.86845
116,46,6.65335
116,47,6.43446
116,48,6.21228
116,49,5.98731
116,50,5.76006
116,51,5.53101
116,52,5.30067
116,53,5.06949
116,54,4.83796
116,55,4.60653
116,56,4.37562
116,57,4.14565
116,58,3.91703
116,59,3.69012
116,60,3.46529
116,61,3.24286
116,62,3.02316
116,63,2.80647
116,64,2.59306
116,65,2.38318
116,66,2.17704
116,67,1.97486
116,68,1.77681
116,69,1.58304
116,70,1.39368
116,71,1.20885
116,72,1.02861
116,73,0.85303
116,74,0.682126
116,75,0.515867
116,76,0.354169
116,77,0.196898
116,78,0.0437358
116,79,-0.10583
116,80,-0.252034
116,81,-0.394927
116,82,-0.534633
116,83,-0.671332
116,84,-0.805259
116,85,-0.936708
116,86,-1.06603
116,87,-1.19366
116,88,-1.32009
116,89,-1.44595
116,90,-1.57195
116,91,-1.69894
116,92,-1.82795
116,93,-1.96018
116,94,-2.09706
116,95,-2.24026
116,96,-2.39177
116,97,-2.55394
116,98,-2.72951
116,99,-2.92171
116,100,-3.13433
116,101,-3.37176
116,102,-3.63915
116,103,-3.94245
116,104,-4.28853
116,105,-4.68526
116,106,-5.14165
116,107,-5.6679
116,108,-6.27546
116,109,-6.97709
116,110,-7.78682
116,111,-8.71992
116,112,-9.79274
116,113,-11.0225
116,114,-12.4268
116,115,-14.0235
116,116,-15.8298
116,117,-17.8617
116,118,-20.1329
116,119,-22.6528
116,120,-25.4225
116,121,-28.4239
116,122,-31.5885
116,123,-34.7159
116,124,-37.2756
116,125,-38.0264
116,126,-34.4939
116,127,-23.0327
116,128,0
117,0,0
117,1,2.35535
117,2,4.23772
117,3,5.63517
117,4,6.63758
117,5,7.34066
117,6,7.831
117,7,8.1746
117,8,8.4189
117,9,8.59639
117,10,8.72872
117,11,8.83
117,12,8.90928
117,13,8.97221
117,14,9.0223
117,15,9.06159
117,16,9.09125
117,17,9.11191
117,18,9.12386
117,19,9.1272
117,20,9.1219
117,21,9.10792
117,22,9.08524
117,23,9.0539
117,24,9.01388
117,25,8.96519
117,26,8.90785
117,27,8.84187
117,28,8.76727
117,29,8.6841
117,30,8.59241
117,31,8.49227
117,32,8.38379
117,33,8.26708
117,34,8.14228
117,35,8.00958
117,36,7.86917
117,37,7.72129
117,38,7.56619
117,39,7.40418
117,40,7.23556
117,41,7.06069
117,42,6.87994
117,43,6.6937
117,44,6.5024
117,45,6.30646
117,46,6.10633
117,47,5.90246
117,48,5.69533
117,49,5.48538
117,50,5.2731
117,51,5.05894
117,52,4.84335
117,53,4.62678
117,54,4.40969
117,55,4.19249
117,56,3.97559
117,57,3.75939
117,58,3.54427
117,59,3.33058
117,60,3.11867
117,61,2.90885
117,62,2.70142
117,63,2.49667
117,64,2.29485
117,65,2.09619
117,66,1.9009
117,67,1.70919
117,68,1.52121
117,69,1.3371
117,70,1.157
117,71,0.98101
117,72,0.809159
117,73,0.641519
117,74,0.478067
117,75,0.318742
117,76,0.16339
117,77,0.0116979
117,78,-0.136732
117,79,-0.282022
117,80,-0.42417
117,81,-0.563158
117,82,-0.699041
117,83,-0.831931
117,84,-0.961988
117,85,-1.08943
117,86,-1.21453
117,87,-1.33762
117,88,-1.45912
117,89,-1.57954
117,90,-1.69948
117,91,-1.81968
117,92,-1.94102
117,93,-2.06453
117,94,-2.19148
117,95,-2.32333
117,96,-2.46185
117,97,-2.60911
117,98,-2.76754
117,99,-2.94002
117,100,-3.12992
117,101,-3.34116
117,102,-3.57831
117,103,-3.84668
117,104,-4.15239
117,105,-4.50246
117,106,-4.90494
117,107,-5.36893
117,108,-5.9047
117,109,-6.52373
117,110,-7.23873
117,111,-8.06363
117,112,-9.0135
117,113,-10.1044
117,114,-11.3533
117,115,-12.7777
117,116,-14.395
117,117,-16.2225
117,118,-18.2763
117,119,-20.57
117,120,-23.1122
117,121,-25.8974
117,122,-28.882
117,123,-31.9147
117,124,-34.5557
117,125,-35.6984
117,126,-32.9598
117,127,-22.5021
117,128,0
118,0,0
118,1,2.77944
118,2,4.87851
118,3,6.33256
118,4,7.29019
118,5,7.8935
118,6,8.25919
118,7,8.47104
118,8,8.5861
118,9,8.64169
118,10,8.66164
118,11,8.6608
118,12,8.6482
118,13,8.62918
118,14,8.60667
118,15,8.58214
118,16,8.55613
118,17,8.52864
118,18,8.49936
118,19,8.4678
118,20,8.43341
118,21,8.39562
118,22,8.35393
118,23,8.30785
118,24,8.25694
118,25,8.20076
118,26,8.13894
118,27,8.07115
118,28,7.99708
118,29,7.9165
118,30,7.82921
118,31,7.73505
118,32,7.63392
118,33,7.52575
118,34,7.41052
118,35,7.28828
118,36,7.15909
118,37,7.02308
118,38,6.8804
118,39,6.73125
118,40,6.57589
118,41,6.41456
118,42,6.2476
118,43,6.07533
118,44,5.89813
118,45,5.71636
118,46,5.53044
118,47,5.34078
118,48,5.1478
118,49,4.95194
118,50,4.75363
118,51,4.55328
118,52,4.35134
118,53,4.14822
118,54,3.94434
118,55,3.74011
118,56,3.53592
118,57,3.33213
118,58,3.12911
118,59,2.92722
118,60,2.72675
118,61,2.52802
118,62,2.33131
118,63,2.1369
118,64,1.94505
118,65,1.75595
118,66,1.56981
118,67,1.38683
118,68,1.20717
118,69,1.03092
118,70,0.858229
118,71,0.689166
118,72,0.523736
118,73,0.36204
118,74,0.203957
118,75,0.0492107
118,76,-0.102417
118,77,-0.251051
118,78,-0.396674
118,79,-0.539173
118,80,-0.678476
118,81,-0.814536
118,82,-0.947354
118,83,-1.07697
118,84,-1.20349
118,85,-1.32703
118,86,-1.44779
118,87,-1.56602
118,88,-1.68203
118,89,-1.79623
118,90,-1.90912
118,91,-2.02128
118,92,-2.13346
118,93,-2.24653
118,94,-2.36156
118,95,-2.47982
118,96,-2.60279
118,97,-2.73228
118,98,-2.87038
118,99,-3.01958
118,100,-3.18278
118,101,-3.36338
118,102,-3.56533
118,103,-3.79323
118,104,-4.05238
118,105,-4.34886
118,106,-4.68966
118,107,-5.08272
118,108,-5.537
118,109,-6.0626
118,110,-6.67078
118,111,-7.37403
118,112,-8.18602
118,113,-9.12163
118,114,-10.1968
118,115,-11.4286
118,116,-12.8347
118,117,-14.4335
118,118,-16.2434
118,119,-18.2821
118,120,-20.565
118,121,-23.0987
118,122,-25.8626
118,123,-28.7515
118,124,-31.4159
118,125,-32.8973
118,126,-30.9556
118,127,-21.6513
118,128,0
119,0,0
119,1,3.3091
119,2,5.6469
119,3,7.13791
119,4,8.01647
119,5,8.48634
119,6,8.69961
119,7,8.75882
119,8,8.72985
119,9,8.6536
119,10,8.55486
119,11,8.44821
119,12,8.34192
119,13,8.24036
119,14,8.14556
119,15,8.05805
119,16,7.97754
119,17,7.90328
119,18,7.83424
119,19,7.76927
119,20,7.70722
119,21,7.64705
119,22,7.58772
119,23,7.5282
119,24,7.46758
119,25,7.40499
119,26,7.33965
119,27,7.27089
119,28,7.19809
119,29,7.12071
119,30,7.03831
119,31,6.9505
119,32,6.85697
119,33,6.75748
119,34,6.65186
119,35,6.53999
119,36,6.42183
119,37,6.29738
119,38,6.16671
119,39,6.02993
119,40,5.8872
119,41,5.73873
119,42,5.58476
119,43,5.42559
119,44,5.26152
119,45,5.09289
119,46,4.92007
119,47,4.74344
119,48,4.56339
119,49,4.38031
119,50,4.1946
119,51,4.00667
119,52,3.8169
119,53,3.62571
119,54,3.43351
119,55,3.24067
119,56,3.04755
119,57,2.85451
119,58,2.66191
119,59,2.47007
119,60,2.27931
119,61,2.08989
119,62,1.90209
119,63,1.71623
119,64,1.53252
119,65,1.35112
119,66,1.17223
119,67,0.996077
119,68,0.822768
119,69,0.652375
119,70,0.485114
119,71,0.320988
119,72,0.15981
119,73,0.00152483
119,74,-0.153998
119,75,-0.306703
119,76,-0.456503
119,77,-0.603221
119,78,-0.746713
119,79,-0.886844
119,80,-1.02351
119,81,-1.15661
119,82,-1.28611
119,83,-1.41198
119,84,-1.53424
119,85,-1.65295
119,86,-1.76824
119,87,-1.88025
119,88,-1.98922
119,89,-2.09544
119,90,-2.1993
119,91,-2.30125
119,92,-2.4019
119,93,-2.50194
119,94,-2.60225
119,95,-2.70387
119,96,-2.80802
119,97,-2.9162
119,98,-3.03013
119,99,-3.15189
119,100,-3.28387
119,101,-3.4289
119,102,-3.59026
119,103,-3.77177
119,104,-3.97783
119,105,-4.21352
119,106,-4.48466
119,107,-4.79791
119,108,-5.16084
119,109,-5.58203
119,110,-6.07116
119,111,-6.63909
119,112,-7.29798
119,113,-8.0613
119,114,-8.94392
119,115,-9.96213
119,116,-11.1337
119,117,-12.4778
119,118,-14.0149
119,119,-15.7667
119,120,-17.7551
119,121,-19.9981
119,122,-22.4964
119,123,-25.1883
119,124,-27.8128
119,125,-29.5714
119,126,-28.4187
119,127,-20.4222
119,128,0
120,0,0
120,1,3.96647
120,2,6.55011
120,3,8.0385
120,4,8.78823
120,5,9.08225
120,6,9.11177
120,7,8.99729
120,8,8.81124
120,9,8.59594
120,10,8.37534
120,11,8.16243
120,12,7.96374
120,13,7.78208
120,14,7.61805
120,15,7.47095
120,16,7.33944
120,17,7.22186
120,18,7.11635
120,19,7.02111
120,20,6.93443
120,21,6.85465
120,22,6.78016
120,23,6.70944
120,24,6.64109
120,25,6.57381
120,26,6.50646
120,27,6.43799
120,28,6.36749
120,29,6.29415
120,30,6.21727
120,31,6.13624
120,32,6.05057
120,33,5.95985
120,34,5.86374
120,35,5.76201
120,36,5.65449
120,37,5.54108
120,38,5.42176
120,39,5.29656
120,40,5.16557
120,41,5.02894
120,42,4.88686
120,43,4.73957
120,44,4.58734
120,45,4.43048
120,46,4.26931
120,47,4.10419
120,48,3.93549
120,49,3.76357
120,50,3.5888
120,51,3.41156
120,52,3.2322
120,53,3.05114
120,54,2.86878
120,55,2.68549
120,56,2.50158
120,57,2.3174
120,58,2.13331
120,59,1.94965
120,60,1.76668
120,61,1.58462
120,62,1.40377
120,63,1.22447
120,64,1.04691
120,65,0.871183
120,66,0.697529
120,67,0.526252
120,68,0.357334
120,69,0.190645
120,70,0.0262624
120,71,-0.135812
120,72,-0.295419
120,73,-0.452477
120,74,-0.606768
120,75,-0.757959
120,76,-0.905858
120,77,-1.05029
120,78,-1.19107
120,79,-1.32804
120,80,-1.46105
120,81,-1.58997
120,82,-1.7147
120,83,-1.83516
120,84,-1.95131
120,85,-2.06316
120,86,-2.17075
120,87,-2.27415
120,88,-2.37352
120,89,-2.46905
120,90,-2.56102
120,91,-2.64976
120,92,-2.73572
120,93,-2.81943
120,94,-2.90157
120,95,-2.98293
120,96,-3.06448
120,97,-3.14736
120,98,-3.23292
120,99,-3.32278
120,100,-3.41881
120,101,-3.5232
120,102,-3.63852
120,103,-3.76774
120,104,-3.91431
120,105,-4.0822
120,106,-4.27598
120,107,-4.50091
120,108,-4.76304
120,109,-5.06928
120,110,-5.42757
120,111,-5.84698
120,112,-6.33791
120,113,-6.91221
120,114,-7.58336
120,115,-8.36667
120,116,-9.27952
120,117,-10.3415
120,118,-11.575
120,119,-13.0051
120,120,-14.6596
120,121,-16.5674
120,122,-18.7494
120,123,-21.1845
120,124,-23.6984
120,125,-25.6624
120,126,-25.2773
120,127,-18.7487
120,128,0
121,0,0
121,1,4.76949
121,2,7.57432
121,3,8.99086
121,4,9.54348
121,5,9.61166
121,6,9.42543
121,7,9.11933
121,8,8.76812
121,9,8.4122
121,10,8.07235
121,11,7.75828
121,12,7.47371
121,13,7.21912
121,14,6.99324
121,15,6.79383
121,16,6.61831
121,17,6.46409
121,18,6.32851
121,19,6.20892
121,20,6.10296
121,21,6.00839
121,22,5.92304
121,23,5.84489
121,24,5.77209
121,25,5.70296
121,26,5.63597
121,27,5.56978
121,28,5.50319
121,29,5.43513
121,30,5.36468
121,31,5.29104
121,32,5.21355
121,33,5.13165
121,34,5.04487
121,35,4.95285
121,36,4.85533
121,37,4.75214
121,38,4.64315
121,39,4.52836
121,40,4.40779
121,41,4.28154
121,42,4.14976
121,43,4.01266
121,44,3.87049
121,45,3.72353
121,46,3.57208
121,47,3.41648
121,48,3.25707
121,49,3.09424
121,50,2.9283
121,51,2.7596
121,52,2.5885
121,53,2.4154
121,54,2.24073
121,55,2.06485
121,56,1.88802
121,57,1.71053
121,58,1.53278
121,59,1.35514
121,60,1.17781
121,61,1.00098
121,62,0.824973
121,63,0.650278
121,64,0.476973
121,65,0.304886
121,66,0.134155
121,67,-0.0350214
121,68,-0.202511
121,69,-0.368049
121,70,-0.531497
121,71,-0.692572
121,72,-0.850829
121,73,-1.00599
121,74,-1.15782
121,75,-1.30605
121,76,-1.45046
121,77,-1.59081
121,78,-1.72692
121,79,-1.85856
121,80,-1.98556
121,81,-2.10776
121,82,-2.22502
121,83,-2.33722
121,84,-2.44428
121,85,-2.54616
121,86,-2.64284
121,87,-2.73434
121,88,-2.82073
121,89,-2.90211
121,90,-2.97867
121,91,-3.05061
121,92,-3.11824
121,93,-3.18193
121,94,-3.24212
121,95,-3.29939
121,96,-3.35439
121,97,-3.40794
121,98,-3.46098
121,99,-3.51462
121,100,-3.57018
121,101,-3.62919
121,102,-3.69345
121,103,-3.76501
121,104,-3.8463
121,105,-3.94009
121,106,-4.04962
121,107,-4.17862
121,108,-4.33146
121,109,-4.51323
121,110,-4.7299
121,111,-4.98854
121,112,-5.29753
121,113,-5.66678
121,114,-6.10802
121,115,-6.6352
121,116,-7.26479
121,117,-8.01639
121,118,-8.91332
121,119,-9.98352
121,120,-11.2603
121,121,-12.7825
121,122,-14.5895
121,123,-16.6989
121,124,-19.0203
121,125,-21.103
121,126,-21.4467
121,127,-16.5508
121,128,0
122,0,0
122,1,5.74405
122,2,8.68728
122,3,9.9189
122,4,10.1841
122,5,9.97052
122,6,9.53966
122,7,9.03138
122,8,8.51584
122,9,8.02682
122,10,7.57889
122,11,7.17662
122,12,6.8198
122,13,6.50593
122,14,6.2317
122,15,5.99307
122,16,5.78584
122,17,5.60625
122,18,5.45079
122,19,5.31618
122,20,5.19936
122,21,5.09747
122,22,5.00785
122,23,4.92803
122,24,4.85576
122,25,4.78901
122,26,4.72596
122,27,4.665
122,28,4.60468
122,29,4.54374
122,30,4.48109
122,31,4.41578
122,32,4.347
122,33,4.27409
122,34,4.19648
122,35,4.11374
122,36,4.02553
122,37,3.93161
122,38,3.83184
122,39,3.72615
122,40,3.61453
122,41,3.49706
122,42,3.37387
122,43,3.24514
122,44,3.11114
122,45,2.97215
122,46,2.82844
122,47,2.68034
122,48,2.52821
122,49,2.37243
122,50,2.21331
122,51,2.0511
122,52,1.88617
122,53,1.71893
122,54,1.54988
122,55,1.37936
122,56,1.20753
122,57,1.03469
122,58,0.861338
122,59,0.68791
122,60,0.51443
122,61,0.340877
122,62,0.167503
122,63,-0.00537372
122,64,-0.177588
122,65,-0.348779
122,66,-0.518677
122,67,-0.687071
122,68,-0.853516
122,69,-1.01746
122,70,-1.17858
122,71,-1.33661
122,72,-1.4912
122,73,-1.64206
122,74,-1.78893
122,75,-1.93151
122,76,-2.06956
122,77,-2.20282
122,78,-2.33107
122,79,-2.45409
122,80,-2.57169
122,81,-2.68368
122,82,-2.78991
122,83,-2.89024
122,84,-2.98457
122,85,-3.07282
122,86,-3.15491
122,87,-3.23084
122,88,-3.30059
122,89,-3.36421
122,90,-3.42176
122,91,-3.47335
122,92,-3.51914
122,93,-3.55931
122,94,-3.59411
122,95,-3.62386
122,96,-3.64891
122,97,-3.66971
122,98,-3.68678
122,99,-3.70073
122,100,-3.71227
122,101,-3.72225
122,102,-3.73163
122,103,-3.74153
122,104,-3.75328
122,105,-3.76839
122,106,-3.78866
122,107,-3.81621
122,108,-3.85356
122,109,-3.90378
122,110,-3.97068
122,111,-4.05904
122,112,-4.1749
122,113,-4.32584
122,114,-4.52139
122,115,-4.7735
122,116,-5.09709
122,117,-5.51078
122,118,-6.03793
122,119,-6.70813
122,120,-7.55897
122,121,-8.63769
122,122,-10.0006
122,123,-11.7011
122,124,-13.7296
122,125,-15.8206
122,126,-16.8265
122,127,-13.7314
122,128,0
123,0,0
123,1,6.83151
123,2,9.72278
123,3,10.6056
123,4,10.4848
123,5,9.94747
123,6,9.26495
123,7,8.56676
123,8,7.90906
123,9,7.31356
123,10,6.78622
123,11,6.32465
123,12,5.92345
123,13,5.57656
123,14,5.27801
123,15,5.02207
123,16,4.80333
123,17,4.61693
123,18,4.4585
123,19,4.32405
123,20,4.20996
123,21,4.11284
123,22,4.02957
123,23,3.95733
123,24,3.89355
123,25,3.83594
123,26,3.78248
123,27,3.73134
123,28,3.68096
123,29,3.62993
123,30,3.57708
123,31,3.52136
123,32,3.46192
123,33,3.39803
123,34,3.32911
123,35,3.25467
123,36,3.17438
123,37,3.08798
123,38,2.99533
123,39,2.89637
123,40,2.79109
123,41,2.67958
123,42,2.56197
123,43,2.4385
123,44,2.30946
123,45,2.17515
123,46,2.03585
123,47,1.89187
123,48,1.74363
123,49,1.59156
123,50,1.43592
123,51,1.27693
123,52,1.11496
123,53,0.950501
123,54,0.784269
123,55,0.616481
123,56,0.446993
123,57,0.27601
123,58,0.103905
123,59,-0.0689252
123,60,-0.242105
123,61,-0.41527
123,62,-0.588099
123,63,-0.760405
123,64,-0.931705
123,65,-1.10128
123,66,-1.26871
123,67,-1.43367
123,68,-1.5958
123,69,-1.75471
123,70,-1.91006
123,71,-2.06154
123,72,-2.2088
123,73,-2.35156
123,74,-2.48952
123,75,-2.62241
123,76,-2.74997
123,77,-2.87197
123,78,-2.98818
123,79,-3.09839
123,80,-3.20241
123,81,-3.30007
123,82,-3.39121
123,83,-3.47569
123,84,-3.55338
123,85,-3.6242
123,86,-3.68803
123,87,-3.74483
123,88,-3.79452
123,89,-3.83708
123,90,-3.87247
123,91,-3.9007
123,92,-3.92176
123,93,-3.93567
123,94,-3.94246
123,95,-3.94217
123,96,-3.93486
123,97,-3.92058
123,98,-3.89942
123,99,-3.87145
123,100,-3.83676
123,101,-3.79546
123,102,-3.74765
123,103,-3.69345
123,104,-3.63301
123,105,-3.5665
123,106,-3.49415
123,107,-3.41629
123,108,-3.33338
123,109,-3.24617
123,110,-3.15592
123,111,-3.06476
123,112,-2.97596
123,113,-2.89429
123,114,-2.82661
123,115,-2.78233
123,116,-2.77408
123,117,-2.81866
123,118,-2.9384
123,119,-3.16322
123,120,-3.53321
123,121,-4.102
123,122,-4.94
123,123,-6.13201
123,124,-7.74498
123,125,-9.70116
123,126,-11.2607
123,127,-10.1289
123,128,0
124,0,0
124,1,8.08662
124,2,10.5837
124,3,10.8787
124,4,10.2594
124,5,9.36677
124,6,8.44713
124,7,7.59653
124,8,6.843
124,9,6.18898
124,10,5.62756
124,11,5.14871
124,12,4.74199
124,13,4.39778
124,14,4.10761
124,15,3.86399
124,16,3.66033
124,17,3.49087
124,18,3.35055
124,19,3.23492
124,20,3.13996
124,21,3.0619
124,22,2.99733
124,23,2.94322
124,24,2.89686
124,25,2.85586
124,26,2.81812
124,27,2.7818
124,28,2.74531
124,29,2.70728
124,30,2.66653
124,31,2.62206
124,32,2.57306
124,33,2.51883
124,34,2.45884
124,35,2.39266
124,36,2.32001
124,37,2.24069
124,38,2.15461
124,39,2.06175
124,40,1.96217
124,41,1.85596
124,42,1.74331
124,43,1.62448
124,44,1.49987
124,45,1.3698
124,46,1.23453
124,47,1.09439
124,48,0.949877
124,49,0.801472
124,50,0.649276
124,51,0.493345
124,52,0.334008
124,53,0.171726
124,54,0.00697314
124,55,-0.159993
124,56,-0.328712
124,57,-0.498764
124,58,-0.669824
124,59,-0.841524
124,60,-1.01318
124,61,-1.18408
124,62,-1.35372
124,63,-1.52178
124,64,-1.68784
124,65,-1.85141
124,66,-2.01208
124,67,-2.16949
124,68,-2.32325
124,69,-2.47301
124,70,-2.6184
124,71,-2.75913
124,72,-2.89487
124,73,-3.02535
124,74,-3.1503
124,75,-3.26947
124,76,-3.38263
124,77,-3.48957
124,78,-3.59007
124,79,-3.68396
124,80,-3.77106
124,81,-3.8512
124,82,-3.92425
124,83,-3.99007
124,84,-4.04853
124,85,-4.0995
124,86,-4.14288
124,87,-4.17856
124,88,-4.20643
124,89,-4.22637
124,90,-4.23828
124,91,-4.24202
124,92,-4.23745
124,93,-4.22441
124,94,-4.20272
124,95,-4.17216
124,96,-4.13246
124,97,-4.08332
124,98,-4.02436
124,99,-3.95515
124,100,-3.87517
124,101,-3.7838
124,102,-3.68031
124,103,-3.56385
124,104,-3.43343
124,105,-3.28792
124,106,-3.12604
124,107,-2.94637
124,108,-2.74736
124,109,-2.52744
124,110,-2.2852
124,111,-2.02009
124,112,-1.73237
124,113,-1.42348
124,114,-1.09683
124,115,-0.758327
124,116,-0.417134
124,117,-0.0866328
124,118,0.214728
124,119,0.459883
124,120,0.609918
124,121,0.60931
124,122,0.378559
124,123,-0.19144
124,124,-1.22873
124,125,-2.8357
124,126,-4.73678
124,127,-5.65741
124,128,0
125,0,0
125,1,8.54379
125,2,10.0705
125,3,9.61547
125,4,8.58673
125,5,7.5055
125,6,6.52466
125,7,5.67995
125,8,4.96758
125,9,4.37265
125,10,3.87876
125,11,3.47074
125,12,3.1353
125,13,2.8612
125,14,2.63889
125,15,2.46029
125,16,2.31843
125,17,2.20732
125,18,2.12178
125,19,2.05737
125,20,2.01001
125,21,1.97584
125,22,1.9514
125,23,1.93369
125,24,1.92008
125,25,1.9083
125,26,1.8964
125,27,1.8827
125,28,1.8658
125,29,1.8445
125,30,1.8178
125,31,1.78491
125,32,1.74518
125,33,1.6981
125,34,1.6433
125,35,1.58053
125,36,1.50964
125,37,1.43059
125,38,1.34345
125,39,1.24839
125,40,1.14558
125,41,1.03526
125,42,0.917743
125,43,0.793484
125,44,0.663092
125,45,0.527007
125,46,0.385384
125,47,0.238468
125,48,0.0866684
125,49,-0.0693603
125,50,-0.228958
125,51,-0.39174
125,52,-0.557267
125,53,-0.725117
125,54,-0.89502
125,55,-1.0664
125,56,-1.23837
125,57,-1.4103
125,58,-1.58174
125,59,-1.75226
125,60,-1.92136
125,61,-2.08851
125,62,-2.25326
125,63,-2.41523
125,64,-2.57403
125,65,-2.72924
125,66,-2.88048
125,67,-3.02741
125,68,-3.16972
125,69,-3.30708
125,70,-3.43922
125,71,-3.56587
125,72,-3.68678
125,73,-3.80173
125,74,-3.91049
125,75,-4.01289
125,76,-4.10872
125,77,-4.19782
125,78,-4.28003
125,79,-4.35519
125,80,-4.42317
125,81,-4.48382
125,82,-4.53702
125,83,-4.58262
125,84,-4.62051
125,85,-4.65054
125,86,-4.67257
125,87,-4.68644
125,88,-4.692
125,89,-4.68903
125,90,-4.67733
125,91,-4.65663
125,92,-4.62662
125,93,-4.58696
125,94,-4.53722
125,95,-4.47687
125,96,-4.40533
125,97,-4.32187
125,98,-4.22563
125,99,-4.11558
125,100,-3.99051
125,101,-3.84897
125,102,-3.68926
125,103,-3.50935
125,104,-3.30687
125,105,-3.07901
125,106,-2.82249
125,107,-2.53343
125,108,-2.2073
125,109,-1.83888
125,110,-1.42258
125,111,-0.953948
125,112,-0.42957
125,113,0.15243
125,114,0.79063
125,115,1.48268
125,116,2.22319
125,117,3.00258
125,118,3.80571
125,119,4.60967
125,120,5.38019
125,121,6.06597
125,122,6.5892
125,123,6.83113
125,124,6.61322
125,125,5.67635
125,126,3.77442
125,127,0.746616
125,128,0
126,0,0
126,1,9.31825
126,2,9.24871
126,3,7.75631
126,4,6.28938
126,5,5.07807
126,6,4.12161
126,7,3.3735
126,8,2.78847
126,9,2.33044
126,10,1.97213
126,11,1.69296
126,12,1.47722
126,13,1.3127
126,14,1.18973
126,15,1.10047
126,16,1.03849
126,17,0.99846
126,18,0.975948
126,19,0.967306
126,20,0.969086
126,21,0.977884
126,22,0.99086
126,23,1.00564
126,24,1.02024
126,25,1.03296
126,26,1.04239
126,27,1.04737
126,28,1.0469
126,29,1.04023
126,30,1.02671
126,31,1.0059
126,32,0.977427
126,33,0.941076
126,34,0.896711
126,35,0.844292
126,36,0.78386
126,37,0.715538
126,38,0.63955
126,39,0.556136
126,40,0.465449
126,41,0.367653
126,42,0.263053
126,43,0.152058
126,44,0.0351153
126,45,-0.0875478
126,46,-0.215622
126,47,-0.348701
126,48,-0.486455
126,49,-0.628454
126,50,-0.773943
126,51,-0.922124
126,52,-1.07239
126,53,-1.22426
126,54,-1.37732
126,55,-1.53111
126,56,-1.68502
126,57,-1.83853
126,58,-1.99116
126,59,-2.14248
126,60,-2.29203
126,61,-2.43933
126,62,-2.58399
126,63,-2.7256
126,64,-2.86381
126,65,-2.99827
126,66,-3.12863
126,67,-3.25461
126,68,-3.37591
126,69,-3.49227
126,70,-3.60343
126,71,-3.70917
126,72,-3.80928
126,73,-3.90355
126,74,-3.99181
126,75,-4.07386
126,76,-4.14956
126,77,-4.21876
126,78,-4.28129
126,79,-4.33704
126,80,-4.38585
126,81,-4.42759
126,82,-4.46213
126,83,-4.48933
126,84,-4.50905
126,85,-4.52111
126,86,-4.52537
126,87,-4.52161
126,88,-4.50963
126,89,-4.48917
126,90,-4.45994
126,91,-4.42159
126,92,-4.37373
126,93,-4.31586
126,94,-4.24742
126,95,-4.16774
126,96,-4.07602
126,97,-3.97132
126,98,-3.85252
126,99,-3.71832
126,100,-3.56716
126,101,-3.39726
126,102,-3.20651
126,103,-2.99247
126,104,-2.75234
126,105,-2.48291
126,106,-2.18048
126,107,-1.84082
126,108,-1.459
126,109,-1.02904
126,110,-0.543906
126,111,0.00228119
126,112,0.6166
126,113,1.30533
126,114,2.07337
126,115,2.92413
126,116,3.85875
126,117,4.87513
126,118,5.96666
126,119,7.12033
126,120,8.31385
126,121,9.51104
126,122,10.6537
126,123,11.6471
126,124,12.3272
126,125,12.3994
126,126,11.232
126,127,7.2818
126,128,0
127,0,0
127,1,-2.10091
127,2,-1.99651
127,3,-1.71941
127,4,-1.47395
127,5,-1.30029
127,6,-1.18149
127,7,-1.09632
127,8,-1.02753
127,9,-0.963234
127,10,-0.896006
127,11,-0.821753
127,12,-0.738744
127,13,-0.646833
127,14,-0.546908
127,15,-0.440502
127,16,-0.329529
127,17,-0.216093
127,18,-0.102348
127,19,0.00968444
127,20,0.118452
127,21,0.221486
127,22,0.316688
127,23,0.402294
127,24,0.476852
127,25,0.53919
127,26,0.588392
127,27,0.623771
127,28,0.644842
127,29,0.651298
127,30,0.642988
127,31,0.619894
127,32,0.582114
127,33,0.529842
127,34,0.463354
127,35,0.382992
127,36,0.289153
127,37,0.182279
127,38,0.0628804
127,39,-0.0681114
127,40,-0.209515
127,41,-0.36047
127,42,-0.520126
127,43,-0.68767
127,44,-0.862382
127,45,-1.04344
127,46,-1.22981
127,47,-1.42049
127,48,-1.61462
127,49,-1.81138
127,50,-2.00987
127,51,-2.20921
127,52,-2.40866
127,53,-2.60757
127,54,-2.80536
127,55,-3.00145
127,56,-3.19524
127,57,-3.38617
127,58,-3.57375
127,59,-3.75753
127,60,-3.93709
127,61,-4.11201
127,62,-4.28193
127,63,-4.44653
127,64,-4.60551
127,65,-4.75859
127,66,-4.90551
127,67,-5.04605
127,68,-5.17999
127,69,-5.30714
127,70,-5.42732
127,71,-5.54036
127,72,-5.64612
127,73,-5.74446
127,74,-5.83524
127,75,-5.91832
127,76,-5.9936
127,77,-6.06093
127,78,-6.12021
127,79,-6.17129
127,80,-6.21405
127,81,-6.24834
127,82,-6.274
127,83,-6.29086
127,84,-6.29871
127,85,-6.29734
127,86,-6.28648
127,87,-6.26582
127,88,-6.23499
127,89,-6.19358
127,90,-6.14107
127,91,-6.07687
127,92,-6.00024
127,93,-5.91034
127,94,-5.80614
127,95,-5.68641
127,96,-5.54969
127,97,-5.39422
127,98,-5.21792
127,99,-5.01827
127,100,-4.79226
127,101,-4.53628
127,102,-4.24601
127,103,-3.91622
127,104,-3.54063
127,105,-3.11164
127,106,-2.61999
127,107,-2.05436
127,108,-1.40073
127,109,-0.641742
127,110,0.241573
127,111,1.25695
127,112,2.41254
127,113,3.71725
127,114,5.17979
127,115,6.80773
127,116,8.60633
127,117,10.5771
127,118,12.7164
127,119,15.0131
127,120,17.4466
127,121,19.9833
127,122,22.5724
127,123,25.1383
127,124,27.5587
127,125,29.6409
127,126,30.7547
127,127,28.4271
127,128,0
128,0,0
128,1,0
128,2,0
128,3,0
128,4,0
128,5,0
128,6,0
128,7,0
128,8,0
128,9,0
128,10,0
128,11,0
128,12,0
128,13,0
128,14,0
128,15,0
128,16,0
128,17,0
128,18,0
128,19,0
128,20,0
128,21,0
128,22,0
128,23,0
128,24,0
128,25,0
128,26,0
128,27,0
128,28,0
128,29,0
128,30,0
128,31,0
128,32,0
128,33,0
128,34,0
128,35,0
128,36,0
128,37,0
128,38,0
128,39,0
128,40,0
128,41,0
128,42,0
128,43,0
128,44,0
128,45,0
128,46,0
128,47,0
128,48,0
128,49,0
128,50,0
128,51,0
128,52,0
128,53,0
128,54,0
128,55,0
128,56,0
128,57,0
128,58,0
128,59,0
128,60,0
128,61,0
128,62,0
128,63,0
128,64,0
128,65,0
128,66,0
128,67,0
128,68,0
128,69,0
128,70,0
128,71,0
128,72,0
128,73,0
128,74,0
128,75,0
128,76,0
128,77,0
128,78,0
128,79,0
128,80,0
128,81,0
128,82,0
128,83,0
128,84,0
128,85,0
128,86,0
128,87,0
128,88,0
128,89,0
128,90,0
128,91,0
128,92,0
128,93,0
128,94,0
128,95,0
128,96,0
128,97,0
128,98,0
128,99,0
128,100,0
128,101,0
128,102,0
128,103,0
128,104,0
128,105,0
128,106,0
128,107,0
128,108,0
128,109,0
128,110,0
128,111,0
128,112,0
128,113,0
128,114,0
128,115,0
128,116,0
128,117,0
128,118,0
128,119,0
128,120,0
128,121,0
128,122,0
128,123,0
128,124,0
128,125,0
128,126,0
128,127,0
128,128,0
